abb.co,unavailable
abbs.co,171.29
ace.co,unavailable
ache.co,unavailable
aches.co,428.24
adz.co,9882.72
adze.co,unavailable
aid.co,44472.26
aide.co,unavailable
aides.co,unavailable
aids.co,39529.58
ail.co,unavailable
ails.co,171.29
aim.co,unavailable
aims.co,unavailable
ain.co,unavailable
ain't.co,unavailable
airs.co,unavailable
airt.co,unavailable
airts.co,unavailable
aisle.co,unavailable
aisles.co,unavailable
ait.co,unavailable
aitch.co,unavailable
aits.co,171.29
ake.co,unavailable
akes.co,171.29
alb.co,unavailable
albs.co,171.29
ale.co,unavailable
ales.co,unavailable
alfa.co,unavailable
alfas.co,3292.92
alias.co,unavailable
all.co,unavailable
alms.co,unavailable
alp.co,unavailable
alps.co,unavailable
alt.co,32941.1
alts.co,unavailable
alum.co,unavailable
alums.co,unavailable
amp.co,unavailable
amps.co,176.29
and.co,unavailable
ands.co,unavailable
ane.co,unavailable
anes.co,171.29
angst.co,1712.99
angsts.co,16.99
ankh.co,unavailable
ankhs.co,16.99
ant.co,unavailable
ants.co,13835.81
ape.co,unavailable
apes.co,unavailable
apse.co,171.29
arch.co,unavailable
arcs.co,171.29
are.co,unavailable
aren't.co,unavailable
ares.co,19764.13
ark.co,unavailable
arks.co,unavailable
arm.co,unavailable
arms.co,unavailable
arts.co,unavailable
asp.co,unavailable
asps.co,unavailable
ate.co,unavailable
aught.co,unavailable
aughts.co,16.99
auk.co,39383.32
auks.co,unavailable
aune.co,unavailable
aunes.co,16.99
auto.co,unavailable
autos.co,unavailable
awe.co,unavailable
awes.co,171.29
awl.co,unavailable
awls.co,unavailable
awn.co,unavailable
awns.co,171.29
axe.co,65555.41
aye.co,unavailable
ayes.co,171.29
ayre.co,unavailable
ayres.co,unavailable
baas.co,unavailable
bade.co,unavailable
badge.co,unavailable
bael.co,unavailable
baels.co,16.99
baff.co,171.29
baffs.co,unavailable
bag.co,46118.7
bags.co,32941.1
baht.co,unavailable
bahts.co,85.64
bail.co,unavailable
bails.co,85.64
bairn.co,171.29
bairns.co,unavailable
bait.co,unavailable
baits.co,unavailable
baize.co,unavailable
bake.co,unavailable
bakes.co,unavailable
bale.co,unavailable
bales.co,171.29
balk.co,unavailable
balks.co,85.64
ban.co,unavailable
banc.co,unavailable
bancs.co,16.99
bane.co,unavailable
banes.co,328.11
bang.co,unavailable
bangs.co,13175.65
banns.co,85.64
bans.co,unavailable
bant.co,unavailable
bants.co,unavailable
bap.co,unavailable
baps.co,unavailable
barb.co,unavailable
barbe.co,unavailable
barbes.co,16.99
barbs.co,unavailable
barm.co,unavailable
barms.co,16.99
barque.co,3946.5
barques.co,unavailable
barre.co,unavailable
barred.co,unavailable
barres.co,unavailable
bash.co,unavailable
bast.co,171.29
baste.co,171.29
bastes.co,16.99
basts.co,16.99
bate.co,unavailable
bates.co,unavailable
bathe.co,unavailable
bathes.co,16.99
batt.co,unavailable
batts.co,657.53
baud.co,unavailable
bauds.co,16.99
baulk.co,unavailable
baulks.co,16.99
bawd.co,171.29
bawds.co,16.99
bawl.co,171.29
bawls.co,428.24
bead.co,unavailable
beads.co,unavailable
beak.co,unavailable
beaks.co,unavailable
beaut.co,unavailable
beauts.co,unavailable
beaux.co,unavailable
beech.co,unavailable
beep.co,unavailable
beeps.co,unavailable
beeves.co,unavailable
beg.co,unavailable
begs.co,171.29
beige.co,unavailable
belch.co,unavailable
belt.co,unavailable
belts.co,16471.21
bends.co,171.29
bene.co,9222.56
benes.co,171.29
bent.co,unavailable
bents.co,171.29
berk.co,unavailable
berks.co,171.29
berm.co,171.29
berms.co,428.24
berth.co,unavailable
berths.co,unavailable
bet.co,unavailable
bets.co,unavailable
bey.co,unavailable
beys.co,171.29
bhang.co,unavailable
bice.co,575.63
bid.co,unavailable
bids.co,unavailable
bield.co,657.53
bields.co,16.99
bier.co,unavailable
biers.co,unavailable
biff.co,unavailable
biffs.co,unavailable
bigg.co,unavailable
biggs.co,unavailable
bight.co,171.29
bights.co,16.99
bike.co,unavailable
bikes.co,unavailable
bile.co,unavailable
biles.co,unavailable
bilge.co,unavailable
bilk.co,171.29
bilks.co,16.99
bin.co,unavailable
bine.co,unavailable
bines.co,unavailable
binge.co,unavailable
bins.co,unavailable
biog.co,unavailable
biogs.co,16.99
birch.co,unavailable
birk.co,unavailable
birks.co,unavailable
birl.co,171.29
birls.co,16.99
birr.co,unavailable
birrs.co,16.99
birse.co,96.58
bise.co,unavailable
bish.co,unavailable
bisque.co,4596.13
bisques.co,16.99
bit.co,unavailable
bitch.co,unavailable
bite.co,unavailable
bites.co,unavailable
bits.co,unavailable
bitt.co,unavailable
bitts.co,2356.4
biz.co,unavailable
blab.co,9882.72
blabs.co,unavailable
blague.co,2619.58
blagues.co,3946.5
blah.co,unavailable
blahs.co,85.64
blain.co,unavailable
blains.co,16.99
blame.co,unavailable
blames.co,16.99
blare.co,unavailable
blares.co,16.99
bleach.co,16471.21
bleak.co,unavailable
bleaks.co,16.99
bleat.co,171.29
bleats.co,393.99
bleb.co,171.29
blebs.co,85.64
bleed.co,unavailable
bleeds.co,unavailable
bleep.co,unavailable
bleeps.co,unavailable
blend.co,unavailable
blende.co,96.58
blends.co,3689.55
blet.co,171.29
blets.co,16.99
blight.co,unavailable
blights.co,16.99
blimp.co,unavailable
blimps.co,unavailable
blink.co,unavailable
blinks.co,unavailable
blintz.co,16.99
blintze.co,16.99
blip.co,unavailable
blips.co,unavailable
bloat.co,428.24
bloats.co,16.99
blob.co,unavailable
blobs.co,unavailable
bloc.co,unavailable
blocs.co,unavailable
bloke.co,unavailable
blokes.co,2619.58
blond.co,1316.38
blonde.co,16471.21
blondes.co,unavailable
blonds.co,unavailable
bloom.co,unavailable
blooms.co,unavailable
blot.co,unavailable
blotch.co,2619.58
blots.co,85.64
blouse.co,unavailable
bludge.co,16.99
blues.co,19764.13
bluet.co,unavailable
bluff.co,unavailable
bluffs.co,154.26
blur.co,unavailable
blurb.co,unavailable
blurbs.co,6456.71
blurs.co,85.64
blush.co,unavailable
boar.co,unavailable
boars.co,unavailable
boart.co,unavailable
boarts.co,16.99
boast.co,unavailable
boasts.co,unavailable
boat.co,unavailable
boats.co,unavailable
bobs.co,unavailable
boche.co,85.64
bock.co,unavailable
bocks.co,unavailable
boff.co,171.29
boffs.co,16.99
bold.co,unavailable
bole.co,unavailable
boles.co,unavailable
bolt.co,unavailable
bolts.co,unavailable
bombe.co,unavailable
bombes.co,unavailable
bonce.co,164.71
bong.co,unavailable
bongs.co,unavailable
bonne.co,unavailable
bonze.co,96.58
boo.co,unavailable
boob.co,unavailable
boobs.co,unavailable
boom.co,unavailable
booms.co,171.29
boon.co,unavailable
boons.co,unavailable
boor.co,unavailable
boors.co,85.64
boos.co,unavailable
boost.co,unavailable
boosts.co,2635.39
boot.co,32941.1
boots.co,39529.58
booze.co,unavailable
bor.co,unavailable
bord.co,unavailable
bore.co,unavailable
bores.co,85.64
bors.co,171.29
borsch.co,658.85
borscht.co,unavailable
borschts.co,16.99
bort.co,unavailable
borts.co,16.99
bosh.co,32794.83
bosk.co,unavailable
bosks.co,16.99
botch.co,171.29
bots.co,unavailable
bott.co,unavailable
botte.co,unavailable
botts.co,unavailable
bouche.co,unavailable
bough.co,171.29
boughs.co,16.99
bouk.co,unavailable
bouks.co,16.99
boule.co,428.24
boules.co,unavailable
boulle.co,unavailable
boulles.co,16.99
bounce.co,unavailable
bound.co,unavailable
bounds.co,6587.17
bourg.co,unavailable
bourgs.co,16.99
bourn.co,unavailable
bourne.co,unavailable
bournes.co,1218.87
bourns.co,1976.54
bourse.co,1712.99
bout.co,unavailable
bouts.co,unavailable
bowls.co,unavailable
boy.co,unavailable
boys.co,unavailable
br'er.co,unavailable
bra.co,32941.1
brace.co,unavailable
brach.co,unavailable
bract.co,164.71
bracts.co,16.99
brae.co,unavailable
braes.co,unavailable
brag.co,unavailable
brags.co,85.64
braid.co,unavailable
braids.co,8235.6
brail.co,unavailable
brails.co,16.99
bras.co,575.63
brash.co,unavailable
brass.co,unavailable
brat.co,unavailable
brats.co,171.29
brave.co,unavailable
braves.co,unavailable
brawl.co,1475.69
brawls.co,unavailable
brawn.co,unavailable
bray.co,unavailable
brays.co,171.29
breadth.co,unavailable
breadths.co,16.99
breast.co,26352.62
breasts.co,65884.83
breath.co,unavailable
breaths.co,unavailable
brede.co,unavailable
bredes.co,16.99
bree.co,unavailable
breed.co,46119.38
breeds.co,5254.97
brees.co,unavailable
breeze.co,unavailable
breve.co,171.29
breves.co,16.99
brew.co,unavailable
brews.co,unavailable
bribe.co,unavailable
bribes.co,unavailable
brief.co,unavailable
briefs.co,unavailable
brim.co,unavailable
brims.co,unavailable
brine.co,428.24
brines.co,unavailable
brink.co,unavailable
brinks.co,unavailable
bro.co,unavailable
broach.co,575.63
broch.co,unavailable
brochs.co,16.99
brock.co,unavailable
brocks.co,125.49
brogh.co,16.99
broghs.co,16.99
brogue.co,unavailable
brogues.co,6456.71
broil.co,171.29
broils.co,16.99
broo.co,unavailable
brooch.co,unavailable
brood.co,unavailable
broods.co,unavailable
broom.co,1712.99
brooms.co,644.9
broos.co,unavailable
bros.co,unavailable
brose.co,unavailable
broth.co,unavailable
broths.co,16.99
brough.co,unavailable
broughs.co,16.99
brow.co,unavailable
brows.co,unavailable
browse.co,unavailable
bruise.co,1712.99
bruit.co,171.29
bruits.co,16.99
brume.co,unavailable
brumes.co,16.99
brunch.co,unavailable
brunt.co,unavailable
brunts.co,16.99
brute.co,2626.35
brutes.co,658.85
buff.co,unavailable
buffs.co,unavailable
bulb.co,unavailable
bulbs.co,unavailable
bum.co,unavailable
bumf.co,unavailable
bumfs.co,16.99
bumph.co,164.71
bumphs.co,16.99
bums.co,unavailable
bun.co,unavailable
bunch.co,unavailable
bung.co,unavailable
bungs.co,85.64
bunk.co,unavailable
bunks.co,unavailable
buns.co,147.57
bunt.co,6587.17
bunts.co,unavailable
buoy.co,unavailable
buoys.co,unavailable
burd.co,575.63
burds.co,unavailable
burg.co,unavailable
burgh.co,125.49
burghs.co,16.99
burgs.co,85.64
burk.co,6581.89
burks.co,unavailable
burn.co,unavailable
burns.co,unavailable
burp.co,39383.32
burps.co,unavailable
burse.co,unavailable
burst.co,unavailable
bursts.co,unavailable
busk.co,unavailable
busks.co,16.99
buss.co,171.29
bust.co,19765.45
busts.co,171.29
but.co,unavailable
buts.co,171.29
buzz.co,unavailable
bye.co,unavailable
byes.co,171.29
byre.co,171.29
byres.co,16.99
byte.co,unavailable
bytes.co,unavailable
cache.co,unavailable
caches.co,5123.2
cadge.co,85.64
caff.co,unavailable
caffs.co,16.99
cairn.co,unavailable
cairns.co,2626.35
cake.co,unavailable
cakes.co,32941.1
calf.co,unavailable
calfs.co,16.99
calif.co,unavailable
califs.co,16.99
calk.co,unavailable
calks.co,unavailable
calm.co,unavailable
calms.co,unavailable
calque.co,16.99
calques.co,16.99
calves.co,13.45
calx.co,171.29
came.co,unavailable
cames.co,unavailable
cangue.co,16.99
cangues.co,16.99
caps.co,unavailable
cards.co,unavailable
cark.co,171.29
carks.co,16.99
carp.co,unavailable
carps.co,unavailable
carse.co,unavailable
cart.co,unavailable
carts.co,11529.85
cask.co,unavailable
casks.co,unavailable
casque.co,unavailable
casques.co,3278.43
caste.co,unavailable
castes.co,16.99
cate.co,unavailable
cates.co,unavailable
caul.co,171.29
cauld.co,16.99
caulds.co,16.99
cauls.co,85.64
cave.co,unavailable
caves.co,unavailable
caw.co,39383.32
caws.co,171.29
cay.co,unavailable
cays.co,171.29
cease.co,4596.13
cent.co,unavailable
cento.co,unavailable
centos.co,unavailable
cents.co,unavailable
ceorl.co,16.99
ceorls.co,16.99
cep.co,unavailable
ceps.co,171.29
cere.co,171.29
ceres.co,unavailable
cert.co,796.18
certs.co,unavailable
cess.co,unavailable
cete.co,171.29
cetes.co,unavailable
chafe.co,171.29
chafes.co,16.99
chaff.co,unavailable
chaffs.co,16.99
chair.co,unavailable
chairs.co,unavailable
chaise.co,unavailable
chalk.co,unavailable
chalks.co,unavailable
champ.co,unavailable
champs.co,11711.69
chance.co,unavailable
chant.co,unavailable
chants.co,unavailable
chap.co,unavailable
chape.co,96.58
chapes.co,16.99
chaps.co,unavailable
chard.co,unavailable
chards.co,16.99
chark.co,unavailable
charks.co,16.99
charm.co,unavailable
charms.co,unavailable
charr.co,658.85
charrs.co,16.99
chart.co,unavailable
charts.co,unavailable
chasm.co,unavailable
chasms.co,unavailable
chat.co,unavailable
chats.co,39529.58
chaunt.co,16.99
chaunts.co,16.99
chaw.co,171.29
chaws.co,16.99
chay.co,171.29
chays.co,unavailable
cheap.co,unavailable
cheat.co,unavailable
cheats.co,unavailable
check.co,unavailable
checks.co,21412.57
cheek.co,unavailable
cheeks.co,unavailable
cheep.co,856.49
cheeps.co,16.99
cheer.co,unavailable
cheers.co,unavailable
chef.co,unavailable
chefs.co,unavailable
cheque.co,unavailable
cheques.co,2619.58
chert.co,unavailable
chess.co,unavailable
chi.co,unavailable
chiao.co,unavailable
chiaus.co,16.99
chic.co,unavailable
chield.co,16.99
chields.co,16.99
chill.co,unavailable
chills.co,unavailable
chimb.co,16.99
chimbs.co,16.99
chime.co,unavailable
chimes.co,unavailable
chimp.co,unavailable
chimps.co,unavailable
chinch.co,16.99
chine.co,unavailable
chines.co,2619.58
chintz.co,524.44
chirm.co,unavailable
chirms.co,16.99
chirp.co,unavailable
chirps.co,unavailable
chirr.co,unavailable
chirre.co,16.99
chirres.co,16.99
chirrs.co,16.99
chis.co,unavailable
chit.co,unavailable
chits.co,85.64
chiv.co,171.29
chive.co,unavailable
chives.co,1184.61
chivs.co,16.99
chock.co,unavailable
chocks.co,unavailable
choice.co,unavailable
choir.co,unavailable
choirs.co,1976.54
choke.co,19765.45
chokes.co,unavailable
chomp.co,unavailable
chomps.co,575.63
chon.co,unavailable
chook.co,unavailable
chooks.co,16.99
choom.co,unavailable
chooms.co,16.99
chore.co,unavailable
chores.co,unavailable
chose.co,unavailable
chott.co,16.99
chotts.co,16.99
chough.co,unavailable
choughs.co,16.99
chouse.co,unavailable
chrism.co,unavailable
chrisms.co,16.99
chub.co,1329.38
chubs.co,171.29
chuff.co,171.29
chuffs.co,16.99
chug.co,unavailable
chugs.co,171.29
chum.co,unavailable
chump.co,unavailable
chumps.co,unavailable
chums.co,unavailable
chunk.co,unavailable
chunks.co,unavailable
churl.co,unavailable
churls.co,16.99
churn.co,unavailable
churns.co,16.99
churr.co,1433.65
churrs.co,16.99
chute.co,unavailable
chutes.co,unavailable
chyle.co,164.71
chyme.co,unavailable
chypre.co,16.99
chypres.co,16.99
ciao.co,unavailable
ciaos.co,16.99
cig.co,unavailable
cigs.co,2626.35
cinch.co,unavailable
cinque.co,unavailable
cinques.co,16.99
cirque.co,unavailable
cirques.co,16.99
cist.co,unavailable
cists.co,16.99
cit.co,unavailable
cits.co,unavailable
clack.co,1761.76
clacks.co,unavailable
claim.co,unavailable
claims.co,6587.17
clam.co,unavailable
clamp.co,unavailable
clamps.co,179.5
clams.co,unavailable
clan.co,unavailable
clang.co,unavailable
clangs.co,16.99
clank.co,171.29
clanks.co,16.99
clans.co,unavailable
clap.co,unavailable
claps.co,unavailable
claque.co,unavailable
claques.co,16.99
clash.co,unavailable
clasp.co,unavailable
clasps.co,unavailable
clause.co,1969.96
clave.co,unavailable
claves.co,13.45
clean.co,unavailable
cleans.co,unavailable
cleat.co,unavailable
cleats.co,unavailable
cleck.co,16.99
clecks.co,16.99
cleek.co,393.99
cleeks.co,16.99
clef.co,unavailable
clefs.co,85.64
cleg.co,171.29
clegs.co,16.99
clench.co,unavailable
clerk.co,unavailable
clerks.co,unavailable
clew.co,6587.17
clews.co,164.71
clift.co,784.3
clifts.co,16.99
climb.co,unavailable
climbs.co,unavailable
clime.co,unavailable
climes.co,16.99
clinch.co,unavailable
cline.co,unavailable
clines.co,16.99
cling.co,unavailable
clings.co,6456.71
clink.co,unavailable
clinks.co,unavailable
clip.co,unavailable
clips.co,unavailable
clique.co,61784.16
cliques.co,171.29
cloak.co,unavailable
cloaks.co,unavailable
cloche.co,unavailable
cloches.co,16.99
clock.co,38872.5
clocks.co,8235.6
clod.co,unavailable
clods.co,85.64
clog.co,unavailable
clogs.co,unavailable
cloke.co,unavailable
clokes.co,16.99
clomp.co,85.64
clomps.co,16.99
clone.co,unavailable
clones.co,unavailable
clonk.co,unavailable
clonks.co,16.99
cloot.co,unavailable
cloots.co,16.99
clop.co,unavailable
clops.co,85.64
clot.co,19765.45
cloth.co,unavailable
clothes.co,32941.1
cloths.co,unavailable
clots.co,171.29
clou.co,unavailable
clous.co,unavailable
clout.co,unavailable
clouts.co,unavailable
clove.co,39372.78
cloves.co,5123.2
clown.co,19764.13
clowns.co,unavailable
cluck.co,unavailable
clucks.co,16.99
clue.co,unavailable
clues.co,unavailable
clump.co,unavailable
clumps.co,16.99
clunk.co,85.64
clunks.co,16.99
clutch.co,unavailable
coach.co,unavailable
coax.co,unavailable
coif.co,unavailable
coifs.co,16.99
coigne.co,16.99
coignes.co,16.99
coil.co,8235.6
coils.co,unavailable
coin.co,unavailable
coins.co,unavailable
coir.co,unavailable
coit.co,171.29
coll.co,unavailable
combe.co,1184.61
combes.co,652.26
comp.co,unavailable
comps.co,8417.45
compt.co,unavailable
conch.co,1969.96
conchs.co,16.99
cone.co,unavailable
cones.co,unavailable
conk.co,unavailable
conks.co,16.99
conte.co,unavailable
contes.co,unavailable
coo.co,unavailable
coof.co,171.29
coofs.co,16.99
cool.co,unavailable
cools.co,unavailable
coolth.co,6456.71
coom.co,unavailable
coomb.co,unavailable
coombs.co,unavailable
cooms.co,16.99
coon.co,unavailable
coons.co,85.64
coos.co,unavailable
coot.co,19765.45
coots.co,unavailable
cop.co,39529.58
cope.co,unavailable
copes.co,171.29
cops.co,unavailable
copse.co,171.29
cord.co,unavailable
cords.co,196.73
corf.co,171.29
corm.co,unavailable
corms.co,16.99
corpse.co,2898.93
corves.co,16.99
cose.co,unavailable
cosh.co,171.29
coss.co,unavailable
cote.co,unavailable
cotes.co,171.29
coth.co,unavailable
coths.co,16.99
couch.co,unavailable
coupe.co,unavailable
coupes.co,2619.58
course.co,32942.42
cove.co,unavailable
coves.co,85.64
coz.co,unavailable
coze.co,unavailable
crabs.co,19764.13
crack.co,unavailable
cracks.co,4596.13
crake.co,unavailable
crakes.co,16.99
cramp.co,856.49
cramps.co,unavailable
cran.co,unavailable
crank.co,unavailable
cranks.co,unavailable
crans.co,16.99
crap.co,unavailable
craps.co,unavailable
crare.co,unavailable
crares.co,16.99
cratch.co,16.99
crate.co,unavailable
crates.co,unavailable
craw.co,unavailable
crawl.co,unavailable
crawls.co,unavailable
craws.co,16.99
cray.co,unavailable
crays.co,16.99
craze.co,2935.56
creak.co,171.29
creaks.co,16.99
crease.co,4596.13
creed.co,unavailable
creeds.co,575.63
creep.co,unavailable
creeps.co,658.85
creese.co,unavailable
creesh.co,16.99
creole.co,unavailable
creoles.co,16.99
cress.co,unavailable
crest.co,unavailable
crests.co,1317.7
crew.co,unavailable
crews.co,unavailable
crib.co,unavailable
cribs.co,8235.6
cries.co,171.29
crimp.co,unavailable
crimps.co,16.99
crine.co,16.99
crines.co,16.99
cringe.co,unavailable
crisp.co,unavailable
crisps.co,unavailable
crit.co,unavailable
crits.co,7642.64
croak.co,6572.67
croaks.co,16.99
crock.co,unavailable
crocks.co,262.22
croft.co,unavailable
crofts.co,unavailable
crone.co,unavailable
crones.co,unavailable
crook.co,4596.13
crooks.co,unavailable
croon.co,171.29
croons.co,unavailable
crore.co,125.49
crores.co,16.99
crosse.co,unavailable
crotch.co,unavailable
crouch.co,19617.87
croup.co,428.24
croupe.co,16.99
croupes.co,16.99
croups.co,16.99
croze.co,unavailable
cru.co,unavailable
cruck.co,16.99
crucks.co,16.99
crud.co,4596.13
crude.co,unavailable
cruds.co,16.99
crumb.co,unavailable
crumbs.co,unavailable
crump.co,unavailable
crumps.co,16.99
crunch.co,24888.65
cruse.co,unavailable
crust.co,unavailable
crusts.co,16.99
crutch.co,96.58
crwth.co,16.99
crwths.co,16.99
cry.co,unavailable
crypt.co,unavailable
crypts.co,unavailable
cube.co,unavailable
cubes.co,unavailable
cud.co,unavailable
cuds.co,171.29
cue.co,unavailable
cues.co,unavailable
cuff.co,unavailable
cuffs.co,unavailable
cuif.co,171.29
cuifs.co,16.99
cuisse.co,16.99
culch.co,unavailable
cull.co,4596.13
culls.co,unavailable
cult.co,5256.28
cultch.co,16.99
cults.co,unavailable
cur.co,unavailable
curb.co,unavailable
curbs.co,171.29
curch.co,16.99
curd.co,unavailable
curds.co,85.64
cure.co,unavailable
cures.co,4124.39
curl.co,unavailable
curls.co,217.
curn.co,171.29
curns.co,16.99
curs.co,unavailable
curse.co,19765.45
curve.co,unavailable
curves.co,unavailable
cusk.co,171.29
cusks.co,16.99
cusp.co,unavailable
cusps.co,85.64
cuss.co,6572.67
cwm.co,unavailable
cwms.co,171.29
cyme.co,unavailable
cymes.co,16.99
cyst.co,unavailable
cysts.co,171.29
czar.co,unavailable
czars.co,85.64
dab.co,unavailable
dabs.co,65883.52
dace.co,unavailable
dad.co,unavailable
dads.co,unavailable
daff.co,unavailable
daffs.co,16.99
dah.co,unavailable
dahs.co,171.29
damn.co,unavailable
damned.co,789.3
damns.co,85.64
damp.co,21594.41
damps.co,85.64
dance.co,unavailable
dap.co,29648.17
daps.co,171.29
darg.co,171.29
dargs.co,16.99
darn.co,unavailable
darns.co,85.64
dart.co,unavailable
darts.co,2626.35
dash.co,unavailable
date.co,unavailable
dates.co,unavailable
daub.co,unavailable
daube.co,6456.71
daubs.co,unavailable
daud.co,unavailable
dauds.co,16.99
daw.co,13835.81
dawk.co,unavailable
dawks.co,16.99
daws.co,unavailable
days.co,unavailable
daze.co,2626.35
deaf.co,unavailable
deal.co,unavailable
deals.co,unavailable
dearth.co,unavailable
dearths.co,16.99
deed.co,6451.25
deeds.co,unavailable
deer.co,32941.1
def.co,2935.56
deil.co,171.29
deils.co,16.99
deme.co,9222.56
demes.co,96.58
dene.co,unavailable
denes.co,unavailable
dens.co,unavailable
dent.co,unavailable
dents.co,unavailable
derv.co,171.29
desk.co,26352.62
desks.co,unavailable
deuce.co,3953.9
dey.co,39383.32
deys.co,unavailable
dhak.co,171.29
dhaks.co,16.99
dhal.co,171.29
dhals.co,16.99
dhole.co,1969.96
dholes.co,16.99
dhow.co,unavailable
dhows.co,16.99
dial.co,26352.62
dials.co,unavailable
dice.co,unavailable
dict.co,unavailable
die.co,unavailable
dies.co,unavailable
dig.co,unavailable
digs.co,unavailable
dike.co,unavailable
dikes.co,171.29
ding.co,unavailable
dinge.co,unavailable
dings.co,unavailable
dint.co,unavailable
dints.co,16.99
dirge.co,85.64
dish.co,unavailable
disk.co,unavailable
disks.co,unavailable
dit.co,unavailable
ditch.co,unavailable
dits.co,unavailable
div.co,unavailable
divs.co,171.29
doc.co,unavailable
dock.co,unavailable
docks.co,unavailable
docs.co,unavailable
doek.co,171.29
doeks.co,16.99
doge.co,unavailable
doh.co,unavailable
dohs.co,171.29
doit.co,unavailable
doits.co,unavailable
dole.co,unavailable
doles.co,unavailable
dolt.co,171.29
dolts.co,16.99
dome.co,unavailable
domes.co,unavailable
don't.co,unavailable
dong.co,unavailable
dongs.co,171.29
dook.co,unavailable
dooks.co,16.99
doom.co,unavailable
dooms.co,85.64
door.co,unavailable
doors.co,unavailable
dop.co,unavailable
dope.co,unavailable
dopes.co,unavailable
dops.co,171.29
dor.co,6522.6
dorm.co,unavailable
dorms.co,unavailable
dorp.co,171.29
dorps.co,16.99
dors.co,unavailable
dorse.co,16.99
dos.co,unavailable
dose.co,unavailable
doss.co,unavailable
doubt.co,6588.48
doubts.co,unavailable
douc.co,171.29
douche.co,unavailable
douches.co,16.99
doucs.co,16.99
dough.co,unavailable
doughs.co,16.99
doup.co,171.29
doups.co,16.99
douse.co,unavailable
dowse.co,unavailable
doze.co,unavailable
drab.co,unavailable
drabs.co,16.99
drachm.co,16.99
drachms.co,16.99
draff.co,unavailable
draffs.co,16.99
drag.co,unavailable
drags.co,171.29
drail.co,unavailable
drails.co,16.99
drain.co,unavailable
drains.co,unavailable
dram.co,unavailable
drams.co,unavailable
drape.co,unavailable
drapes.co,unavailable
draught.co,171.29
draughts.co,171.29
draw.co,unavailable
drawl.co,unavailable
drawls.co,16.99
draws.co,3281.65
dray.co,unavailable
drays.co,16.99
dread.co,856.49
dreads.co,2132.3
dream.co,unavailable
dreams.co,39529.58
dreck.co,85.64
dredge.co,unavailable
dreg.co,171.29
dregs.co,171.29
drench.co,2619.58
drib.co,unavailable
dribs.co,85.64
drill.co,unavailable
drills.co,4596.13
drink.co,39529.58
drinks.co,unavailable
drip.co,unavailable
drips.co,unavailable
drive.co,unavailable
drives.co,unavailable
drogue.co,13.45
drogues.co,96.58
drone.co,unavailable
drones.co,unavailable
droob.co,16.99
droobs.co,16.99
drool.co,unavailable
drools.co,unavailable
droop.co,unavailable
droops.co,unavailable
dross.co,unavailable
drought.co,171.29
droughts.co,16.99
drove.co,unavailable
droves.co,unavailable
drowse.co,unavailable
drub.co,unavailable
drubs.co,16.99
drudge.co,unavailable
drunk.co,19764.13
drunks.co,unavailable
drupe.co,unavailable
drupes.co,unavailable
dryer.co,unavailable
dryers.co,644.9
dub.co,unavailable
dubs.co,171.29
duck.co,unavailable
ducks.co,11529.85
duct.co,13176.97
ducts.co,unavailable
dud.co,unavailable
dude.co,unavailable
dudes.co,unavailable
duds.co,unavailable
due.co,unavailable
dues.co,unavailable
dug.co,39383.32
dugs.co,171.29
dulse.co,85.64
dump.co,unavailable
dumps.co,171.29
dunce.co,unavailable
dunch.co,171.29
dune.co,unavailable
dunes.co,4596.13
dunk.co,unavailable
dunks.co,unavailable
dunt.co,171.29
dunts.co,16.99
dupe.co,unavailable
dupes.co,unavailable
dusk.co,unavailable
dusks.co,16.99
dux.co,unavailable
dwale.co,16.99
dwales.co,16.99
dwalm.co,16.99
dwalms.co,16.99
dwell.co,unavailable
dwells.co,unavailable
dye.co,13835.81
dyes.co,unavailable
dyke.co,171.29
dykes.co,171.29
dyne.co,unavailable
dynes.co,unavailable
dzo.co,unavailable
dzos.co,171.29
ease.co,15664.78
eath.co,171.29
eats.co,17123.47
eaves.co,unavailable
ebb.co,unavailable
ebbs.co,unavailable
echo.co,unavailable
edge.co,unavailable
edh.co,39383.32
edit.co,unavailable
edits.co,unavailable
eel.co,unavailable
eels.co,unavailable
eft.co,unavailable
efts.co,unavailable
eggs.co,26352.62
eight.co,unavailable
eighth.co,unavailable
eighths.co,16.99
eights.co,unavailable
eild.co,171.29
eld.co,unavailable
elds.co,unavailable
elect.co,unavailable
elects.co,625.91
elf.co,unavailable
elk.co,unavailable
elks.co,171.29
ell.co,unavailable
ells.co,unavailable
elm.co,unavailable
elms.co,unavailable
elves.co,unavailable
eme.co,unavailable
emes.co,unavailable
ene.co,unavailable
erg.co,unavailable
ergs.co,171.29
erk.co,unavailable
erks.co,171.29
ern.co,unavailable
erns.co,171.29
ess.co,unavailable
eta.co,unavailable
etas.co,unavailable
ewe.co,unavailable
ewes.co,171.29
eyes.co,26352.62
eyne.co,171.29
eyot.co,171.29
eyots.co,16.99
fact.co,unavailable
facts.co,3953.9
fade.co,unavailable
fades.co,171.29
fag.co,unavailable
fags.co,unavailable
fail.co,13835.81
faille.co,16.99
fails.co,unavailable
faint.co,unavailable
faints.co,16.99
fake.co,unavailable
fakes.co,428.24
falls.co,unavailable
falx.co,171.29
fame.co,unavailable
fames.co,unavailable
fane.co,unavailable
fanes.co,unavailable
far.co,296481.75
farce.co,171.29
fard.co,171.29
fards.co,16.99
fare.co,unavailable
fares.co,4282.5
farl.co,171.29
farls.co,16.99
farm.co,unavailable
farms.co,unavailable
fash.co,unavailable
fat.co,32941.1
fate.co,unavailable
fates.co,unavailable
fats.co,32942.42
fault.co,unavailable
faults.co,5123.2
faun.co,171.29
fir.co,unavailable
firm.co,unavailable
firms.co,unavailable
firn.co,unavailable
firns.co,unavailable
firs.co,unavailable
firth.co,unavailable
firths.co,16.99
fisc.co,unavailable
fiscs.co,16.99
fist.co,unavailable
fists.co,171.29
fit.co,unavailable
fits.co,unavailable
fives.co,13176.97
fix.co,unavailable
fizz.co,unavailable
fjord.co,unavailable
fjords.co,789.3
flab.co,unavailable
flabs.co,unavailable
flack.co,4596.13
flacks.co,16.99
flail.co,unavailable
flails.co,16.99
flair.co,unavailable
flairs.co,657.53
flake.co,unavailable
flakes.co,4611.94
flam.co,unavailable
flame.co,unavailable
flames.co,unavailable
flams.co,6456.71
flan.co,unavailable
flanch.co,16.99
flange.co,unavailable
flank.co,unavailable
flanks.co,16.99
flans.co,16.99
flap.co,19765.45
flaps.co,856.49
flare.co,32612.99
flares.co,unavailable
flask.co,unavailable
flasks.co,484.86
flats.co,26353.93
flaunch.co,16.99
flaunt.co,unavailable
flaunts.co,16.99
flaw.co,unavailable
flaws.co,unavailable
flax.co,unavailable
fleam.co,unavailable
fleams.co,16.99
fleck.co,unavailable
flecks.co,unavailable
fleece.co,unavailable
fleer.co,unavailable
fleers.co,16.99
flesh.co,unavailable
flew.co,unavailable
flews.co,16.99
flex.co,unavailable
flick.co,unavailable
flicks.co,unavailable
flinch.co,unavailable
fling.co,13175.65
flings.co,3294.24
flip.co,unavailable
flips.co,unavailable
flirt.co,unavailable
flirts.co,unavailable
flit.co,unavailable
flitch.co,unavailable
flite.co,unavailable
flites.co,16.99
flits.co,171.29
float.co,unavailable
floats.co,575.63
flock.co,unavailable
flocks.co,unavailable
floe.co,unavailable
floes.co,85.64
flong.co,6456.71
flongs.co,16.99
flop.co,unavailable
flops.co,unavailable
flor.co,unavailable
floss.co,unavailable
flounce.co,unavailable
flour.co,unavailable
flours.co,unavailable
flow.co,unavailable
flows.co,unavailable
flu.co,39529.58
flub.co,4596.13
flubs.co,85.64
flue.co,1329.38
flues.co,171.29
fluff.co,unavailable
fluffs.co,unavailable
fluke.co,unavailable
flukes.co,96.58
flume.co,unavailable
flumes.co,16.99
flump.co,unavailable
flumps.co,16.99
flunk.co,171.29
flunks.co,16.99
flus.co,unavailable
flush.co,unavailable
flute.co,unavailable
flutes.co,unavailable
foal.co,unavailable
foals.co,428.24
foam.co,unavailable
foams.co,unavailable
foe.co,unavailable
foehn.co,unavailable
foehns.co,16.99
foes.co,171.29
foil.co,unavailable
foils.co,unavailable
foin.co,171.29
foins.co,2619.58
fold.co,unavailable
folds.co,unavailable
fond.co,unavailable
fonds.co,unavailable
font.co,16471.21
fonts.co,19764.13
fool.co,unavailable
fools.co,856.49
fop.co,39383.32
fops.co,unavailable
forb.co,171.29
forbs.co,2619.58
fore.co,unavailable
fores.co,unavailable
forge.co,unavailable
fork.co,unavailable
forks.co,unavailable
forme.co,unavailable
formes.co,585.6
forte.co,unavailable
fortes.co,unavailable
fosse.co,unavailable
foul.co,6572.67
fouls.co,85.64
found.co,unavailable
founds.co,unavailable
fowl.co,unavailable
fowls.co,85.64
foy.co,39383.32
foys.co,171.29
frail.co,unavailable
frails.co,16.99
fraise.co,unavailable
franc.co,unavailable
francs.co,525.76
frass.co,unavailable
frat.co,19617.87
fratch.co,16.99
frats.co,171.29
frau.co,unavailable
fraud.co,unavailable
frauds.co,unavailable
fraught.co,171.29
fraus.co,16.99
fray.co,382.
frays.co,16.99
freak.co,11529.85
freaks.co,unavailable
freer.co,unavailable
freers.co,16.99
freeze.co,unavailable
freight.co,unavailable
freights.co,unavailable
fresh.co,unavailable
fret.co,unavailable
frets.co,unavailable
fridge.co,unavailable
fries.co,unavailable
frieze.co,unavailable
fright.co,unavailable
frights.co,11711.69
frill.co,unavailable
frills.co,unavailable
fris.co,unavailable
frisk.co,unavailable
frisks.co,16.99
frit.co,unavailable
frith.co,unavailable
friths.co,16.99
frits.co,unavailable
friz.co,unavailable
frizz.co,unavailable
frock.co,3953.9
frocks.co,196.73
froe.co,171.29
froes.co,unavailable
frond.co,unavailable
fronds.co,unavailable
frounce.co,16.99
frow.co,unavailable
frown.co,4596.13
frowns.co,16.99
frows.co,16.99
frowst.co,16.99
frowsts.co,16.99
frump.co,unavailable
frumps.co,16.99
fudge.co,unavailable
fug.co,39383.32
fugs.co,171.29
fugue.co,unavailable
fugues.co,16.99
fun.co,unavailable
fund.co,unavailable
funds.co,unavailable
funs.co,5264.2
furl.co,unavailable
furls.co,16.99
furze.co,85.64
fuse.co,unavailable
fuss.co,unavailable
fuze.co,unavailable
fuzz.co,unavailable
fyke.co,171.29
fykes.co,16.99
fyrd.co,unavailable
fyrds.co,16.99
fytte.co,16.99
fyttes.co,unavailable
gab.co,32678.88
gabs.co,unavailable
gaff.co,unavailable
gaffe.co,unavailable
gaffes.co,16.99
gaffs.co,85.64
gag.co,32942.42
gags.co,unavailable
gain.co,unavailable
gains.co,unavailable
gait.co,unavailable
gaits.co,171.29
gam.co,unavailable
gamb.co,6535.78
gambs.co,6456.71
gamp.co,171.29
gamps.co,16.99
gams.co,171.29
gang.co,26352.62
gangs.co,247.68
gangue.co,16.99
gangues.co,16.99
gaol.co,171.29
gaols.co,16.99
gap.co,unavailable
gape.co,171.29
gapes.co,85.64
gaps.co,6456.71
garb.co,unavailable
garbs.co,unavailable
gare.co,171.29
gash.co,unavailable
gasp.co,unavailable
gasps.co,171.29
gat.co,unavailable
gats.co,unavailable
gaud.co,unavailable
gauds.co,16.99
gauge.co,unavailable
gaur.co,171.29
gaurs.co,16.99
gauze.co,856.49
gawk.co,388.72
gawks.co,16.99
gaze.co,unavailable
gean.co,unavailable
geans.co,16.99
geck.co,unavailable
gecks.co,16.99
gee.co,unavailable
geek.co,17128.74
geeks.co,unavailable
gees.co,171.29
geese.co,856.49
gel.co,32942.42
geld.co,unavailable
gelds.co,16.99
gels.co,unavailable
gelt.co,unavailable
gelts.co,16.99
gem.co,unavailable
gems.co,unavailable
gens.co,unavailable
gents.co,465.35
gest.co,unavailable
geste.co,6456.71
gestes.co,16.99
gests.co,16.99
ghat.co,unavailable
ghats.co,16.99
ghaut.co,16.99
ghauts.co,16.99
ghee.co,575.63
ghees.co,16.99
ghost.co,unavailable
ghosts.co,unavailable
ghoul.co,unavailable
ghouls.co,unavailable
ghyll.co,16.99
ghylls.co,16.99
giaour.co,16.99
giaours.co,16.99
gibe.co,171.29
gibes.co,85.64
gid.co,39383.32
gift.co,unavailable
gifts.co,unavailable
gig.co,unavailable
gigs.co,unavailable
gigue.co,171.29
gigues.co,16.99
gild.co,unavailable
gilds.co,16.99
gilt.co,unavailable
gilts.co,85.64
gimp.co,6535.78
gimps.co,85.64
gink.co,171.29
ginks.co,16.99
gip.co,unavailable
gips.co,unavailable
gird.co,171.29
girds.co,16.99
girn.co,171.29
girns.co,16.99
girth.co,171.29
girths.co,16.99
gist.co,unavailable
gists.co,171.29
git.co,unavailable
gits.co,6456.71
glade.co,unavailable
glades.co,unavailable
glair.co,unavailable
glairs.co,16.99
glaive.co,unavailable
glance.co,unavailable
glans.co,171.29
glare.co,unavailable
glares.co,658.85
glaze.co,unavailable
gleam.co,unavailable
gleams.co,1976.54
glebe.co,unavailable
glebes.co,16.99
glede.co,unavailable
gledes.co,16.99
gleed.co,unavailable
gleeds.co,unavailable
gleek.co,unavailable
gleeks.co,16.99
gleet.co,164.71
gleets.co,16.99
gley.co,unavailable
gleys.co,16.99
glide.co,unavailable
glides.co,unavailable
gliff.co,unavailable
gliffs.co,16.99
glim.co,unavailable
glimpse.co,unavailable
glims.co,16.99
glint.co,unavailable
glints.co,unavailable
glisk.co,16.99
glisks.co,16.99
gloat.co,unavailable
gloats.co,16.99
glob.co,unavailable
globs.co,171.29
glogg.co,164.71
gloggs.co,16.99
gloom.co,unavailable
glooms.co,16.99
glop.co,171.29
glops.co,16.99
gloss.co,unavailable
gloze.co,525.76
glue.co,unavailable
glues.co,unavailable
glume.co,1969.96
glumes.co,16.99
glut.co,unavailable
gluts.co,1647.12
glyph.co,unavailable
glyphs.co,unavailable
gnarl.co,85.64
gnarls.co,16.99
gnash.co,171.29
gnat.co,unavailable
gnats.co,171.29
gnaw.co,19765.45
gnaws.co,16.99
gneiss.co,unavailable
gnome.co,unavailable
gnomes.co,4596.13
gnu.co,unavailable
gnus.co,unavailable
goad.co,unavailable
goads.co,85.64
goaf.co,171.29
goafs.co,unavailable
gob.co,unavailable
gobs.co,unavailable
golf.co,unavailable
golfs.co,6588.48
golp.co,171.29
golps.co,16.99
gong.co,unavailable
gongs.co,unavailable
gonk.co,unavailable
gonks.co,16.99
goo.co,32941.1
goof.co,171.29
goofs.co,unavailable
goog.co,unavailable
googs.co,unavailable
goon.co,5929.63
goons.co,171.29
goop.co,unavailable
goops.co,unavailable
goos.co,unavailable
gore.co,unavailable
gores.co,unavailable
gorge.co,856.49
gorse.co,unavailable
gouache.co,unavailable
gouaches.co,16.99
gouge.co,171.29
gourd.co,unavailable
gourde.co,3278.43
gourdes.co,16.99
gourds.co,16.99
gout.co,176.29
gouts.co,171.29
goutte.co,16.99
gouttes.co,16.99
gowd.co,171.29
gowds.co,16.99
gowk.co,171.29
gowks.co,16.99
gown.co,unavailable
gowns.co,unavailable
goy.co,unavailable
goys.co,171.29
grab.co,unavailable
grabs.co,unavailable
grad.co,3865.62
grads.co,unavailable
grail.co,unavailable
grails.co,unavailable
gramme.co,unavailable
grammes.co,unavailable
grapes.co,unavailable
grasp.co,unavailable
grasps.co,16.99
grate.co,unavailable
grates.co,unavailable
grave.co,unavailable
graves.co,unavailable
graze.co,2634.8
greave.co,16.99
greaves.co,unavailable
grebe.co,19617.87
grebes.co,16.99
gree.co,13175.65
greed.co,79.62
greeds.co,16.99
greenth.co,16.99
grees.co,16.99
greet.co,unavailable
greets.co,575.63
greige.co,unavailable
grice.co,171.29
gride.co,171.29
grides.co,16.99
grief.co,unavailable
griefs.co,16.99
griff.co,unavailable
griffe.co,2619.58
griffes.co,16.99
griffs.co,unavailable
grift.co,unavailable
grifts.co,16.99
grig.co,unavailable
grigs.co,unavailable
grill.co,39529.58
grille.co,96.58
grilles.co,unavailable
grills.co,6456.71
grilse.co,16.99
grime.co,unavailable
grimes.co,unavailable
grin.co,unavailable
grind.co,unavailable
grinds.co,unavailable
grins.co,171.29
grip.co,unavailable
grippe.co,unavailable
grips.co,856.49
grist.co,unavailable
grists.co,16.99
grith.co,unavailable
griths.co,16.99
grits.co,unavailable
groan.co,unavailable
groans.co,16.99
groat.co,unavailable
groats.co,unavailable
grog.co,65883.52
grogs.co,171.29
groin.co,428.24
groins.co,16.99
groom.co,13175.65
grooms.co,unavailable
groove.co,unavailable
grooves.co,unavailable
grope.co,171.29
gropes.co,16.99
grot.co,171.29
grots.co,unavailable
grouch.co,171.29
grouse.co,unavailable
grout.co,4596.13
grouts.co,16.99
growl.co,unavailable
growls.co,16.99
growth.co,unavailable
growths.co,658.85
groyne.co,16.99
groynes.co,16.99
grub.co,unavailable
grubs.co,171.29
grudge.co,unavailable
grume.co,unavailable
grumes.co,16.99
grump.co,1711.69
grumps.co,96.58
grunt.co,unavailable
grunts.co,16.99
grutch.co,16.99
guan.co,unavailable
guans.co,unavailable
guar.co,171.29
guard.co,19765.45
guards.co,unavailable
guars.co,16.99
guck.co,unavailable
guess.co,unavailable
guff.co,unavailable
guffs.co,16.99
guile.co,171.29
guiles.co,16.99
guilt.co,unavailable
guilts.co,unavailable
guimpe.co,16.99
guimpes.co,16.99
gulch.co,unavailable
gules.co,unavailable
gull.co,5269.47
gulls.co,171.29
gulp.co,19617.87
gulps.co,428.24
gunge.co,unavailable
gunk.co,25695.8
gunks.co,16.99
guns.co,unavailable
gur.co,unavailable
gurge.co,16.99
gush.co,unavailable
gust.co,unavailable
gusts.co,85.64
gut.co,unavailable
guts.co,unavailable
guv.co,unavailable
gybe.co,unavailable
gybes.co,16.99
gym.co,unavailable
gyms.co,unavailable
gyp.co,unavailable
gyps.co,unavailable
gyre.co,unavailable
gyres.co,16.99
gyve.co,171.29
gyves.co,16.99
haaf.co,unavailable
haafs.co,16.99
haar.co,unavailable
haars.co,16.99
hade.co,unavailable
hades.co,1311.11
hadj.co,unavailable
haem.co,unavailable
haet.co,171.29
haets.co,16.99
haft.co,unavailable
hafts.co,16.99
haick.co,16.99
haicks.co,16.99
haik.co,unavailable
haiks.co,16.99
hajj.co,unavailable
hake.co,unavailable
hakes.co,unavailable
halm.co,unavailable
halms.co,16.99
halt.co,unavailable
halts.co,171.29
halves.co,unavailable
hame.co,171.29
hames.co,unavailable
han't.co,unavailable
hance.co,unavailable
hands.co,unavailable
hap.co,unavailable
haps.co,unavailable
harl.co,unavailable
harls.co,16.99
harm.co,unavailable
harms.co,unavailable
harp.co,unavailable
harps.co,unavailable
hash.co,unavailable
hask.co,171.29
hasp.co,171.29
hasps.co,85.64
haste.co,unavailable
hastes.co,16.99
hat.co,39529.58
hatch.co,unavailable
hate.co,unavailable
hates.co,171.29
hats.co,39529.58
haugh.co,unavailable
haughs.co,16.99
haul.co,unavailable
haulm.co,164.71
haulms.co,16.99
hauls.co,171.29
haunch.co,16.99
haunt.co,unavailable
haunts.co,unavailable
have.co,39529.58
haves.co,unavailable
haw.co,39383.32
hawk.co,unavailable
hawks.co,unavailable
haws.co,unavailable
hawse.co,164.71
haze.co,39524.31
he'd.co,unavailable
heald.co,unavailable
healds.co,16.99
heap.co,unavailable
heaps.co,unavailable
hearse.co,2619.58
hearth.co,unavailable
hearths.co,6456.71
hearts.co,32941.1
heaume.co,16.99
heaumes.co,16.99
heave.co,unavailable
heaves.co,16.99
heck.co,unavailable
hecks.co,unavailable
heed.co,unavailable
heeds.co,85.64
heel.co,13835.81
heels.co,unavailable
heft.co,unavailable
hefts.co,16.99
heigh.co,171.29
heighs.co,16.99
height.co,unavailable
heights.co,unavailable
heist.co,unavailable
heists.co,16.99
helm.co,unavailable
helms.co,unavailable
help.co,unavailable
helps.co,6456.71
helve.co,164.71
helves.co,unavailable
hem.co,unavailable
heme.co,171.29
hemes.co,6456.71
hems.co,171.29
henge.co,unavailable
hent.co,171.29
here.co,26353.93
herl.co,171.29
herls.co,16.99
hern.co,unavailable
herns.co,16.99
hest.co,unavailable
hests.co,unavailable
heugh.co,16.99
heughs.co,16.99
hex.co,269.39
hick.co,unavailable
hicks.co,unavailable
hide.co,unavailable
hides.co,unavailable
hike.co,unavailable
hikes.co,unavailable
hills.co,unavailable
hilt.co,unavailable
hilts.co,171.29
hin.co,39383.32
hinge.co,unavailable
hins.co,unavailable
hint.co,unavailable
hints.co,unavailable
hire.co,64419.55
hires.co,unavailable
hit.co,unavailable
hitch.co,unavailable
hits.co,unavailable
hive.co,unavailable
hives.co,unavailable
hoar.co,171.29
hoard.co,6587.17
hoards.co,6535.78
hoax.co,unavailable
hob.co,unavailable
hobs.co,6535.78
hock.co,unavailable
hocks.co,85.64
hoist.co,unavailable
hoists.co,unavailable
hole.co,19764.13
holes.co,unavailable
hone.co,unavailable
hones.co,171.29
hong.co,unavailable
hongs.co,6587.17
honk.co,unavailable
honks.co,unavailable
hoof.co,unavailable
hoofs.co,unavailable
hoop.co,unavailable
hoops.co,1311.11
hoot.co,unavailable
hootch.co,unavailable
hoots.co,unavailable
hooves.co,2619.58
hops.co,unavailable
horde.co,unavailable
hordes.co,unavailable
horst.co,unavailable
horsts.co,16.99
hose.co,26352.62
hotch.co,unavailable
hound.co,unavailable
hounds.co,unavailable
how.co,unavailable
howf.co,171.29
howff.co,unavailable
howffs.co,16.99
howfs.co,16.99
howl.co,unavailable
howls.co,unavailable
hows.co,unavailable
hoy.co,unavailable
hoys.co,171.29
hub.co,unavailable
hubs.co,unavailable
hue.co,unavailable
hues.co,unavailable
huff.co,unavailable
huffs.co,unavailable
hug.co,unavailable
hugs.co,6587.17
hulk.co,unavailable
hulks.co,3287.65
hum.co,unavailable
hump.co,19617.87
humps.co,171.29
hums.co,unavailable
hunch.co,unavailable
hunk.co,26352.62
hunks.co,unavailable
hurl.co,4596.13
hurls.co,unavailable
hurt.co,unavailable
hurts.co,856.49
husk.co,unavailable
husks.co,85.64
hutch.co,unavailable
hymn.co,unavailable
hymns.co,unavailable
hyp.co,unavailable
hype.co,unavailable
hypes.co,unavailable
hyps.co,unavailable
ich.co,39383.32
ide.co,51383.58
ides.co,4596.13
ilk.co,unavailable
ilks.co,171.29
inch.co,12353.41
incog.co,171.29
ink.co,65883.52
inks.co,unavailable
intro.co,unavailable
intros.co,unavailable
ism.co,unavailable
isms.co,1589.72
isn't.co,unavailable
it'll.co,unavailable
itch.co,unavailable
jab.co,unavailable
jabs.co,unavailable
jacks.co,unavailable
jade.co,unavailable
jades.co,unavailable
jak.co,unavailable
jakes.co,unavailable
jaks.co,171.29
jamb.co,171.29
jambs.co,85.64
james.co,unavailable
jap.co,unavailable
jape.co,unavailable
japes.co,16.99
japs.co,171.29
jar.co,unavailable
jarl.co,unavailable
jarls.co,16.99
jars.co,unavailable
jass.co,unavailable
jaunt.co,unavailable
jaunts.co,unavailable
jaup.co,171.29
jaups.co,16.99
jaw.co,unavailable
jaws.co,unavailable
jazz.co,unavailable
jeep.co,unavailable
jeeps.co,unavailable
jeer.co,unavailable
jeers.co,85.64
jell.co,unavailable
jells.co,16.99
jerk.co,unavailable
jerks.co,unavailable
jest.co,unavailable
jests.co,16.99
jeu.co,unavailable
jiao.co,unavailable
jiaos.co,16.99
jib.co,unavailable
jibe.co,unavailable
jibes.co,85.64
jibs.co,unavailable
jig.co,65737.25
jigs.co,171.29
jilt.co,unavailable
jilts.co,16.99
jink.co,unavailable
jinks.co,unavailable
jinn.co,unavailable
jinns.co,85.64
jive.co,unavailable
jives.co,171.29
jog.co,unavailable
jogs.co,unavailable
join.co,unavailable
joins.co,unavailable
joist.co,unavailable
joists.co,16.99
joke.co,6535.78
jokes.co,26352.62
jole.co,unavailable
joles.co,16.99
jolt.co,unavailable
jolts.co,unavailable
jook.co,unavailable
jooks.co,16.99
joss.co,unavailable
jot.co,unavailable
jots.co,unavailable
joual.co,16.99
jouk.co,171.29
jouks.co,16.99
jounce.co,unavailable
jour.co,unavailable
joust.co,19765.45
jousts.co,16.99
jow.co,unavailable
jowl.co,unavailable
jowls.co,428.24
jows.co,unavailable
jube.co,unavailable
jubes.co,unavailable
jug.co,78914.22
jugs.co,11529.85
jump.co,unavailable
jumps.co,856.49
junk.co,unavailable
junks.co,171.29
jut.co,unavailable
juts.co,171.29
kaif.co,unavailable
kaifs.co,16.99
kail.co,171.29
kails.co,16.99
kale.co,unavailable
kales.co,171.29
kame.co,unavailable
kames.co,85.64
kang.co,unavailable
kangs.co,16.99
kant.co,unavailable
kants.co,16.99
karst.co,unavailable
karsts.co,16.99
kart.co,unavailable
karts.co,unavailable
kas.co,unavailable
kat.co,unavailable
kats.co,unavailable
keck.co,unavailable
kecks.co,16.99
ked.co,13173.1
kedge.co,unavailable
keds.co,unavailable
keek.co,unavailable
keeks.co,unavailable
kef.co,unavailable
kefs.co,171.29
keg.co,unavailable
kegs.co,unavailable
keir.co,unavailable
keirs.co,16.99
kelp.co,unavailable
kelps.co,85.64
kerf.co,unavailable
kerfs.co,16.99
ketch.co,unavailable
kex.co,39383.32
khan.co,unavailable
khans.co,85.64
khat.co,unavailable
khats.co,16.99
kiaugh.co,16.99
kiaughs.co,16.99
kibe.co,171.29
kibes.co,16.99
kier.co,unavailable
kiers.co,unavailable
kif.co,unavailable
kifs.co,unavailable
kill.co,unavailable
kills.co,unavailable
kiln.co,unavailable
kilns.co,856.49
kilt.co,38213.2
kilts.co,38213.2
kin.co,unavailable
kind.co,unavailable
kinds.co,unavailable
kine.co,unavailable
kink.co,unavailable
kinks.co,171.29
kins.co,unavailable
kip.co,unavailable
kips.co,unavailable
kirn.co,171.29
kirns.co,16.99
kirsch.co,unavailable
kiss.co,unavailable
kist.co,171.29
kists.co,16.99
kith.co,unavailable
kiths.co,16.99
kitsch.co,unavailable
klepht.co,16.99
klephts.co,16.99
kloof.co,2619.58
kloofs.co,16.99
klutz.co,unavailable
knack.co,unavailable
knacks.co,unavailable
knag.co,171.29
knags.co,16.99
knap.co,unavailable
knaps.co,16.99
knar.co,171.29
knars.co,16.99
knave.co,171.29
knaves.co,unavailable
knee.co,32941.1
kneel.co,unavailable
kneels.co,16.99
knees.co,unavailable
knell.co,171.29
knells.co,16.99
knish.co,85.64
knit.co,unavailable
knits.co,unavailable
knives.co,12353.41
knob.co,unavailable
knobs.co,unavailable
knoll.co,unavailable
knolls.co,16.99
knop.co,unavailable
knops.co,unavailable
knosp.co,16.99
knosps.co,16.99
knout.co,85.64
knouts.co,16.99
know.co,unavailable
knowe.co,unavailable
knowes.co,unavailable
knows.co,unavailable
knur.co,171.29
knurl.co,unavailable
knurls.co,6456.71
knurs.co,16.99
kob.co,39383.32
kobs.co,unavailable
kohl.co,unavailable
kook.co,unavailable
kooks.co,unavailable
kop.co,39383.32
koph.co,171.29
kophs.co,16.99
kraal.co,unavailable
kraals.co,16.99
kraft.co,unavailable
krait.co,1969.96
kraits.co,16.99
krans.co,unavailable
krill.co,unavailable
krills.co,16.99
kris.co,unavailable
kutch.co,unavailable
kvass.co,unavailable
kyat.co,unavailable
kyats.co,16.99
kyte.co,unavailable
kytes.co,unavailable
kyu.co,unavailable
kyus.co,171.29
lack.co,unavailable
lacks.co,856.49
lad.co,unavailable
lads.co,unavailable
lah.co,13173.1
lahs.co,171.29
laigh.co,16.99
laighs.co,16.99
lair.co,unavailable
lairs.co,85.64
laith.co,unavailable
lakh.co,unavailable
lakhs.co,unavailable
lame.co,unavailable
lames.co,85.64
langue.co,unavailable
langues.co,6456.71
lapse.co,4596.13
lar.co,unavailable
larch.co,6588.48
lard.co,unavailable
lards.co,16.99
lark.co,unavailable
larks.co,unavailable
lash.co,unavailable
lass.co,unavailable
latch.co,unavailable
lath.co,unavailable
lathe.co,unavailable
lathes.co,unavailable
laths.co,16.99
lauds.co,85.64
launce.co,16.99
lav.co,unavailable
lavs.co,171.29
laze.co,unavailable
lea.co,unavailable
leach.co,1969.96
leak.co,unavailable
leaks.co,856.49
lean.co,unavailable
leans.co,unavailable
leap.co,unavailable
leaps.co,unavailable
leas.co,unavailable
lease.co,unavailable
leash.co,unavailable
leat.co,unavailable
leats.co,16.99
leaves.co,15664.78
ledge.co,24283.83
leech.co,unavailable
leek.co,unavailable
leeks.co,unavailable
leer.co,unavailable
leers.co,85.64
lees.co,unavailable
leet.co,unavailable
leets.co,2356.4
left.co,3865.62
lefts.co,85.64
lehr.co,171.29
lehrs.co,16.99
lei.co,unavailable
leis.co,171.29
lem.co,9882.72
length.co,15664.78
lengths.co,unavailable
lens.co,unavailable
less.co,unavailable
letch.co,164.71
ley.co,unavailable
leys.co,171.29
liang.co,unavailable
liangs.co,16.99
lice.co,13176.97
lich.co,unavailable
licht.co,unavailable
lichts.co,16.99
lid.co,unavailable
lids.co,unavailable
lied.co,171.29
liege.co,428.24
lien.co,unavailable
liens.co,4282.5
lieu.co,unavailable
lieus.co,16.99
lift.co,unavailable
lifts.co,1712.99
ligne.co,unavailable
lignes.co,unavailable
like.co,unavailable
likes.co,unavailable
lilt.co,unavailable
lilts.co,16.99
limb.co,unavailable
limbs.co,171.29
limp.co,8417.45
limps.co,85.64
linch.co,16.99
ling.co,unavailable
lings.co,unavailable
links.co,unavailable
linn.co,unavailable
linns.co,unavailable
lint.co,4596.13
lints.co,unavailable
lisp.co,unavailable
lisps.co,16.99
lit.co,unavailable
litho.co,unavailable
lithos.co,unavailable
lives.co,unavailable
loach.co,unavailable
loads.co,1329.38
loaf.co,unavailable
loafs.co,unavailable
loam.co,125.49
loams.co,85.64
loaves.co,6456.71
lob.co,unavailable
lobe.co,unavailable
lobes.co,unavailable
lobs.co,unavailable
loch.co,4596.13
lochs.co,85.64
lode.co,unavailable
lodes.co,85.64
loft.co,unavailable
lofts.co,39529.58
log.co,unavailable
loge.co,unavailable
logs.co,unavailable
loin.co,171.29
loins.co,171.29
loll.co,unavailable
lolls.co,16.99
longe.co,96.58
loo.co,unavailable
loof.co,unavailable
loofs.co,16.99
loom.co,unavailable
looms.co,unavailable
loon.co,unavailable
loons.co,unavailable
loos.co,unavailable
loot.co,unavailable
loots.co,unavailable
lop.co,39383.32
lope.co,unavailable
lopes.co,unavailable
lops.co,843.33
lore.co,unavailable
lores.co,85.64
lote.co,unavailable
lotes.co,unavailable
lots.co,unavailable
lough.co,unavailable
loughs.co,16.99
loup.co,unavailable
loupe.co,unavailable
loupes.co,unavailable
loups.co,16.99
louse.co,unavailable
lout.co,unavailable
louts.co,unavailable
lown.co,unavailable
lowns.co,16.99
lox.co,13176.97
lube.co,unavailable
lubes.co,unavailable
luck.co,46118.7
lucks.co,5782.5
lud.co,1712.99
luds.co,171.29
luff.co,unavailable
luffs.co,16.99
luge.co,unavailable
luke.co,unavailable
lull.co,unavailable
lulls.co,171.29
lump.co,575.63
lumps.co,unavailable
lunch.co,unavailable
lune.co,unavailable
lunes.co,171.29
lung.co,unavailable
lunge.co,6588.48
lungs.co,unavailable
lur.co,unavailable
lurch.co,unavailable
lure.co,unavailable
lures.co,unavailable
lurk.co,unavailable
lurks.co,85.64
lurs.co,171.29
lush.co,unavailable
lust.co,unavailable
lusts.co,171.29
lute.co,unavailable
lutes.co,85.64
luxe.co,unavailable
lye.co,unavailable
lyes.co,171.29
lymph.co,unavailable
lymphs.co,16.99
lyre.co,unavailable
lyres.co,unavailable
ma'am.co,unavailable
maar.co,unavailable
maars.co,unavailable
mack.co,unavailable
macks.co,575.63
mage.co,unavailable
maim.co,unavailable
maims.co,16.99
mains.co,unavailable
mair.co,unavailable
maize.co,unavailable
mall.co,2114.64
malls.co,13147.98
malm.co,unavailable
malms.co,16.99
mam.co,unavailable
mams.co,171.29
mane.co,unavailable
manes.co,171.29
mange.co,unavailable
manse.co,unavailable
mare.co,unavailable
mares.co,unavailable
marg.co,unavailable
margs.co,unavailable
marl.co,171.29
marls.co,85.64
marque.co,unavailable
marques.co,6535.78
mars.co,unavailable
mart.co,unavailable
marts.co,unavailable
mash.co,unavailable
mask.co,281.5
masks.co,11529.85
masque.co,unavailable
masques.co,unavailable
mast.co,unavailable
masts.co,unavailable
mat.co,19765.45
match.co,unavailable
mate.co,unavailable
mates.co,32942.42
math.co,unavailable
maths.co,unavailable
mats.co,19765.45
matte.co,unavailable
mattes.co,unavailable
maul.co,unavailable
mauls.co,16.99
maund.co,164.71
maunds.co,16.99
mauve.co,unavailable
mauves.co,16.99
maw.co,39383.32
maws.co,171.29
mayor.co,1317.38
mayors.co,6588.48
maze.co,unavailable
meat.co,unavailable
meats.co,unavailable
meed.co,unavailable
meeds.co,1969.96
meet.co,unavailable
meets.co,unavailable
meld.co,unavailable
melds.co,16.99
mell.co,unavailable
mells.co,unavailable
melt.co,39383.32
melts.co,unavailable
men.co,unavailable
mend.co,unavailable
mends.co,85.64
mense.co,5264.2
mere.co,unavailable
meres.co,unavailable
merk.co,unavailable
merks.co,unavailable
merl.co,171.29
merls.co,16.99
metal.co,26352.62
metals.co,unavailable
mete.co,9222.56
meteor.co,unavailable
meteors.co,unavailable
metes.co,196.73
meths.co,16.99
meu.co,unavailable
meus.co,unavailable
meuse.co,unavailable
mew.co,6588.48
mewl.co,171.29
mewls.co,16.99
mews.co,unavailable
mho.co,unavailable
mhos.co,171.29
mice.co,unavailable
mick.co,unavailable
micks.co,85.64
midge.co,171.29
midst.co,171.29
midsts.co,16.99
mien.co,unavailable
miens.co,16.99
miff.co,171.29
miffs.co,16.99
might.co,unavailable
mights.co,16.99
mil.co,unavailable
milch.co,171.29
mild.co,unavailable
milds.co,16.99
mile.co,unavailable
miles.co,unavailable
mils.co,unavailable
milt.co,171.29
milts.co,16.99
mime.co,unavailable
mimes.co,856.49
mince.co,unavailable
mind.co,unavailable
minds.co,unavailable
mink.co,unavailable
minks.co,171.29
minx.co,unavailable
mir.co,unavailable
mire.co,unavailable
mires.co,unavailable
mirk.co,unavailable
mirs.co,unavailable
mirth.co,unavailable
mise.co,unavailable
mist.co,unavailable
mists.co,unavailable
mite.co,unavailable
mites.co,428.24
mitt.co,unavailable
mitts.co,unavailable
mix.co,unavailable
moan.co,unavailable
moans.co,171.29
moat.co,unavailable
moats.co,unavailable
mob.co,unavailable
mobs.co,unavailable
mod.co,unavailable
mode.co,unavailable
modes.co,unavailable
mods.co,unavailable
mog.co,39383.32
mogs.co,unavailable
moil.co,171.29
moils.co,16.99
moire.co,unavailable
moires.co,16.99
moit.co,171.29
moits.co,16.99
moke.co,unavailable
mokes.co,unavailable
mol.co,39383.32
mold.co,32941.1
molds.co,unavailable
molt.co,unavailable
molts.co,85.64
mom.co,65883.52
mome.co,unavailable
momes.co,unavailable
moms.co,unavailable
mong.co,unavailable
mongs.co,2365.27
month.co,unavailable
months.co,19617.87
moo.co,unavailable
mood.co,unavailable
moods.co,unavailable
moos.co,unavailable
moose.co,unavailable
moot.co,unavailable
moots.co,unavailable
mop.co,unavailable
mope.co,171.29
mopes.co,85.64
mops.co,4596.13
morgue.co,217.
morgues.co,171.29
morn.co,171.29
morns.co,85.64
morph.co,39383.32
morphs.co,6456.71
mosque.co,unavailable
mosques.co,unavailable
mot.co,385.51
mote.co,unavailable
motes.co,171.29
moth.co,unavailable
moths.co,171.29
motte.co,unavailable
mottes.co,16.99
moue.co,unavailable
moues.co,16.99
mould.co,unavailable
moulds.co,unavailable
moult.co,85.64
moults.co,16.99
mouse.co,26352.62
mousse.co,3292.92
move.co,unavailable
moves.co,unavailable
mow.co,unavailable
mows.co,171.29
much.co,unavailable
muff.co,unavailable
muffs.co,unavailable
mug.co,16471.21
mugs.co,unavailable
mulch.co,3294.24
mulct.co,164.71
mulcts.co,16.99
mum.co,unavailable
mumps.co,unavailable
mums.co,39383.32
mun.co,unavailable
murk.co,171.29
murre.co,164.71
murres.co,16.99
mush.co,unavailable
muss.co,171.29
must.co,unavailable
musth.co,164.71
musths.co,16.99
musts.co,171.29
mutch.co,unavailable
mute.co,19764.13
mutes.co,85.64
mutt.co,unavailable
mutts.co,unavailable
myrrh.co,unavailable
myrrhs.co,16.99
myth.co,unavailable
myths.co,unavailable
mzee.co,171.29
mzees.co,16.99
nae.co,unavailable
nag.co,1712.99
nags.co,171.29
name.co,unavailable
names.co,unavailable
nan.co,39383.32
nans.co,171.29
nape.co,unavailable
napes.co,unavailable
nappe.co,unavailable
nappes.co,16.99
nard.co,171.29
nards.co,16.99
nark.co,unavailable
narks.co,16.99
nat.co,unavailable
nats.co,unavailable
naught.co,unavailable
naughts.co,16.99
nautch.co,unavailable
nave.co,32794.83
naves.co,unavailable
nay.co,unavailable
nays.co,unavailable
neap.co,unavailable
neaps.co,16.99
near.co,unavailable
nears.co,85.64
neat.co,unavailable
neck.co,unavailable
necks.co,171.29
need.co,unavailable
needs.co,unavailable
neep.co,171.29
neeps.co,16.99
nef.co,unavailable
nefs.co,unavailable
neigh.co,6572.67
neighs.co,16.99
nek.co,unavailable
nerves.co,unavailable
nest.co,unavailable
nests.co,6572.67
nett.co,unavailable
netts.co,unavailable
neuk.co,unavailable
neuks.co,16.99
neume.co,643.4
neumes.co,16.99
newt.co,unavailable
newts.co,unavailable
ngwee.co,16.99
nib.co,unavailable
nibs.co,unavailable
niche.co,unavailable
niches.co,unavailable
nide.co,unavailable
nides.co,16.99
niece.co,unavailable
nieve.co,unavailable
nieves.co,unavailable
niff.co,428.24
niffs.co,16.99
nim.co,unavailable
nims.co,unavailable
ninth.co,unavailable
ninths.co,16.99
nit.co,39383.32
nits.co,428.24
nix.co,unavailable
nob.co,unavailable
nobs.co,4596.13
nock.co,unavailable
nocks.co,unavailable
nog.co,39383.32
nogg.co,unavailable
noggs.co,unavailable
nogs.co,1316.38
noil.co,1697.19
noils.co,16.99
noise.co,unavailable
nonce.co,unavailable
none.co,unavailable
nong.co,unavailable
nongs.co,16.99
nook.co,unavailable
nooks.co,unavailable
noon.co,unavailable
noons.co,unavailable
noose.co,4596.13
nork.co,2365.27
norks.co,16.99
nose.co,unavailable
nosh.co,15812.36
notch.co,unavailable
nought.co,unavailable
noughts.co,16.99
noun.co,unavailable
nouns.co,unavailable
nous.co,unavailable
now.co,unavailable
nowed.co,16.99
nows.co,unavailable
nowt.co,171.29
nub.co,unavailable
nubs.co,unavailable
nude.co,unavailable
nudes.co,unavailable
nudge.co,unavailable
nuke.co,unavailable
nukes.co,171.29
nurl.co,unavailable
nurls.co,16.99
nurse.co,32941.1
nymph.co,4596.13
nymphs.co,96.58
oaf.co,unavailable
oafs.co,171.29
oar.co,39529.58
oars.co,4596.13
oast.co,unavailable
oasts.co,16.99
oat.co,unavailable
oath.co,unavailable
oaths.co,unavailable
oats.co,9881.41
obs.co,21162.21
odds.co,unavailable
ode.co,unavailable
odes.co,unavailable
oik.co,unavailable
oiks.co,171.29
oke.co,unavailable
okes.co,unavailable
olm.co,unavailable
olms.co,unavailable
once.co,unavailable
oof.co,1712.99
oofs.co,131.77
oomph.co,unavailable
oos.co,unavailable
oose.co,unavailable
ops.co,unavailable
orb.co,unavailable
orbs.co,unavailable
orc.co,unavailable
orcs.co,171.29
ord.co,unavailable
ords.co,171.29
orfe.co,171.29
orfes.co,16.99
orle.co,171.29
orles.co,16.99
ouch.co,39383.32
ought.co,171.29
oughts.co,16.99
ounce.co,unavailable
ouphe.co,16.99
over.co,unavailable
overs.co,171.29
owl.co,unavailable
owls.co,unavailable
pace.co,unavailable
pack.co,unavailable
packs.co,1712.99
pact.co,unavailable
pacts.co,171.29
pad.co,unavailable
pads.co,unavailable
paik.co,unavailable
paiks.co,16.99
pail.co,unavailable
pails.co,171.29
pain.co,unavailable
pains.co,171.29
paint.co,unavailable
paints.co,unavailable
pale.co,unavailable
pales.co,171.29
pall.co,unavailable
palls.co,16.99
palp.co,171.29
palps.co,16.99
pane.co,unavailable
panes.co,171.29
pang.co,unavailable
pangs.co,171.29
panne.co,unavailable
pant.co,unavailable
pants.co,32941.1
pap.co,unavailable
paps.co,171.29
pard.co,unavailable
pards.co,85.64
parle.co,unavailable
parles.co,16.99
pars.co,unavailable
pas.co,39383.32
pash.co,unavailable
pashm.co,16.99
pass.co,unavailable
paste.co,unavailable
pastes.co,unavailable
pate.co,unavailable
pates.co,1712.99
path.co,unavailable
paths.co,6588.48
paul.co,unavailable
pauls.co,unavailable
paunch.co,428.25
pause.co,unavailable
paw.co,281.5
pawl.co,unavailable
pawls.co,unavailable
paws.co,unavailable
pay.co,unavailable
pays.co,unavailable
peag.co,171.29
peags.co,16.99
peal.co,6535.78
peals.co,85.64
pean.co,unavailable
peans.co,16.99
pear.co,unavailable
pears.co,unavailable
peat.co,unavailable
peats.co,85.64
pech.co,171.29
pechs.co,16.99
peck.co,unavailable
pecks.co,85.64
ped.co,unavailable
peds.co,unavailable
pee.co,6581.89
peek.co,unavailable
peeks.co,unavailable
peen.co,171.29
peens.co,unavailable
peep.co,unavailable
peeps.co,unavailable
peer.co,unavailable
peers.co,644.9
pees.co,171.29
peeve.co,unavailable
peeves.co,16.99
pegh.co,171.29
peghs.co,16.99
pein.co,171.29
peins.co,16.99
peke.co,171.29
pekes.co,unavailable
pelf.co,171.29
pelt.co,unavailable
pelts.co,85.64
pence.co,unavailable
peon.co,171.29
peons.co,16.99
perch.co,unavailable
perk.co,unavailable
perks.co,unavailable
perv.co,unavailable
pervs.co,16.99
petrol.co,unavailable
petrols.co,16.99
pew.co,unavailable
pews.co,171.29
phage.co,unavailable
phlegm.co,96.58
phlox.co,293.82
phon.co,unavailable
phone.co,unavailable
phones.co,unavailable
phons.co,16.99
phot.co,171.29
phots.co,16.99
phut.co,171.29
phuts.co,16.99
pic.co,unavailable
pice.co,unavailable
pick.co,unavailable
picks.co,unavailable
pics.co,unavailable
pie.co,unavailable
piece.co,unavailable
piend.co,16.99
piends.co,16.99
pies.co,unavailable
pilch.co,unavailable
pile.co,unavailable
piles.co,unavailable
pill.co,unavailable
pills.co,unavailable
pimp.co,unavailable
pimps.co,428.24
ping.co,unavailable
pings.co,171.29
pint.co,unavailable
pints.co,171.29
pique.co,unavailable
piques.co,unavailable
pirn.co,171.29
pirns.co,16.99
piste.co,171.29
pistes.co,138.34
pix.co,unavailable
plack.co,652.26
placks.co,16.99
plage.co,171.29
plague.co,1515.35
plagues.co,13176.97
plaice.co,unavailable
plaid.co,unavailable
plaids.co,unavailable
plaint.co,16.99
plaints.co,16.99
plait.co,171.29
plaits.co,unavailable
plan.co,unavailable
planch.co,16.99
plank.co,unavailable
planks.co,unavailable
plans.co,26353.93
plaque.co,unavailable
plaques.co,unavailable
plash.co,unavailable
plasm.co,unavailable
plasms.co,16.99
plat.co,unavailable
plats.co,171.29
plea.co,unavailable
pleas.co,171.29
pleat.co,unavailable
pleats.co,6456.71
pleb.co,19617.87
plebs.co,171.29
pledge.co,unavailable
plies.co,1712.99
plight.co,unavailable
plights.co,16.99
plink.co,unavailable
plinks.co,unavailable
plinth.co,unavailable
plinths.co,unavailable
plod.co,171.29
plodge.co,16.99
plods.co,16.99
plonk.co,unavailable
plonks.co,16.99
plop.co,unavailable
plops.co,unavailable
plot.co,unavailable
plots.co,1329.38
ploy.co,unavailable
ploys.co,85.64
pluck.co,unavailable
plucks.co,16.99
plug.co,unavailable
plugs.co,unavailable
plumb.co,unavailable
plumbs.co,unavailable
plume.co,unavailable
plumes.co,unavailable
plump.co,unavailable
plumps.co,unavailable
plunge.co,unavailable
plunk.co,unavailable
plunks.co,unavailable
plus.co,unavailable
plush.co,unavailable
ply.co,unavailable
pock.co,unavailable
pocks.co,16.99
poet.co,unavailable
poets.co,9222.56
pogge.co,164.71
poi.co,unavailable
pointe.co,unavailable
pois.co,unavailable
poise.co,unavailable
poke.co,unavailable
pokes.co,3228.36
polk.co,unavailable
polks.co,16.99
poll.co,39267.36
polls.co,unavailable
pom.co,unavailable
pome.co,unavailable
pomes.co,1969.96
pomp.co,unavailable
pomps.co,unavailable
poms.co,unavailable
pone.co,unavailable
pones.co,171.29
pong.co,unavailable
pongs.co,unavailable
pont.co,652.26
ponts.co,unavailable
pooch.co,32794.83
pood.co,unavailable
poods.co,16.99
poof.co,3953.9
poofs.co,171.29
poon.co,unavailable
poonce.co,16.99
poons.co,unavailable
poop.co,unavailable
poops.co,85.64
poort.co,unavailable
poorts.co,16.99
poove.co,164.71
pooves.co,16.99
porch.co,unavailable
pore.co,4941.36
pores.co,171.29
pos.co,unavailable
pose.co,unavailable
poss.co,unavailable
potch.co,unavailable
pott.co,unavailable
potts.co,unavailable
pouch.co,unavailable
pouf.co,171.29
pouffe.co,16.99
pouffes.co,16.99
poufs.co,unavailable
poult.co,16.99
poults.co,16.99
pounce.co,unavailable
pour.co,unavailable
pours.co,171.29
pout.co,32794.83
pouts.co,85.64
pox.co,unavailable
praam.co,16.99
praams.co,16.99
prad.co,171.29
prads.co,16.99
praise.co,unavailable
pram.co,unavailable
prams.co,5254.97
prance.co,unavailable
prang.co,171.29
prangs.co,16.99
prank.co,13175.65
pranks.co,11529.85
prase.co,1969.96
prat.co,19765.45
prate.co,171.29
prates.co,unavailable
prats.co,171.29
prau.co,171.29
praus.co,unavailable
prawn.co,unavailable
prawns.co,unavailable
prayer.co,32941.1
prayers.co,8235.6
preen.co,unavailable
preens.co,16.99
prelim.co,2619.58
prelims.co,unavailable
prep.co,unavailable
preps.co,2167.61
prest.co,unavailable
prey.co,unavailable
preys.co,85.64
prick.co,4596.13
pricks.co,unavailable
pries.co,96.58
priest.co,unavailable
priests.co,171.29
prig.co,unavailable
prigs.co,16.99
prill.co,unavailable
prills.co,16.99
print.co,unavailable
prints.co,2476.81
prise.co,unavailable
prism.co,unavailable
prisms.co,unavailable
prob.co,4596.13
probe.co,unavailable
probes.co,unavailable
probs.co,158.12
prod.co,unavailable
prods.co,171.29
prole.co,unavailable
proles.co,unavailable
prompt.co,unavailable
prompts.co,unavailable
prong.co,856.49
prongs.co,16.99
prop.co,unavailable
props.co,unavailable
pros.co,unavailable
prow.co,unavailable
prowl.co,unavailable
prowls.co,16.99
prows.co,16.99
prude.co,856.49
prudes.co,16.99
prune.co,unavailable
prunes.co,3292.92
prunt.co,16.99
prunts.co,16.99
pry.co,unavailable
prys.co,171.29
psalm.co,171.29
psalms.co,unavailable
pseud.co,85.64
pseuds.co,16.99
pst.co,unavailable
psts.co,unavailable
psyche.co,unavailable
psyches.co,unavailable
pub.co,unavailable
pubs.co,39383.32
puce.co,unavailable
pug.co,32941.1
pugs.co,unavailable
puke.co,unavailable
pukes.co,85.64
pulp.co,unavailable
pulps.co,171.29
pun.co,unavailable
punce.co,16.99
punk.co,19764.13
punks.co,unavailable
puns.co,171.29
pup.co,unavailable
pups.co,unavailable
purge.co,unavailable
purl.co,unavailable
purls.co,unavailable
purr.co,unavailable
purrs.co,unavailable
purse.co,unavailable
pus.co,unavailable
puss.co,unavailable
putsch.co,16.99
putt.co,unavailable
putts.co,85.64
pya.co,unavailable
pye.co,unavailable
pyes.co,unavailable
pyre.co,unavailable
pyres.co,16.99
pyx.co,unavailable
qat.co,unavailable
qoph.co,171.29
qophs.co,16.99
quack.co,unavailable
quacks.co,unavailable
quad.co,unavailable
quads.co,1329.38
quag.co,171.29
quags.co,16.99
quaich.co,unavailable
quaichs.co,16.99
quail.co,unavailable
quails.co,unavailable
quake.co,unavailable
quakes.co,158.12
qualm.co,171.29
qualms.co,16.99
quark.co,19699.57
quarks.co,3287.65
quart.co,7758.6
quarte.co,6456.71
quartes.co,16.99
quarts.co,unavailable
quay.co,unavailable
quays.co,unavailable
quean.co,unavailable
queans.co,16.99
queens.co,unavailable
queer.co,5269.47
queers.co,unavailable
quern.co,164.71
querns.co,16.99
quest.co,unavailable
quests.co,9735.14
quetsch.co,13.45
queue.co,unavailable
queues.co,unavailable
quey.co,171.29
queys.co,16.99
quiche.co,unavailable
quiches.co,171.29
quid.co,unavailable
quids.co,85.64
quiff.co,unavailable
quiffs.co,16.99
quilt.co,154.26
quilts.co,9882.72
quin.co,unavailable
quince.co,unavailable
quins.co,2619.58
quint.co,unavailable
quinte.co,3946.5
quintes.co,unavailable
quints.co,16.99
quinze.co,unavailable
quip.co,unavailable
quips.co,unavailable
quire.co,unavailable
quires.co,16.99
quirk.co,unavailable
quirks.co,unavailable
quirt.co,85.64
quirts.co,16.99
quist.co,unavailable
quists.co,16.99
quitch.co,16.99
quiz.co,46118.7
quoin.co,unavailable
quoins.co,unavailable
quoit.co,171.29
quoits.co,16.99
quote.co,unavailable
quotes.co,unavailable
rad.co,unavailable
rads.co,171.29
raff.co,unavailable
raffs.co,6456.71
raft.co,unavailable
rafts.co,171.29
rag.co,unavailable
rage.co,unavailable
rags.co,unavailable
raid.co,unavailable
raids.co,unavailable
rail.co,unavailable
rails.co,unavailable
raise.co,unavailable
rake.co,unavailable
rakes.co,856.49
rale.co,unavailable
rales.co,16.99
ramp.co,unavailable
ramps.co,unavailable
rance.co,unavailable
ranch.co,unavailable
range.co,unavailable
rant.co,unavailable
rants.co,3953.9
rap.co,39529.58
rape.co,unavailable
rapes.co,unavailable
raps.co,unavailable
rash.co,unavailable
rasp.co,unavailable
rasps.co,16.99
ratch.co,unavailable
rath.co,unavailable
raths.co,unavailable
raught.co,1316.38
rave.co,32941.1
raves.co,unavailable
razz.co,unavailable
reach.co,unavailable
realm.co,unavailable
realms.co,unavailable
ream.co,unavailable
reams.co,unavailable
rec.co,unavailable
recs.co,575.63
redd.co,unavailable
redds.co,unavailable
rede.co,unavailable
redes.co,unavailable
reek.co,171.29
reeks.co,171.29
reel.co,unavailable
reels.co,19765.45
reen.co,unavailable
reens.co,16.99
reeve.co,171.29
reeves.co,unavailable
ref.co,unavailable
refer.co,64567.14
refers.co,unavailable
refs.co,unavailable
reif.co,unavailable
rein.co,unavailable
reins.co,unavailable
reis.co,unavailable
rent.co,unavailable
rente.co,unavailable
rentes.co,56.2
rents.co,19765.45
repp.co,unavailable
repps.co,unavailable
rest.co,unavailable
rests.co,unavailable
retch.co,171.29
rex.co,unavailable
rheum.co,428.24
rheums.co,16.99
rhine.co,unavailable
rhines.co,16.99
rho.co,164712.8
rhomb.co,164.71
rhombs.co,16.99
rhos.co,171.29
rhumb.co,1969.96
rhumbs.co,16.99
rib.co,unavailable
ribs.co,unavailable
ride.co,unavailable
rides.co,unavailable
ridge.co,unavailable
riel.co,unavailable
riels.co,16.99
rig.co,unavailable
rigs.co,3292.92
rill.co,unavailable
rills.co,85.64
rime.co,unavailable
rimes.co,171.29
rin.co,39383.32
rind.co,unavailable
rinds.co,85.64
rink.co,unavailable
rinks.co,85.64
rins.co,unavailable
rinse.co,unavailable
rit.co,unavailable
rits.co,unavailable
roach.co,unavailable
roam.co,unavailable
roams.co,1712.99
roan.co,unavailable
roans.co,16.99
roar.co,unavailable
roars.co,171.29
roast.co,unavailable
roasts.co,unavailable
robe.co,unavailable
robes.co,unavailable
rode.co,unavailable
rodes.co,3292.92
roe.co,unavailable
roes.co,unavailable
rogue.co,unavailable
rogues.co,unavailable
roke.co,unavailable
rokes.co,16.99
role.co,unavailable
roles.co,unavailable
romp.co,unavailable
romps.co,85.64
ronde.co,171.29
rondes.co,16.99
rone.co,171.29
rones.co,unavailable
roo.co,unavailable
rood.co,unavailable
roods.co,16.99
rook.co,unavailable
rooks.co,unavailable
roos.co,unavailable
roque.co,171.29
rort.co,171.29
rorts.co,16.99
rot.co,unavailable
rote.co,unavailable
rotes.co,16.99
rots.co,171.29
rounce.co,unavailable
roup.co,171.29
roups.co,16.99
rouse.co,unavailable
rout.co,unavailable
route.co,3865.62
routes.co,unavailable
routh.co,657.53
routs.co,85.64
roux.co,unavailable
rube.co,unavailable
ruche.co,unavailable
ruches.co,unavailable
ruck.co,unavailable
rucks.co,171.29
rudd.co,unavailable
rudds.co,6456.71
ruff.co,unavailable
ruffe.co,16.99
ruffes.co,16.99
ruffs.co,171.29
rug.co,39529.58
rugs.co,unavailable
ruin.co,19617.87
ruins.co,171.29
rule.co,131769.67
rules.co,unavailable
runch.co,unavailable
rune.co,unavailable
runes.co,unavailable
rung.co,6535.78
rungs.co,unavailable
