jars.io,unavailable
jaunt.io,unavailable
jaunts.io,unavailable
jaw.io,unavailable
jaws.io,unavailable
jazz.io,116325.18
jee.io,unavailable
jeer.io,71.14
jeers.io,71.14
jell.io,unavailable
jells.io,71.14
jerk.io,1968.11
jerks.io,99.45
jest.io,unavailable
jests.io,71.14
jib.io,unavailable
jibe.io,unavailable
jibes.io,71.14
jibs.io,71.14
jig.io,unavailable
jigs.io,9251.82
jilt.io,unavailable
jilts.io,71.14
jink.io,unavailable
jinks.io,71.14
jive.io,unavailable
jives.io,71.14
jog.io,unavailable
jogs.io,5271.65
join.io,unavailable
joins.io,unavailable
joist.io,unavailable
joists.io,71.14
joke.io,38186.38
jokes.io,unavailable
jolt.io,unavailable
jolts.io,unavailable
jook.io,unavailable
jooks.io,71.14
jot.io,unavailable
jots.io,unavailable
jouk.io,71.14
jouks.io,71.14
jounce.io,unavailable
joust.io,unavailable
jousts.io,71.14
jow.io,unavailable
jows.io,71.14
jug.io,unavailable
jugs.io,unavailable
jump.io,unavailable
jumps.io,unavailable
junk.io,unavailable
junks.io,71.14
jut.io,5723.73
juts.io,71.14
keck.io,unavailable
kecks.io,71.14
kedge.io,unavailable
keek.io,unavailable
keeks.io,unavailable
kep.io,unavailable
keps.io,71.14
kept.io,unavailable
kill.io,unavailable
kills.io,unavailable
kiln.io,unavailable
kilns.io,71.14
kilt.io,unavailable
kilts.io,71.14
kink.io,unavailable
kinks.io,unavailable
kip.io,unavailable
kips.io,unavailable
kirn.io,71.14
kirns.io,71.14
kiss.io,unavailable
kithe.io,71.14
kithes.io,71.14
knap.io,5271.65
knaps.io,unavailable
knead.io,unavailable
kneads.io,71.14
knee.io,unavailable
kneel.io,137.72
kneels.io,71.14
knees.io,71.14
knell.io,unavailable
knells.io,71.14
knelt.io,71.14
knew.io,unavailable
knit.io,unavailable
knits.io,71.14
knob.io,unavailable
knobs.io,unavailable
knoll.io,unavailable
knolls.io,71.14
know.io,unavailable
knows.io,5271.65
knurl.io,unavailable
knurls.io,71.14
kraal.io,71.14
kraals.io,71.14
kythe.io,unavailable
kythes.io,71.14
lack.io,unavailable
lacks.io,71.14
lade.io,unavailable
lades.io,71.14
laik.io,71.14
laiks.io,71.14
lain.io,unavailable
lair.io,unavailable
lairs.io,71.14
laith.io,unavailable
lame.io,1968.11
lames.io,71.14
lapse.io,unavailable
lard.io,unavailable
lards.io,71.14
lark.io,unavailable
larks.io,unavailable
larn.io,unavailable
larns.io,71.14
lase.io,unavailable
lash.io,unavailable
latch.io,19828.16
lath.io,71.14
lathe.io,unavailable
lathes.io,71.14
laths.io,71.14
lave.io,unavailable
laves.io,71.14
laze.io,unavailable
leach.io,unavailable
leak.io,unavailable
leaks.io,unavailable
lean.io,unavailable
leans.io,71.14
leant.io,71.14
leap.io,unavailable
leaps.io,unavailable
leapt.io,unavailable
learn.io,unavailable
learns.io,5271.65
learnt.io,unavailable
lease.io,unavailable
leash.io,unavailable
leech.io,unavailable
leer.io,unavailable
leers.io,71.14
left.io,unavailable
lefts.io,71.14
lend.io,unavailable
lends.io,5271.65
letch.io,71.14
licht.io,unavailable
lichts.io,71.14
lift.io,unavailable
lifts.io,unavailable
like.io,unavailable
likes.io,unavailable
lilt.io,unavailable
lilts.io,71.14
limb.io,unavailable
limbs.io,unavailable
limn.io,unavailable
limns.io,71.14
limp.io,461.71
limps.io,71.14
lipped.io,71.14
lisp.io,unavailable
lisps.io,71.14
lit.io,unavailable
lived.io,5271.65
loaf.io,unavailable
loafs.io,71.14
loam.io,unavailable
loams.io,71.14
loathe.io,71.14
loathes.io,71.14
lob.io,1968.11
lobs.io,71.14
lodged.io,3345.6
loft.io,unavailable
lofts.io,unavailable
log.io,unavailable
logs.io,unavailable
loll.io,unavailable
lolls.io,71.14
loom.io,unavailable
looms.io,71.14
loot.io,1968.11
loots.io,unavailable
lop.io,5271.65
lope.io,unavailable
lopes.io,unavailable
lops.io,unavailable
lose.io,unavailable
lour.io,71.14
lours.io,71.14
louse.io,71.14
lout.io,71.14
louts.io,71.14
lowe.io,unavailable
lowes.io,unavailable
lown.io,71.14
lowns.io,71.14
lowse.io,71.14
lube.io,unavailable
lubes.io,71.14
luck.io,unavailable
lucks.io,unavailable
luff.io,unavailable
luffs.io,71.14
luge.io,unavailable
lull.io,unavailable
lulls.io,71.14
lump.io,unavailable
lumps.io,71.14
lunch.io,unavailable
lunge.io,1386.58
lurch.io,unavailable
lure.io,unavailable
lures.io,unavailable
lurk.io,unavailable
lurks.io,71.14
lush.io,unavailable
lust.io,1968.11
lusts.io,71.14
lute.io,13212.16
lutes.io,71.14
lyse.io,unavailable
mad.io,unavailable
made.io,unavailable
mads.io,unavailable
maim.io,unavailable
maims.io,71.14
marl.io,unavailable
marls.io,71.14
mash.io,unavailable
mask.io,unavailable
masks.io,12541.97
mast.io,unavailable
masts.io,71.14
mat.io,unavailable
match.io,unavailable
mate.io,unavailable
mates.io,unavailable
mats.io,5271.65
maul.io,unavailable
mauls.io,71.14
maun.io,71.14
mayst.io,71.14
maze.io,unavailable
meant.io,526.11
meet.io,unavailable
meets.io,unavailable
meld.io,unavailable
melds.io,71.14
mell.io,unavailable
mells.io,71.14
melt.io,unavailable
melts.io,71.14
mend.io,unavailable
mends.io,71.14
mense.io,71.14
merge.io,unavailable
met.io,unavailable
metal.io,unavailable
metals.io,unavailable
mete.io,unavailable
metes.io,71.14
mew.io,unavailable
mewl.io,71.14
mewls.io,71.14
mews.io,4626.57
miche.io,71.14
miches.io,71.14
miff.io,unavailable
miffs.io,71.14
might.io,unavailable
mights.io,71.14
milt.io,unavailable
milts.io,71.14
mime.io,unavailable
mimes.io,unavailable
mince.io,unavailable
mind.io,unavailable
minds.io,unavailable
mire.io,7386.65
mires.io,71.14
mist.io,unavailable
mists.io,71.14
mitch.io,unavailable
mix.io,unavailable
mixt.io,unavailable
moan.io,unavailable
moans.io,71.14
moat.io,unavailable
moats.io,unavailable
mob.io,unavailable
mobs.io,13218.77
moil.io,unavailable
moils.io,71.14
moit.io,71.14
moits.io,71.14
mold.io,unavailable
molds.io,71.14
molt.io,unavailable
molts.io,71.14
moo.io,unavailable
mooch.io,3817.58
moos.io,unavailable
moot.io,unavailable
moots.io,unavailable
mop.io,unavailable
mope.io,unavailable
mopes.io,71.14
mops.io,2643.75
morph.io,unavailable
morphs.io,unavailable
mote.io,unavailable
motes.io,unavailable
mould.io,unavailable
moulds.io,71.14
moult.io,71.14
moults.io,71.14
mourn.io,unavailable
mourns.io,71.14
mouse.io,unavailable
mousse.io,368.8
move.io,unavailable
moves.io,unavailable
mow.io,unavailable
mown.io,unavailable
mows.io,5271.65
muff.io,unavailable
muffs.io,71.14
mug.io,unavailable
mugs.io,unavailable
mulch.io,371.26
mulct.io,71.14
mulcts.io,71.14
mum.io,unavailable
mumm.io,unavailable
mumms.io,71.14
mump.io,71.14
mumps.io,71.14
mums.io,unavailable
mure.io,526.11
mures.io,71.14
murk.io,unavailable
muss.io,71.14
must.io,unavailable
musts.io,71.14
mutch.io,71.14
mute.io,1968.11
mutes.io,71.14
muzz.io,unavailable
nab.io,9246.53
nabs.io,unavailable
nag.io,unavailable
nags.io,unavailable
name.io,unavailable
names.io,unavailable
nark.io,unavailable
narks.io,71.14
near.io,unavailable
nears.io,71.14
neck.io,39654.99
necks.io,71.14
need.io,unavailable
needs.io,1982.82
neigh.io,71.14
neighs.io,71.14
nest.io,unavailable
nests.io,unavailable
nett.io,4625.25
netts.io,71.14
nib.io,5723.73
nibs.io,unavailable
niche.io,unavailable
niches.io,5271.65
niff.io,71.14
niffs.io,71.14
nill.io,unavailable
nix.io,unavailable
nock.io,unavailable
nocks.io,unavailable
noise.io,19828.16
noose.io,71.14
nose.io,8576.34
nosh.io,unavailable
notch.io,unavailable
nudge.io,unavailable
nuke.io,unavailable
nukes.io,unavailable
numb.io,5271.65
numbs.io,71.14
nurl.io,unavailable
nurls.io,71.14
nurse.io,unavailable
oar.io,unavailable
oars.io,461.71
oink.io,unavailable
oinks.io,71.14
oos.io,unavailable
ope.io,5271.65
opes.io,unavailable
opt.io,unavailable
opts.io,unavailable
orb.io,32782.55
orbs.io,unavailable
ord.io,unavailable
ords.io,unavailable
ought.io,71.14
oughts.io,71.14
oust.io,5271.65
ousts.io,71.14
owe.io,unavailable
owes.io,5271.65
own.io,unavailable
owns.io,unavailable
pace.io,unavailable
paced.io,unavailable
pack.io,unavailable
packs.io,5723.73
pad.io,unavailable
pads.io,unavailable
paid.io,unavailable
paik.io,71.14
paiks.io,71.14
pain.io,unavailable
pains.io,unavailable
paint.io,unavailable
paints.io,unavailable
pale.io,unavailable
pales.io,71.14
pall.io,668.6
palls.io,71.14
pant.io,unavailable
pants.io,unavailable
parch.io,unavailable
pare.io,22471.91
pares.io,unavailable
parle.io,unavailable
parles.io,71.14
parse.io,unavailable
pash.io,unavailable
paste.io,unavailable
pastes.io,unavailable
paunch.io,71.14
pause.io,unavailable
pave.io,unavailable
paves.io,71.14
paw.io,unavailable
paws.io,unavailable
pay.io,unavailable
pays.io,unavailable
peal.io,unavailable
peals.io,71.14
peck.io,unavailable
pecks.io,71.14
pee.io,1968.11
peek.io,88417.71
peeks.io,unavailable
peen.io,3298.8
peens.io,71.14
peep.io,unavailable
peeps.io,unavailable
peer.io,unavailable
peers.io,unavailable
pees.io,71.14
peeve.io,unavailable
peeved.io,71.14
peeves.io,unavailable
pegh.io,71.14
peghs.io,71.14
pein.io,unavailable
peins.io,71.14
peise.io,71.14
pelt.io,527.43
pelts.io,71.14
pend.io,unavailable
pends.io,71.14
pent.io,5271.65
pents.io,71.14
perch.io,unavailable
perk.io,unavailable
perks.io,unavailable
perv.io,unavailable
pervs.io,71.14
phone.io,117499.1
phones.io,unavailable
pick.io,unavailable
picks.io,unavailable
piece.io,39654.99
pile.io,1968.11
piled.io,unavailable
piles.io,5723.73
pill.io,unavailable
pills.io,unavailable
pimp.io,unavailable
pimps.io,71.14
ping.io,unavailable
pings.io,unavailable
pique.io,unavailable
piques.io,71.14
pish.io,71.14
pize.io,71.14
plague.io,unavailable
plagues.io,71.14
plait.io,unavailable
plaits.io,71.14
plan.io,unavailable
plank.io,unavailable
planks.io,unavailable
plans.io,13217.45
plash.io,unavailable
plat.io,unavailable
plats.io,unavailable
pleach.io,71.14
plead.io,4626.57
pleads.io,71.14
please.io,unavailable
pleat.io,unavailable
pleats.io,71.14
pled.io,unavailable
pledge.io,unavailable
plies.io,832.78
plight.io,unavailable
plights.io,71.14
plim.io,71.14
plims.io,71.14
plink.io,unavailable
plinks.io,unavailable
ploat.io,71.14
ploats.io,71.14
plod.io,unavailable
plodge.io,71.14
plods.io,71.14
plonk.io,unavailable
plonks.io,71.14
plop.io,unavailable
plops.io,unavailable
plot.io,unavailable
plots.io,unavailable
pluck.io,unavailable
plucks.io,71.14
plug.io,unavailable
plugs.io,6477.2
plumb.io,unavailable
plumbs.io,71.14
plume.io,unavailable
plumes.io,71.14
plump.io,1968.11
plumps.io,71.14
plunge.io,1166.28
plunk.io,unavailable
plunks.io,71.14
ply.io,unavailable
poach.io,unavailable
pock.io,unavailable
pocks.io,71.14
poind.io,71.14
poinds.io,71.14
poise.io,unavailable
poke.io,unavailable
pokes.io,unavailable
poll.io,unavailable
polls.io,unavailable
pong.io,unavailable
pongs.io,unavailable
pooch.io,unavailable
poop.io,unavailable
poops.io,unavailable
pore.io,1968.11
pores.io,unavailable
pose.io,unavailable
poss.io,unavailable
pouch.io,unavailable
pounce.io,unavailable
pour.io,unavailable
pours.io,unavailable
pout.io,5271.65
pouts.io,71.14
praise.io,unavailable
prance.io,unavailable
prang.io,unavailable
prangs.io,71.14
prank.io,unavailable
pranks.io,unavailable
prate.io,71.14
prates.io,71.14
prawn.io,unavailable
prawns.io,71.14
pray.io,64623.93
prays.io,unavailable
preach.io,39654.99
preen.io,unavailable
preens.io,71.14
prey.io,unavailable
preys.io,71.14
prick.io,1321.88
pricks.io,71.14
pries.io,71.14
priest.io,unavailable
priests.io,71.14
prig.io,71.14
prigs.io,71.14
prill.io,71.14
prills.io,71.14
prim.io,unavailable
primp.io,unavailable
primps.io,71.14
prims.io,unavailable
prink.io,136.1
prinks.io,71.14
print.io,unavailable
prints.io,unavailable
prise.io,unavailable
probe.io,38186.38
probes.io,unavailable
prod.io,unavailable
prods.io,unavailable
prompt.io,unavailable
prompts.io,unavailable
prong.io,unavailable
prongs.io,71.14
prop.io,unavailable
props.io,unavailable
prove.io,unavailable
proves.io,unavailable
prowl.io,unavailable
prowls.io,71.14
prune.io,unavailable
prunes.io,71.14
pry.io,unavailable
prys.io,71.14
psych.io,unavailable
psychs.io,71.14
pub.io,unavailable
pubs.io,5723.73
pug.io,unavailable
pugs.io,unavailable
puke.io,unavailable
pukes.io,71.14
pule.io,71.14
pules.io,71.14
pulp.io,unavailable
pulps.io,71.14
pun.io,unavailable
punce.io,71.14
puns.io,unavailable
pup.io,unavailable
pups.io,unavailable
purge.io,unavailable
purl.io,unavailable
purls.io,71.14
purr.io,unavailable
purrs.io,71.14
purse.io,unavailable
putt.io,unavailable
putts.io,unavailable
quack.io,unavailable
quacks.io,unavailable
quaff.io,unavailable
quaffs.io,71.14
quail.io,38186.38
quails.io,71.14
quake.io,unavailable
quakes.io,71.14
quash.io,unavailable
queer.io,unavailable
queers.io,unavailable
quell.io,unavailable
quells.io,71.14
quench.io,unavailable
quest.io,unavailable
quests.io,461.71
queue.io,unavailable
queues.io,unavailable
quilt.io,unavailable
quilts.io,395.24
quip.io,unavailable
quips.io,unavailable
quirk.io,unavailable
quirks.io,unavailable
quirt.io,71.14
quirts.io,71.14
quit.io,unavailable
quits.io,71.14
quiz.io,unavailable
quote.io,unavailable
quotes.io,unavailable
quoth.io,71.14
raft.io,unavailable
rafts.io,unavailable
rag.io,unavailable
rage.io,unavailable
rags.io,5271.65
raid.io,unavailable
raids.io,unavailable
rail.io,unavailable
rails.io,unavailable
raise.io,unavailable
raised.io,unavailable
rake.io,unavailable
raked.io,71.14
rakes.io,71.14
ramp.io,unavailable
ramps.io,unavailable
ranch.io,unavailable
rang.io,unavailable
range.io,unavailable
ranged.io,71.14
rant.io,unavailable
rants.io,unavailable
rap.io,unavailable
rape.io,unavailable
rapes.io,71.14
raps.io,5271.65
rase.io,2637.14
rasp.io,unavailable
rasps.io,71.14
rave.io,unavailable
raves.io,unavailable
raze.io,unavailable
razz.io,unavailable
reach.io,unavailable
ream.io,unavailable
reams.io,unavailable
reap.io,unavailable
reaps.io,71.14
reast.io,71.14
reasts.io,71.14
reave.io,71.14
reaves.io,71.14
reck.io,unavailable
recks.io,71.14
redd.io,5948.45
redds.io,unavailable
rede.io,unavailable
redes.io,unavailable
reek.io,unavailable
reeks.io,71.14
reel.io,unavailable
reels.io,unavailable
reest.io,unavailable
reests.io,71.14
reeve.io,unavailable
reeves.io,unavailable
refer.io,unavailable
refers.io,unavailable
reft.io,unavailable
rein.io,unavailable
reins.io,unavailable
reist.io,unavailable
reists.io,71.14
reive.io,71.14
reives.io,71.14
rend.io,unavailable
rends.io,71.14
rent.io,unavailable
rents.io,unavailable
rest.io,unavailable
rests.io,71.14
ret.io,unavailable
retch.io,71.14
rets.io,unavailable
rib.io,unavailable
ribs.io,unavailable
rid.io,unavailable
ride.io,unavailable
rides.io,unavailable
ridge.io,unavailable
rids.io,71.14
rig.io,unavailable
rigs.io,1787.84
rile.io,unavailable
riles.io,unavailable
rime.io,unavailable
rimes.io,unavailable
rinse.io,unavailable
rive.io,unavailable
rives.io,71.14
roam.io,unavailable
roams.io,71.14
roar.io,unavailable
roars.io,unavailable
roast.io,unavailable
roasts.io,71.14
robe.io,5723.73
robes.io,unavailable
rode.io,unavailable
rodes.io,71.14
rogue.io,unavailable
rogues.io,unavailable
roil.io,132.19
roils.io,71.14
romp.io,unavailable
romps.io,71.14
rook.io,unavailable
rooks.io,unavailable
roose.io,unavailable
rot.io,5271.65
rots.io,unavailable
roup.io,unavailable
roups.io,71.14
rouse.io,unavailable
roust.io,71.14
rousts.io,71.14
rout.io,unavailable
route.io,unavailable
routes.io,24967.61
routs.io,71.14
ruck.io,unavailable
rucks.io,71.14
ruff.io,unavailable
ruffs.io,71.14
ruin.io,unavailable
ruins.io,unavailable
rule.io,unavailable
rules.io,unavailable
rung.io,393.92
rungs.io,unavailable
rush.io,unavailable
rut.io,unavailable
ruts.io,71.14
sack.io,unavailable
sacks.io,5271.65
sad.io,unavailable
sag.io,unavailable
sags.io,5271.65
said.io,unavailable
sail.io,unavailable
sails.io,unavailable
sain.io,unavailable
sains.io,71.14
saith.io,71.14
saiths.io,71.14
salve.io,461.71
salves.io,71.14
sang.io,unavailable
sangs.io,71.14
sank.io,unavailable
sap.io,unavailable
saps.io,3899.54
sass.io,13217.45
sate.io,unavailable
sates.io,71.14
sauce.io,unavailable
sawn.io,71.14
scab.io,unavailable
scabs.io,71.14
scag.io,71.14
scald.io,unavailable
scalds.io,71.14
scaled.io,unavailable
scalp.io,unavailable
scalps.io,71.14
scamp.io,unavailable
scamps.io,71.14
scant.io,unavailable
scants.io,71.14
scape.io,unavailable
scapes.io,unavailable
scar.io,unavailable
scare.io,unavailable
scares.io,71.14
scarf.io,unavailable
scarfs.io,71.14
scarp.io,137.72
scarph.io,71.14
scarphs.io,71.14
scarps.io,71.14
scars.io,unavailable
scart.io,unavailable
scarts.io,71.14
scat.io,5271.65
scathe.io,71.14
scathes.io,71.14
scats.io,71.14
scend.io,71.14
scends.io,71.14
scent.io,unavailable
scents.io,unavailable
scheme.io,38186.38
schemes.io,unavailable
schlep.io,unavailable
schlepp.io,71.14
schlepps.io,71.14
schleps.io,71.14
schuss.io,71.14
sclaff.io,71.14
sclaffs.io,71.14
scoff.io,unavailable
scoffs.io,71.14
scold.io,333.37
scolds.io,71.14
sconce.io,71.14
scoop.io,unavailable
scoops.io,unavailable
scoot.io,unavailable
scoots.io,71.14
scorch.io,unavailable
score.io,unavailable
scores.io,unavailable
scorn.io,526.11
scorns.io,71.14
scour.io,unavailable
scourge.io,unavailable
scours.io,71.14
scowl.io,13217.45
scowls.io,71.14
scrag.io,71.14
scrags.io,71.14
scraich.io,71.14
scraichs.io,71.14
scram.io,unavailable
scrams.io,71.14
scrap.io,1968.11
scraps.io,5271.65
scrawl.io,unavailable
scrawls.io,71.14
screak.io,71.14
screaks.io,71.14
scream.io,unavailable
screams.io,71.14
screech.io,unavailable
scries.io,71.14
scrimp.io,71.14
scrimps.io,71.14
scroll.io,unavailable
scrolls.io,unavailable
scroop.io,71.14
scroops.io,71.14
scrouge.io,71.14
scrum.io,unavailable
scrump.io,71.14
scrumps.io,71.14
scrums.io,unavailable
scrunch.io,unavailable
scry.io,unavailable
scud.io,5271.65
scuds.io,71.14
scuff.io,unavailable
scuffs.io,71.14
sculk.io,71.14
sculks.io,71.14
scull.io,11738.27
sculls.io,71.14
sculp.io,unavailable
sculps.io,71.14
sculpt.io,2512.45
sculpts.io,71.14
scum.io,unavailable
scums.io,71.14
scunge.io,71.14
scutch.io,71.14
scythe.io,unavailable
scythes.io,71.14
seal.io,unavailable
seals.io,742.51
seam.io,9914.78
seams.io,unavailable
sear.io,5271.65
sears.io,unavailable
seat.io,unavailable
seats.io,unavailable
seek.io,unavailable
seeks.io,5271.65
seel.io,5271.65
seels.io,71.14
seem.io,unavailable
seems.io,unavailable
seen.io,unavailable
seep.io,3243.89
seeps.io,71.14
seethe.io,71.14
seethes.io,71.14
seise.io,71.14
seize.io,12683.41
sell.io,unavailable
sells.io,unavailable
send.io,unavailable
sends.io,unavailable
sent.io,unavailable
sere.io,unavailable
seres.io,unavailable
serve.io,unavailable
serves.io,unavailable
sew.io,unavailable
sewn.io,71.14
sews.io,5271.65
shack.io,39654.99
shacks.io,unavailable
shade.io,unavailable
shades.io,unavailable
shag.io,unavailable
shags.io,71.14
shake.io,unavailable
shakes.io,unavailable
shall.io,unavailable
shalt.io,71.14
sham.io,unavailable
shame.io,unavailable
shames.io,71.14
shams.io,unavailable
shank.io,1315.27
shanks.io,unavailable
shaped.io,unavailable
shave.io,unavailable
shaves.io,71.14
sheaf.io,unavailable
sheafs.io,71.14
shear.io,unavailable
sheared.io,71.14
shears.io,unavailable
sheath.io,unavailable
sheathe.io,71.14
sheathes.io,71.14
sheaths.io,71.14
sheave.io,71.14
sheaves.io,unavailable
shed.io,unavailable
sheds.io,unavailable
sheer.io,unavailable
sheers.io,71.14
shelve.io,5723.73
shelves.io,5723.73
shend.io,71.14
shends.io,71.14
shew.io,unavailable
shews.io,71.14
shied.io,71.14
shies.io,71.14
shift.io,unavailable
shifts.io,unavailable
shill.io,1321.88
shim.io,39654.99
shims.io,71.14
shine.io,unavailable
shines.io,unavailable
shire.io,unavailable
shires.io,71.14
shirk.io,unavailable
shirks.io,71.14
shirr.io,71.14
shirrs.io,71.14
shirt.io,unavailable
shirts.io,unavailable
shoal.io,unavailable
shoals.io,71.14
shod.io,71.14
shog.io,71.14
shogs.io,71.14
shone.io,unavailable
shoo.io,5271.65
shook.io,unavailable
shooks.io,71.14
shoos.io,71.14
shoot.io,unavailable
shoots.io,unavailable
shorn.io,71.14
should.io,38186.38
shout.io,unavailable
shouts.io,137.72
shove.io,5271.65
shoves.io,71.14
shown.io,unavailable
shrank.io,71.14
shred.io,unavailable
shreds.io,71.14
shriek.io,unavailable
shrieks.io,71.14
shrill.io,unavailable
shrills.io,71.14
shrimp.io,unavailable
shrimps.io,unavailable
shrine.io,1968.11
shrines.io,71.14
shrink.io,unavailable
shrinks.io,unavailable
shrive.io,unavailable
shrives.io,71.14
shroff.io,71.14
shroffs.io,71.14
shroud.io,unavailable
shrouds.io,71.14
shrug.io,unavailable
shrugs.io,unavailable
shrunk.io,unavailable
shuck.io,1982.82
shucks.io,71.14
shun.io,unavailable
shuns.io,71.14
shunt.io,unavailable
shunts.io,71.14
shush.io,unavailable
shut.io,5271.65
shuts.io,71.14
shy.io,unavailable
sieve.io,unavailable
sieves.io,71.14
sift.io,unavailable
sifts.io,unavailable
sigh.io,unavailable
sighs.io,71.14
sight.io,unavailable
sights.io,461.71
sile.io,unavailable
siles.io,unavailable
silt.io,unavailable
silts.io,71.14
sing.io,6693.85
singe.io,71.14
sings.io,unavailable
sink.io,unavailable
sinks.io,unavailable
sip.io,unavailable
sipe.io,unavailable
sipes.io,unavailable
sips.io,unavailable
sire.io,925.31
sires.io,unavailable
site.io,unavailable
sites.io,unavailable
size.io,32898.88
skelp.io,71.14
skelps.io,71.14
sketch.io,unavailable
skew.io,unavailable
skews.io,71.14
ski.io,unavailable
skid.io,unavailable
skids.io,71.14
skied.io,71.14
skim.io,unavailable
skimp.io,1586.25
skimps.io,71.14
skims.io,71.14
skirl.io,71.14
skirls.io,71.14
skirr.io,unavailable
skirrs.io,71.14
skirt.io,5271.65
skirts.io,unavailable
skis.io,1968.11
skite.io,unavailable
skites.io,71.14
skive.io,unavailable
skives.io,71.14
skulk.io,unavailable
skulks.io,71.14
slab.io,46117.65
slabs.io,unavailable
slag.io,unavailable
slags.io,71.14
slain.io,5723.73
slake.io,unavailable
slakes.io,71.14
slam.io,unavailable
slams.io,unavailable
slang.io,unavailable
slangs.io,71.14
slant.io,unavailable
slants.io,unavailable
slap.io,unavailable
slaps.io,unavailable
slat.io,unavailable
slate.io,unavailable
slates.io,unavailable
slats.io,unavailable
slay.io,unavailable
slays.io,71.14
sleave.io,unavailable
sleaves.io,71.14
sled.io,unavailable
sledge.io,5287.51
sleds.io,71.14
sleek.io,unavailable
sleeks.io,71.14
sleeps.io,unavailable
sleet.io,unavailable
sleets.io,71.14
sleeve.io,39654.99
sleeves.io,71.14
sleigh.io,1968.11
sleighs.io,71.14
slept.io,unavailable
sleuth.io,unavailable
sleuths.io,71.14
slew.io,unavailable
slews.io,71.14
sley.io,71.14
sleys.io,71.14
slice.io,unavailable
slick.io,unavailable
slicks.io,71.14
slight.io,unavailable
slights.io,71.14
slime.io,unavailable
slimes.io,unavailable
sling.io,unavailable
slings.io,unavailable
slink.io,unavailable
slinks.io,71.14
slip.io,71222.74
slips.io,unavailable
slog.io,unavailable
slogs.io,71.14
slope.io,unavailable
slopes.io,unavailable
slosh.io,unavailable
slouch.io,unavailable
slub.io,unavailable
slubs.io,71.14
slue.io,unavailable
slues.io,71.14
slug.io,16523.46
slugs.io,unavailable
sluice.io,unavailable
slum.io,unavailable
slums.io,71.14
slunk.io,unavailable
slur.io,unavailable
slurp.io,unavailable
slurps.io,71.14
slurs.io,unavailable
slush.io,unavailable
smack.io,unavailable
smacks.io,71.14
smarm.io,71.14
smarms.io,71.14
smash.io,unavailable
smear.io,334.69
smears.io,71.14
smeek.io,71.14
smeeks.io,71.14
smell.io,unavailable
smells.io,unavailable
smelt.io,unavailable
smelts.io,71.14
smile.io,unavailable
smiles.io,unavailable
smirch.io,71.14
smirk.io,unavailable
smirks.io,71.14
smite.io,unavailable
smites.io,71.14
smock.io,unavailable
smocks.io,71.14
smoked.io,unavailable
smooch.io,unavailable
smoodge.io,71.14
smote.io,unavailable
smudge.io,unavailable
smut.io,unavailable
smutch.io,71.14
smuts.io,71.14
snack.io,unavailable
snacks.io,unavailable
snag.io,14415.7
snags.io,unavailable
snail.io,unavailable
snails.io,unavailable
snare.io,unavailable
snares.io,71.14
snarl.io,unavailable
snarls.io,71.14
snash.io,unavailable
snatch.io,unavailable
sneck.io,unavailable
snecks.io,71.14
sned.io,unavailable
sneds.io,71.14
sneer.io,71.14
sneers.io,71.14
sneeze.io,unavailable
snib.io,unavailable
snibs.io,71.14
snick.io,unavailable
snicks.io,71.14
sniff.io,unavailable
sniffs.io,71.14
snig.io,71.14
snigs.io,71.14
snip.io,unavailable
snipe.io,unavailable
snipes.io,unavailable
snips.io,unavailable
snitch.io,unavailable
snog.io,137.72
snogs.io,71.14
snood.io,unavailable
snoods.io,71.14
snool.io,71.14
snools.io,71.14
snoop.io,unavailable
snoops.io,unavailable
snooze.io,unavailable
snore.io,528.9
snores.io,71.14
snort.io,unavailable
snorts.io,71.14
snowk.io,71.14
snowks.io,71.14
snub.io,unavailable
snubs.io,71.14
snuck.io,unavailable
snuff.io,1968.11
snuffs.io,71.14
snug.io,26289.49
snugs.io,71.14
sny.io,5271.65
soak.io,unavailable
soaks.io,71.14
soar.io,unavailable
soars.io,526.11
sod.io,1736.35
sods.io,71.14
sold.io,unavailable
sole.io,unavailable
soles.io,unavailable
solve.io,unavailable
solves.io,71.14
sool.io,unavailable
sools.io,71.14
soot.io,unavailable
soothe.io,unavailable
soothes.io,71.14
soots.io,71.14
sorn.io,71.14
sorns.io,71.14
sort.io,unavailable
sorts.io,unavailable
sough.io,71.14
soughs.io,71.14
sought.io,unavailable
souse.io,unavailable
sown.io,unavailable
spae.io,71.14
spaes.io,71.14
spake.io,71.14
spall.io,unavailable
spalls.io,71.14
spang.io,unavailable
spangs.io,71.14
spank.io,1968.11
spanks.io,71.14
spare.io,unavailable
spares.io,unavailable
sparge.io,71.14
spat.io,unavailable
spats.io,unavailable
spawn.io,unavailable
spawns.io,71.14
spay.io,5271.65
spays.io,71.14
speak.io,unavailable
speaks.io,unavailable
spean.io,71.14
speans.io,71.14
spear.io,unavailable
spears.io,unavailable
speck.io,14395.24
specks.io,unavailable
sped.io,1188.37
spell.io,unavailable
spells.io,unavailable
spelt.io,unavailable
spend.io,unavailable
spends.io,1446.13
spent.io,unavailable
spew.io,526.11
spews.io,71.14
spiel.io,136.15
spiels.io,71.14
spies.io,unavailable
spile.io,unavailable
spiles.io,71.14
spilt.io,unavailable
spire.io,unavailable
spired.io,unavailable
spires.io,unavailable
spirt.io,71.14
spirts.io,71.14
spite.io,13217.45
spites.io,71.14
splash.io,unavailable
splat.io,unavailable
splats.io,71.14
splay.io,unavailable
splays.io,71.14
splice.io,unavailable
spline.io,2642.43
splines.io,unavailable
splint.io,unavailable
splints.io,71.14
splodge.io,unavailable
splosh.io,unavailable
splotch.io,unavailable
splurge.io,461.71
spoil.io,38186.38
spoils.io,unavailable
spoilt.io,71.14
spoke.io,unavailable
spokes.io,251.24
sponge.io,unavailable
spoof.io,unavailable
spoofs.io,unavailable
spook.io,unavailable
spooks.io,unavailable
spool.io,unavailable
spools.io,unavailable
spoom.io,unavailable
spooms.io,71.14
spoon.io,unavailable
spoons.io,5271.65
spoor.io,unavailable
spoors.io,unavailable
spore.io,unavailable
spores.io,unavailable
sport.io,unavailable
sports.io,unavailable
spot.io,unavailable
spots.io,unavailable
spouse.io,unavailable
spout.io,unavailable
spouts.io,71.14
sprain.io,71.14
sprains.io,71.14
sprang.io,unavailable
sprawl.io,unavailable
sprawls.io,71.14
spray.io,unavailable
sprays.io,71.14
sprig.io,unavailable
sprigs.io,unavailable
springe.io,71.14
sprint.io,unavailable
sprints.io,unavailable
spritz.io,unavailable
sprout.io,unavailable
sprouts.io,unavailable
spruce.io,unavailable
spruik.io,71.14
spruiks.io,71.14
sprung.io,unavailable
spue.io,71.14
spues.io,71.14
spume.io,71.14
spumes.io,71.14
spur.io,unavailable
spurn.io,71.14
spurns.io,71.14
spurred.io,unavailable
spurs.io,unavailable
spurt.io,unavailable
spurts.io,71.14
spy.io,unavailable
squall.io,unavailable
squalls.io,71.14
squash.io,unavailable
squat.io,unavailable
squats.io,unavailable
squawk.io,unavailable
squawks.io,71.14
squeak.io,unavailable
squeaks.io,unavailable
squeal.io,unavailable
squeals.io,71.14
squeeze.io,unavailable
squeg.io,71.14
squegs.io,71.14
squelch.io,unavailable
squib.io,unavailable
squibs.io,71.14
squid.io,unavailable
squids.io,71.14
squinch.io,71.14
squint.io,unavailable
squints.io,unavailable
squirm.io,1982.82
squirms.io,71.14
squirt.io,unavailable
squirts.io,71.14
squish.io,unavailable
stab.io,unavailable
stabs.io,unavailable
staged.io,4619.96
stain.io,unavailable
stains.io,71.14
stake.io,unavailable
stakes.io,unavailable
stale.io,unavailable
stales.io,71.14
stalk.io,4626.57
stalks.io,unavailable
stall.io,unavailable
stalls.io,unavailable
stanch.io,71.14
stang.io,unavailable
stangs.io,71.14
stank.io,unavailable
stanks.io,71.14
starch.io,unavailable
stare.io,137.72
stares.io,71.14
start.io,unavailable
starts.io,2379.38
starve.io,unavailable
starves.io,71.14
stash.io,unavailable
staunch.io,unavailable
stave.io,unavailable
staves.io,71.14
staw.io,71.14
staws.io,71.14
stead.io,unavailable
steads.io,71.14
steal.io,unavailable
steals.io,unavailable
steek.io,71.14
steeks.io,71.14
steep.io,unavailable
steeps.io,71.14
steer.io,unavailable
steers.io,unavailable
steeve.io,unavailable
steeves.io,unavailable
stem.io,unavailable
stems.io,unavailable
step.io,unavailable
steps.io,unavailable
stet.io,unavailable
stets.io,71.14
stew.io,unavailable
stews.io,71.14
sties.io,71.14
stilt.io,6461.34
stilts.io,71.14
sting.io,unavailable
stings.io,71.14
stink.io,unavailable
stinks.io,unavailable
stint.io,unavailable
stints.io,unavailable
stitch.io,unavailable
stodge.io,71.14
stoit.io,71.14
stoits.io,71.14
stoke.io,unavailable
stokes.io,unavailable
stole.io,71.14
stoles.io,71.14
stomp.io,unavailable
stomps.io,71.14
stonk.io,unavailable
stonks.io,unavailable
stood.io,unavailable
stooge.io,71.14
stook.io,unavailable
stooks.io,71.14
stoop.io,unavailable
stoops.io,71.14
stope.io,71.14
stopes.io,71.14
store.io,unavailable
stores.io,unavailable
stot.io,unavailable
stots.io,71.14
stoush.io,71.14
strafe.io,unavailable
strafes.io,71.14
strap.io,unavailable
straps.io,unavailable
straw.io,unavailable
straws.io,unavailable
stray.io,unavailable
strays.io,71.37
streak.io,unavailable
streaks.io,unavailable
streek.io,71.37
streeks.io,71.37
stress.io,unavailable
stretch.io,unavailable
strew.io,71.37
strewn.io,unavailable
strews.io,71.37
stride.io,unavailable
strides.io,unavailable
strike.io,unavailable
strikes.io,unavailable
stripe.io,unavailable
stripes.io,unavailable
strive.io,unavailable
strives.io,71.37
strode.io,unavailable
stroke.io,unavailable
strokes.io,unavailable
stroll.io,12541.97
strolls.io,71.37
strook.io,71.37
strop.io,71.37
strops.io,71.37
strove.io,unavailable
strow.io,unavailable
strows.io,71.37
stroy.io,71.37
strum.io,unavailable
strums.io,71.37
strung.io,99.45
strunt.io,71.37
strunts.io,71.37
strut.io,unavailable
struts.io,71.37
stuck.io,5287.51
stuff.io,unavailable
stuffs.io,unavailable
stum.io,unavailable
stump.io,unavailable
stumps.io,unavailable
stums.io,71.37
stun.io,1283.7
stung.io,71.37
stunk.io,71.37
stuns.io,71.37
stunt.io,unavailable
stunts.io,5723.73
sty.io,5271.65
style.io,unavailable
styles.io,unavailable
suck.io,unavailable
sucks.io,3817.58
suds.io,unavailable
suit.io,39654.99
suits.io,16497.3
sulk.io,unavailable
sulks.io,71.37
sum.io,unavailable
sums.io,6516.85
sunk.io,unavailable
sunks.io,71.37
sup.io,117499.1
sups.io,unavailable
surge.io,unavailable
suss.io,662.78
swab.io,3882.35
swabs.io,71.37
swag.io,39654.99
swage.io,71.37
swags.io,71.37
swam.io,526.11
swang.io,unavailable
swank.io,991.41
swanks.io,71.37
swap.io,unavailable
swaps.io,unavailable
sward.io,71.37
swards.io,71.37
swarm.io,unavailable
swarms.io,unavailable
swathe.io,71.37
swathes.io,71.37
sway.io,unavailable
sways.io,71.37
sweal.io,unavailable
sweals.io,71.37
swear.io,unavailable
swears.io,71.37
sweat.io,unavailable
sweats.io,71.37
sweep.io,unavailable
sweeps.io,3964.31
swell.io,unavailable
swells.io,71.37
swept.io,unavailable
swerve.io,13218.77
swerves.io,71.37
swig.io,unavailable
swigs.io,71.37
swill.io,unavailable
swills.io,unavailable
swing.io,39654.99
swinge.io,71.37
swings.io,2643.75
swink.io,unavailable
swinks.io,71.37
swipe.io,39654.99
swipes.io,unavailable
swirl.io,unavailable
swirls.io,71.37
swish.io,unavailable
switch.io,unavailable
swith.io,unavailable
swive.io,71.37
swives.io,71.37
swob.io,71.37
swobs.io,71.37
swoon.io,unavailable
swoons.io,71.37
swoop.io,unavailable
swoops.io,71.37
swoosh.io,unavailable
swop.io,unavailable
swops.io,unavailable
swore.io,71.37
sworn.io,unavailable
swot.io,unavailable
swots.io,71.37
swound.io,unavailable
swounds.io,71.37
swum.io,71.37
swung.io,unavailable
sync.io,unavailable
syncs.io,unavailable
ta'en.io,unavailable
tag.io,unavailable
tags.io,unavailable
taint.io,unavailable
taints.io,71.37
talc.io,unavailable
talcs.io,71.37
tallies.io,unavailable
tally.io,unavailable
tame.io,unavailable
tames.io,71.37
tamp.io,unavailable
tamps.io,71.37
tan.io,unavailable
tans.io,unavailable
tar.io,unavailable
tare.io,2639.79
tares.io,71.37
tars.io,3725.5
tart.io,unavailable
tarts.io,unavailable
task.io,unavailable
tasks.io,unavailable
taste.io,unavailable
tastes.io,526.11
tat.io,unavailable
tats.io,unavailable
taught.io,unavailable
taunt.io,38321.22
taunts.io,71.37
taw.io,unavailable
taws.io,unavailable
tawse.io,unavailable
teach.io,unavailable
tease.io,unavailable
tee.io,38186.38
teem.io,unavailable
teems.io,unavailable
tees.io,unavailable
teeth.io,unavailable
teethe.io,71.37
teethes.io,71.37
temp.io,unavailable
temps.io,unavailable
tempt.io,unavailable
tempts.io,71.37
tend.io,unavailable
tends.io,71.37
tew.io,unavailable
tews.io,71.37
thack.io,unavailable
thacks.io,71.37
thank.io,unavailable
thanks.io,unavailable
thaw.io,unavailable
thaws.io,71.37
thieve.io,71.37
thieves.io,526.11
thig.io,unavailable
thigs.io,71.37
thin.io,1968.11
thins.io,71.37
thirl.io,71.37
thirls.io,71.37
thirst.io,unavailable
thirsts.io,71.37
thole.io,71.37
tholes.io,71.37
thrall.io,71.37
thralls.io,71.37
thrash.io,4619.96
thraw.io,71.37
thraws.io,71.37
thread.io,unavailable
threads.io,unavailable
threap.io,71.37
threaps.io,71.37
threat.io,219272.97
threats.io,unavailable
thresh.io,unavailable
threw.io,unavailable
thrill.io,unavailable
thrills.io,unavailable
thrive.io,unavailable
thrives.io,unavailable
throb.io,unavailable
throbs.io,71.37
throne.io,unavailable
thrones.io,14392.6
throng.io,unavailable
throngs.io,71.37
throve.io,71.37
thrown.io,unavailable
thrum.io,unavailable
thrums.io,71.37
thrust.io,unavailable
thrusts.io,71.37
thud.io,unavailable
thuds.io,71.37
thumb.io,38186.38
thumbs.io,unavailable
thump.io,unavailable
thumps.io,71.37
thwack.io,unavailable
thwacks.io,71.37
thwart.io,unavailable
thwarts.io,71.37
tie.io,unavailable
tier.io,222483.81
tiers.io,unavailable
ties.io,unavailable
tiff.io,7269.
tiffs.io,71.37
tile.io,unavailable
tiled.io,unavailable
tiles.io,unavailable
till.io,unavailable
tills.io,71.37
tinct.io,71.37
tincts.io,71.37
ting.io,unavailable
tinge.io,unavailable
tings.io,71.37
tint.io,38186.38
tints.io,71.37
tip.io,unavailable
tips.io,39656.31
tire.io,25115.66
tired.io,unavailable
tires.io,unavailable
tithe.io,unavailable
tithes.io,71.37
toast.io,unavailable
toasts.io,71.37
toe.io,unavailable
toes.io,5271.65
tog.io,unavailable
togs.io,unavailable
toil.io,526.11
toils.io,71.37
told.io,unavailable
toll.io,unavailable
tolls.io,unavailable
tomb.io,unavailable
tombs.io,unavailable
tong.io,6461.34
tongs.io,unavailable
took.io,unavailable
tool.io,unavailable
tools.io,unavailable
toom.io,unavailable
tooms.io,71.37
toot.io,unavailable
toots.io,unavailable
tope.io,unavailable
topes.io,71.37
torch.io,unavailable
tore.io,unavailable
tores.io,71.37
torn.io,1787.84
toss.io,unavailable
tost.io,unavailable
tot.io,unavailable
tote.io,17766.3
totes.io,5271.65
tots.io,unavailable
tour.io,unavailable
tours.io,26437.54
touse.io,71.37
tow.io,unavailable
tows.io,5271.65
traipse.io,unavailable
tramp.io,5271.65
tramps.io,71.37
trance.io,unavailable
trap.io,39654.99
trapes.io,71.37
traps.io,unavailable
trawl.io,unavailable
trawls.io,71.37
tread.io,unavailable
treads.io,unavailable
treat.io,21656.31
treats.io,5287.51
treed.io,unavailable
trek.io,unavailable
treks.io,unavailable
trend.io,unavailable
trends.io,unavailable
tress.io,unavailable
trice.io,unavailable
trick.io,unavailable
tricks.io,unavailable
tried.io,unavailable
tries.io,526.11
trig.io,unavailable
trigs.io,71.37
trill.io,unavailable
trills.io,71.37
trim.io,unavailable
trims.io,71.37
trip.io,unavailable
trips.io,unavailable
troat.io,71.37
troats.io,71.37
trod.io,unavailable
trode.io,71.37
trodes.io,unavailable
trog.io,unavailable
trogs.io,71.37
troke.io,71.37
trokes.io,71.37
troll.io,unavailable
trolls.io,unavailable
trounce.io,71.37
troupe.io,unavailable
troupes.io,71.37
trow.io,unavailable
trows.io,71.37
trudge.io,71.37
trump.io,unavailable
trumps.io,unavailable
truss.io,unavailable
try.io,39654.99
tryst.io,unavailable
trysts.io,71.37
tub.io,38186.38
tube.io,unavailable
tubes.io,unavailable
tubs.io,unavailable
tuft.io,unavailable
tufts.io,unavailable
tug.io,unavailable
tugs.io,unavailable
tun.io,unavailable
tune.io,unavailable
tunes.io,unavailable
tuns.io,71.37
tusk.io,unavailable
tusks.io,unavailable
tut.io,unavailable
tuts.io,unavailable
twang.io,unavailable
twangs.io,71.37
tweak.io,unavailable
tweaks.io,unavailable
tweet.io,unavailable
tweets.io,unavailable
tweeze.io,71.37
twig.io,unavailable
twigs.io,unavailable
twill.io,unavailable
twills.io,71.37
twin.io,unavailable
twine.io,unavailable
twines.io,71.37
twinge.io,unavailable
twink.io,unavailable
twinks.io,5271.65
twinned.io,71.37
twins.io,unavailable
twirl.io,unavailable
twirls.io,71.37
twirp.io,71.37
twirps.io,71.37
twist.io,unavailable
twists.io,71.37
twit.io,912.95
twitch.io,38186.38
twits.io,unavailable
urge.io,unavailable
use.io,unavailable
vail.io,5271.65
vails.io,71.37
vamp.io,unavailable
vamps.io,71.37
vault.io,unavailable
vaults.io,unavailable
vaunt.io,unavailable
vaunts.io,71.37
veep.io,unavailable
veeps.io,71.37
veer.io,46117.65
veers.io,unavailable
veil.io,unavailable
veils.io,unavailable
vein.io,unavailable
veins.io,5271.65
vend.io,63311.3
vends.io,71.37
venge.io,unavailable
vent.io,unavailable
vents.io,unavailable
verge.io,unavailable
verse.io,unavailable
vest.io,unavailable
vests.io,unavailable
vet.io,unavailable
vets.io,unavailable
vex.io,unavailable
vie.io,unavailable
vies.io,unavailable
vise.io,unavailable
voice.io,unavailable
void.io,unavailable
voids.io,3172.5
vote.io,unavailable
votes.io,136.15
vouch.io,unavailable
vow.io,unavailable
vows.io,unavailable
waff.io,unavailable
waffs.io,71.37
waft.io,unavailable
wafts.io,71.37
wail.io,unavailable
wails.io,71.37
wait.io,unavailable
waits.io,unavailable
waive.io,unavailable
waives.io,unavailable
wale.io,unavailable
wales.io,unavailable
wane.io,unavailable
wanes.io,71.37
want.io,unavailable
wants.io,5723.73
wap.io,unavailable
waps.io,unavailable
wark.io,unavailable
warks.io,71.37
warn.io,unavailable
warns.io,71.37
warp.io,unavailable
warps.io,71.37
was.io,unavailable
waste.io,unavailable
wastes.io,unavailable
waught.io,71.37
waughts.io,71.37
wauk.io,71.37
wauks.io,71.37
waul.io,71.37
wauls.io,71.37
waved.io,unavailable
wawl.io,71.37
wawls.io,71.37
wean.io,1968.11
weans.io,71.37
wear.io,unavailable
wears.io,5723.73
weave.io,unavailable
weaves.io,26437.54
wed.io,unavailable
wedge.io,11668.21
wedged.io,71.37
weds.io,5271.65
wee.io,unavailable
ween.io,unavailable
weens.io,71.37
weep.io,5271.65
weeps.io,71.37
wees.io,5271.65
weigh.io,461.71
weighs.io,71.37
well.io,unavailable
wells.io,unavailable
welt.io,unavailable
welts.io,71.37
wench.io,71.37
went.io,unavailable
wept.io,unavailable
were.io,24967.61
wert.io,unavailable
whack.io,unavailable
whacks.io,71.37
wham.io,unavailable
whams.io,71.37
whang.io,71.37
whangs.io,71.37
whap.io,3238.6
whaps.io,71.37
wharf.io,unavailable
wharfs.io,71.37
wheeze.io,71.37
whelk.io,unavailable
whelks.io,71.37
whelm.io,unavailable
whelms.io,71.37
whelp.io,unavailable
whelps.io,71.37
whet.io,5271.65
whets.io,71.37
whiff.io,137.72
whiffs.io,71.37
whine.io,unavailable
whines.io,71.37
whinge.io,71.37
whir.io,unavailable
whirl.io,unavailable
whirls.io,71.37
whirr.io,unavailable
whirrs.io,71.37
whirs.io,71.37
whish.io,unavailable
whisk.io,unavailable
whisks.io,71.37
whist.io,unavailable
whists.io,71.37
whiz.io,unavailable
whizz.io,38186.38
whoop.io,unavailable
whoops.io,unavailable
whoosh.io,unavailable
whop.io,unavailable
whops.io,71.37
whore.io,unavailable
whores.io,unavailable
wield.io,unavailable
wields.io,71.37
wile.io,unavailable
wiles.io,71.37
will.io,unavailable
wills.io,unavailable
wilt.io,unavailable
wilts.io,unavailable
wince.io,unavailable
winch.io,unavailable
wink.io,unavailable
winks.io,unavailable
wipe.io,unavailable
wipes.io,unavailable
wisp.io,unavailable
wisps.io,71.37
wist.io,unavailable
wit.io,unavailable
withe.io,71.37
withes.io,71.37
wits.io,unavailable
wive.io,2643.75
wives.io,52727.3
woke.io,unavailable
won.io,unavailable
wons.io,unavailable
wont.io,unavailable
wonts.io,71.37
woo.io,unavailable
woof.io,13217.45
woofs.io,unavailable
woos.io,unavailable
woosh.io,unavailable
wore.io,unavailable
worn.io,unavailable
worst.io,unavailable
worsts.io,71.37
wot.io,unavailable
wots.io,unavailable
would.io,unavailable
wound.io,3964.31
wounds.io,unavailable
wow.io,unavailable
wows.io,unavailable
wrack.io,71.37
wracks.io,71.37
wrap.io,unavailable
wrapped.io,unavailable
wraps.io,unavailable
wreak.io,71.37
wreaks.io,71.37
wreath.io,unavailable
wreathe.io,71.37
wreathes.io,71.37
wreaths.io,71.37
wreck.io,unavailable
wrecks.io,71.37
wrench.io,unavailable
wrest.io,71.37
wrests.io,71.37
wrick.io,71.37
wricks.io,71.37
wring.io,unavailable
wrings.io,71.37
write.io,unavailable
writes.io,unavailable
writhe.io,71.37
writhes.io,71.37
wrote.io,7957.7
wrung.io,71.37
wyte.io,unavailable
wytes.io,71.37
yacht.io,unavailable
yachts.io,unavailable
yack.io,unavailable
yacks.io,71.37
yaff.io,71.37
yaffs.io,71.37
yarn.io,unavailable
yarns.io,unavailable
yaup.io,71.37
yaw.io,5271.65
yawl.io,unavailable
yawls.io,71.37
yawn.io,unavailable
yawns.io,71.37
yawp.io,unavailable
yawps.io,71.37
yaws.io,71.37
yean.io,71.37
yeans.io,71.37
yearn.io,unavailable
yearns.io,71.37
yeast.io,unavailable
yeasts.io,71.37
yell.io,19828.16
yells.io,71.37
yelp.io,unavailable
yelps.io,71.37
yen.io,unavailable
yens.io,unavailable
yeuk.io,71.37
yeuks.io,71.37
yield.io,unavailable
yields.io,unavailable
yike.io,unavailable
yikes.io,unavailable
yip.io,unavailable
yips.io,71.37
yoke.io,unavailable
yokes.io,71.37
yowl.io,71.37
yowls.io,71.37
zap.io,unavailable
zaps.io,unavailable
zest.io,unavailable
zests.io,71.37
zing.io,unavailable
zings.io,unavailable
zip.io,unavailable
zips.io,unavailable
zoom.io,unavailable
zooms.io,unavailable
.io,unavailable
