abb.app,unavailable
abb.app,unavailable
abbs.app,21.49
abbs.app,21.49
ace.app,unavailable
ace.app,unavailable
ache.app,unavailable
ache.app,unavailable
abb.app,unavailable
abbs.app,21.49
ace.app,unavailable
ache.app,unavailable
aches.app,unavailable
adz.app,unavailable
adze.app,unavailable
aid.app,unavailable
aide.app,unavailable
aides.app,21.49
aids.app,unavailable
ail.app,657.53
ails.app,unavailable
aim.app,unavailable
aims.app,unavailable
ain.app,unavailable
ain't.app,unavailable
airs.app,unavailable
airt.app,21.49
airts.app,21.49
aisle.app,unavailable
aisles.app,unavailable
ait.app,unavailable
aitch.app,21.49
aits.app,unavailable
ake.app,unavailable
akes.app,21.49
alb.app,3287.65
albs.app,21.49
ale.app,unavailable
ales.app,unavailable
alfa.app,unavailable
alfas.app,21.49
alias.app,unavailable
all.app,unavailable
alms.app,unavailable
alp.app,unavailable
alps.app,unavailable
alt.app,unavailable
alts.app,unavailable
alum.app,unavailable
alums.app,unavailable
amp.app,unavailable
amps.app,unavailable
and.app,unavailable
ands.app,unavailable
ane.app,unavailable
anes.app,21.49
angst.app,unavailable
angsts.app,21.49
ankh.app,unavailable
ankhs.app,21.49
ant.app,unavailable
ants.app,unavailable
ape.app,unavailable
apes.app,21.49
apse.app,unavailable
arch.app,unavailable
arcs.app,unavailable
are.app,1317.68
aren't.app,unavailable
ares.app,unavailable
ark.app,unavailable
arks.app,unavailable
arm.app,171.29
arms.app,unavailable
arts.app,unavailable
asp.app,unavailable
asps.app,21.49
ate.app,171.29
aught.app,21.49
aughts.app,21.49
auk.app,unavailable
auks.app,21.49
aune.app,21.49
aunes.app,21.49
auto.app,unavailable
autos.app,unavailable
awe.app,unavailable
awes.app,unavailable
awl.app,unavailable
awls.app,21.49
awn.app,unavailable
awns.app,21.49
axe.app,unavailable
aye.app,unavailable
ayes.app,unavailable
ayre.app,unavailable
ayres.app,21.49
baas.app,unavailable
bade.app,unavailable
badge.app,329.41
bael.app,21.49
baels.app,21.49
baff.app,unavailable
baffs.app,21.49
bag.app,unavailable
bags.app,unavailable
baht.app,unavailable
bahts.app,21.49
bail.app,unavailable
bails.app,unavailable
bairn.app,21.49
bairns.app,21.49
bait.app,unavailable
baits.app,21.49
baize.app,21.49
bake.app,unavailable
bakes.app,21.49
bale.app,unavailable
bales.app,21.49
balk.app,21.49
balks.app,21.49
ban.app,329.41
banc.app,unavailable
bancs.app,21.49
bane.app,21.49
banes.app,21.49
bang.app,1317.68
bangs.app,21.49
banns.app,21.49
bans.app,unavailable
bant.app,unavailable
bants.app,unavailable
bap.app,unavailable
baps.app,unavailable
barb.app,unavailable
barbe.app,21.49
barbes.app,unavailable
barbs.app,21.49
barm.app,21.49
barms.app,21.49
barque.app,21.49
barques.app,21.49
barre.app,unavailable
barred.app,21.49
barres.app,21.49
bash.app,unavailable
bast.app,24879.43
baste.app,21.49
bastes.app,21.49
basts.app,21.49
bate.app,unavailable
bates.app,85.64
bathe.app,21.49
bathes.app,21.49
batt.app,unavailable
batts.app,21.49
baud.app,unavailable
bauds.app,21.49
baulk.app,21.49
baulks.app,21.49
bawd.app,21.49
bawds.app,21.49
bawl.app,21.49
bawls.app,21.49
bead.app,unavailable
beads.app,unavailable
beak.app,3953.9
beaks.app,21.49
beaut.app,unavailable
beauts.app,21.49
beaux.app,unavailable
beech.app,unavailable
beep.app,unavailable
beeps.app,unavailable
beeves.app,21.49
beg.app,unavailable
begs.app,21.49
beige.app,171.29
belch.app,unavailable
belt.app,unavailable
belts.app,unavailable
bends.app,unavailable
bene.app,unavailable
benes.app,21.49
bent.app,19617.87
bents.app,21.49
berk.app,21.49
berks.app,21.49
berm.app,21.49
berms.app,21.49
berth.app,unavailable
berths.app,21.49
bet.app,unavailable
bets.app,unavailable
bey.app,unavailable
beys.app,21.49
bhang.app,21.49
bice.app,unavailable
bid.app,unavailable
bids.app,unavailable
bield.app,21.49
bields.app,21.49
bier.app,unavailable
biers.app,21.49
biff.app,unavailable
biffs.app,21.49
bigg.app,unavailable
biggs.app,21.49
bight.app,21.49
bights.app,21.49
bike.app,unavailable
bikes.app,unavailable
bile.app,unavailable
biles.app,21.49
bilge.app,21.49
bilk.app,unavailable
bilks.app,21.49
bin.app,unavailable
bine.app,unavailable
bines.app,21.49
binge.app,unavailable
bins.app,unavailable
biog.app,unavailable
biogs.app,21.49
birch.app,unavailable
birk.app,unavailable
birks.app,21.49
birl.app,21.49
birls.app,21.49
birr.app,unavailable
birrs.app,21.49
birse.app,21.49
bise.app,unavailable
bish.app,unavailable
bisque.app,21.49
bisques.app,21.49
bit.app,unavailable
bitch.app,unavailable
bite.app,unavailable
bites.app,85.64
bits.app,unavailable
bitt.app,unavailable
bitts.app,21.49
biz.app,unavailable
blab.app,unavailable
blabs.app,21.49
blague.app,21.49
blagues.app,21.49
blah.app,unavailable
blahs.app,21.49
blain.app,21.49
blains.app,21.49
blame.app,unavailable
blames.app,21.49
blare.app,unavailable
blares.app,21.49
bleach.app,unavailable
bleak.app,unavailable
bleaks.app,21.49
bleat.app,21.49
bleats.app,21.49
bleb.app,21.49
blebs.app,21.49
bleed.app,27671.63
bleeds.app,21.49
bleep.app,796.18
bleeps.app,unavailable
blend.app,unavailable
blende.app,unavailable
blends.app,unavailable
blet.app,21.49
blets.app,21.49
blight.app,21.49
blights.app,21.49
blimp.app,unavailable
blimps.app,21.49
blink.app,unavailable
blinks.app,unavailable
blintz.app,21.49
blintze.app,21.49
blip.app,unavailable
blips.app,unavailable
bloat.app,21.49
bloats.app,21.49
blob.app,unavailable
blobs.app,unavailable
bloc.app,unavailable
blocs.app,unavailable
bloke.app,unavailable
blokes.app,26.9
blond.app,unavailable
blonde.app,171.29
blondes.app,21.49
blonds.app,21.49
bloom.app,unavailable
blooms.app,unavailable
blot.app,unavailable
blotch.app,21.49
blots.app,21.49
blouse.app,unavailable
bludge.app,21.49
blues.app,unavailable
bluet.app,unavailable
bluff.app,unavailable
bluffs.app,unavailable
blur.app,unavailable
blurb.app,unavailable
blurbs.app,21.49
blurs.app,21.49
blush.app,unavailable
boar.app,unavailable
boars.app,21.49
boart.app,21.49
boarts.app,21.49
boast.app,unavailable
boasts.app,21.49
boat.app,unavailable
boats.app,unavailable
bobs.app,unavailable
boche.app,unavailable
bock.app,unavailable
bocks.app,21.49
boff.app,unavailable
boffs.app,21.49
bold.app,unavailable
bole.app,unavailable
boles.app,unavailable
bolt.app,unavailable
bolts.app,unavailable
bombe.app,unavailable
bombes.app,21.49
bonce.app,21.49
bong.app,unavailable
bongs.app,unavailable
bonne.app,unavailable
bonze.app,21.49
boo.app,unavailable
boob.app,unavailable
boobs.app,unavailable
boom.app,unavailable
booms.app,unavailable
boon.app,unavailable
boons.app,21.49
boor.app,21.49
boors.app,21.49
boos.app,unavailable
boost.app,unavailable
boosts.app,unavailable
boot.app,unavailable
boots.app,329.41
booze.app,unavailable
bor.app,unavailable
bord.app,unavailable
bore.app,unavailable
bores.app,21.49
bors.app,unavailable
borsch.app,unavailable
borscht.app,21.49
borschts.app,21.49
bort.app,21.49
borts.app,21.49
bosh.app,unavailable
bosk.app,unavailable
bosks.app,21.49
botch.app,21.49
bots.app,unavailable
bott.app,unavailable
botte.app,21.49
botts.app,21.49
bouche.app,21.49
bough.app,21.49
boughs.app,21.49
bouk.app,21.49
bouks.app,21.49
boule.app,unavailable
boules.app,21.49
boulle.app,21.49
boulles.app,21.49
bounce.app,unavailable
bound.app,85.64
bounds.app,unavailable
bourg.app,21.49
bourgs.app,21.49
bourn.app,21.49
bourne.app,85.64
bournes.app,21.49
bourns.app,21.49
bourse.app,unavailable
bout.app,2238.77
bouts.app,unavailable
bowls.app,21.49
boy.app,1317.68
boys.app,1317.68
br'er.app,unavailable
bra.app,unavailable
brace.app,6588.48
brach.app,21.49
bract.app,21.49
bracts.app,21.49
brae.app,21.49
braes.app,21.49
brag.app,unavailable
brags.app,21.49
braid.app,unavailable
braids.app,unavailable
brail.app,21.49
brails.app,21.49
bras.app,unavailable
brash.app,unavailable
brass.app,unavailable
brat.app,21.49
brats.app,21.49
brave.app,unavailable
braves.app,unavailable
brawl.app,unavailable
brawls.app,21.49
brawn.app,unavailable
bray.app,unavailable
brays.app,21.49
breadth.app,21.49
breadths.app,21.49
breast.app,329.41
breasts.app,171.29
breath.app,unavailable
breaths.app,unavailable
brede.app,21.49
bredes.app,21.49
bree.app,21.49
breed.app,unavailable
breeds.app,unavailable
brees.app,21.49
breeze.app,unavailable
breve.app,unavailable
breves.app,21.49
brew.app,unavailable
brews.app,unavailable
bribe.app,unavailable
bribes.app,21.49
brief.app,171.29
briefs.app,unavailable
brim.app,unavailable
brims.app,21.49
brine.app,21.49
brines.app,21.49
brink.app,unavailable
brinks.app,21.49
bro.app,unavailable
broach.app,21.49
broch.app,21.49
brochs.app,21.49
brock.app,unavailable
brocks.app,21.49
brogh.app,21.49
broghs.app,21.49
brogue.app,21.49
brogues.app,21.49
broil.app,unavailable
broils.app,21.49
broo.app,unavailable
brooch.app,21.49
brood.app,unavailable
broods.app,21.49
broom.app,unavailable
brooms.app,21.49
broos.app,21.49
bros.app,171.29
brose.app,unavailable
broth.app,unavailable
broths.app,21.49
brough.app,21.49
broughs.app,21.49
brow.app,unavailable
brows.app,21.49
browse.app,unavailable
bruise.app,21.49
bruit.app,unavailable
bruits.app,21.49
brume.app,unavailable
brumes.app,21.49
brunch.app,unavailable
brunt.app,unavailable
brunts.app,21.49
brute.app,unavailable
brutes.app,21.49
buff.app,unavailable
buffs.app,unavailable
bulb.app,unavailable
bulbs.app,unavailable
bum.app,unavailable
bumf.app,unavailable
bumfs.app,21.49
bumph.app,21.49
bumphs.app,21.49
bums.app,21.49
bun.app,unavailable
bunch.app,unavailable
bung.app,unavailable
bungs.app,21.49
bunk.app,unavailable
bunks.app,21.49
buns.app,21.49
bunt.app,21.49
bunts.app,21.49
buoy.app,unavailable
buoys.app,unavailable
burd.app,21.49
burds.app,21.49
burg.app,unavailable
burgh.app,21.49
burghs.app,21.49
burgs.app,21.49
burk.app,unavailable
burks.app,21.49
burn.app,unavailable
burns.app,unavailable
burp.app,21.49
burps.app,21.49
burse.app,21.49
burst.app,unavailable
bursts.app,21.49
busk.app,unavailable
busks.app,21.49
buss.app,unavailable
bust.app,unavailable
busts.app,21.49
but.app,unavailable
buts.app,21.49
buzz.app,unavailable
bye.app,unavailable
byes.app,21.49
byre.app,21.49
byres.app,21.49
byte.app,unavailable
bytes.app,unavailable
cache.app,unavailable
caches.app,21.49
cadge.app,21.49
caff.app,21.49
caffs.app,21.49
cairn.app,unavailable
cairns.app,1251.81
cake.app,unavailable
cakes.app,unavailable
calf.app,6588.48
calfs.app,21.49
calif.app,21.49
califs.app,21.49
calk.app,21.49
calks.app,21.49
calm.app,unavailable
calms.app,21.49
calque.app,21.49
calques.app,21.49
calves.app,21.49
calx.app,unavailable
came.app,329.41
cames.app,21.49
cangue.app,21.49
cangues.app,21.49
caps.app,unavailable
cards.app,unavailable
cark.app,21.49
carks.app,21.49
carp.app,unavailable
carps.app,21.49
carse.app,21.49
cart.app,unavailable
carts.app,unavailable
cask.app,unavailable
casks.app,21.49
casque.app,21.49
casques.app,21.49
caste.app,unavailable
castes.app,21.49
cate.app,unavailable
cates.app,unavailable
caul.app,21.49
cauld.app,21.49
caulds.app,21.49
cauls.app,21.49
cave.app,unavailable
caves.app,unavailable
caw.app,unavailable
caws.app,21.49
cay.app,unavailable
cays.app,21.49
cease.app,unavailable
cent.app,unavailable
cento.app,unavailable
centos.app,unavailable
cents.app,unavailable
ceorl.app,21.49
ceorls.app,21.49
cep.app,unavailable
ceps.app,unavailable
cere.app,6588.48
ceres.app,unavailable
cert.app,unavailable
certs.app,unavailable
cess.app,unavailable
cete.app,6588.48
cetes.app,21.49
chafe.app,unavailable
chafes.app,21.49
chaff.app,21.49
chaffs.app,21.49
chair.app,171.29
chairs.app,171.29
chaise.app,unavailable
chalk.app,unavailable
chalks.app,21.49
champ.app,unavailable
champs.app,unavailable
chance.app,unavailable
chant.app,unavailable
chants.app,21.49
chap.app,unavailable
chape.app,21.49
chapes.app,21.49
chaps.app,21.49
chard.app,4611.94
chards.app,21.49
chark.app,unavailable
charks.app,21.49
charm.app,unavailable
charms.app,85.64
charr.app,21.49
charrs.app,21.49
chart.app,unavailable
charts.app,unavailable
chasm.app,21.49
chasms.app,21.49
chat.app,unavailable
chats.app,329.41
chaunt.app,21.49
chaunts.app,21.49
chaw.app,21.49
chaws.app,21.49
chay.app,unavailable
chays.app,21.49
cheap.app,658.84
cheat.app,unavailable
cheats.app,unavailable
check.app,unavailable
checks.app,unavailable
cheek.app,unavailable
cheeks.app,21.49
cheep.app,21.49
cheeps.app,21.49
cheer.app,unavailable
cheers.app,unavailable
chef.app,unavailable
chefs.app,unavailable
cheque.app,unavailable
cheques.app,unavailable
chert.app,21.49
chess.app,unavailable
chi.app,unavailable
chiao.app,21.49
chiaus.app,21.49
chic.app,unavailable
chield.app,21.49
chields.app,21.49
chill.app,unavailable
chills.app,21.49
chimb.app,21.49
chimbs.app,21.49
chime.app,unavailable
chimes.app,21.49
chimp.app,unavailable
chimps.app,unavailable
chinch.app,21.49
chine.app,unavailable
chines.app,21.49
chintz.app,21.49
chirm.app,21.49
chirms.app,21.49
chirp.app,unavailable
chirps.app,unavailable
chirr.app,unavailable
chirre.app,21.49
chirres.app,21.49
chirrs.app,21.49
chis.app,21.49
chit.app,unavailable
chits.app,unavailable
chiv.app,21.49
chive.app,unavailable
chives.app,unavailable
chivs.app,21.49
chock.app,unavailable
chocks.app,21.49
choice.app,unavailable
choir.app,unavailable
choirs.app,21.49
choke.app,21.49
chokes.app,21.49
chomp.app,unavailable
chomps.app,21.49
chon.app,21.49
chook.app,21.49
chooks.app,unavailable
choom.app,unavailable
chooms.app,21.49
chore.app,unavailable
chores.app,unavailable
chose.app,unavailable
chott.app,21.49
chotts.app,21.49
chough.app,21.49
choughs.app,21.49
chouse.app,21.49
chrism.app,21.49
chrisms.app,21.49
chub.app,unavailable
chubs.app,21.49
chuff.app,21.49
chuffs.app,21.49
chug.app,21.49
chugs.app,21.49
chum.app,unavailable
chump.app,21.49
chumps.app,21.49
chums.app,unavailable
chunk.app,unavailable
chunks.app,unavailable
churl.app,21.49
churls.app,21.49
churn.app,unavailable
churns.app,21.49
churr.app,21.49
churrs.app,21.49
chute.app,unavailable
chutes.app,21.49
chyle.app,21.49
chyme.app,unavailable
chypre.app,unavailable
chypres.app,21.49
ciao.app,unavailable
ciaos.app,21.49
cig.app,6588.48
cigs.app,21.49
cinch.app,unavailable
cinque.app,21.49
cinques.app,21.49
cirque.app,unavailable
cirques.app,21.49
cist.app,21.49
cists.app,21.49
cit.app,unavailable
cits.app,unavailable
clack.app,unavailable
clacks.app,21.49
claim.app,unavailable
claims.app,unavailable
clam.app,32942.42
clamp.app,unavailable
clamps.app,21.49
clams.app,unavailable
clan.app,329.41
clang.app,unavailable
clangs.app,21.49
clank.app,unavailable
clanks.app,21.49
clans.app,unavailable
clap.app,unavailable
claps.app,unavailable
claque.app,21.49
claques.app,21.49
clash.app,unavailable
clasp.app,unavailable
clasps.app,21.49
clause.app,unavailable
clave.app,unavailable
claves.app,unavailable
clean.app,unavailable
cleans.app,21.49
cleat.app,21.49
cleats.app,unavailable
cleck.app,21.49
clecks.app,21.49
cleek.app,21.49
cleeks.app,21.49
clef.app,unavailable
clefs.app,unavailable
cleg.app,21.49
clegs.app,21.49
clench.app,21.49
clerk.app,171.29
clerks.app,21.49
clew.app,unavailable
clews.app,21.49
clift.app,unavailable
clifts.app,21.49
climb.app,unavailable
climbs.app,unavailable
clime.app,unavailable
climes.app,21.49
clinch.app,unavailable
cline.app,unavailable
clines.app,21.49
cling.app,unavailable
clings.app,21.49
clink.app,unavailable
clinks.app,21.49
clip.app,unavailable
clips.app,unavailable
clique.app,unavailable
cliques.app,unavailable
cloak.app,unavailable
cloaks.app,21.49
cloche.app,unavailable
cloches.app,21.49
clock.app,unavailable
clocks.app,unavailable
clod.app,21.49
clods.app,21.49
clog.app,1252.31
clogs.app,21.49
cloke.app,21.49
clokes.app,21.49
clomp.app,21.49
clomps.app,21.49
clone.app,unavailable
clones.app,unavailable
clonk.app,21.49
clonks.app,21.49
cloot.app,21.49
cloots.app,21.49
clop.app,21.49
clops.app,21.49
clot.app,21.49
cloth.app,unavailable
clothes.app,unavailable
cloths.app,unavailable
clots.app,21.49
clou.app,unavailable
clous.app,21.49
clout.app,unavailable
clouts.app,unavailable
clove.app,unavailable
cloves.app,21.49
clown.app,171.29
clowns.app,unavailable
cluck.app,unavailable
clucks.app,21.49
clue.app,unavailable
clues.app,19765.45
clump.app,21.49
clumps.app,21.49
clunk.app,unavailable
clunks.app,21.49
clutch.app,unavailable
coach.app,unavailable
coax.app,unavailable
coif.app,unavailable
coifs.app,21.49
coigne.app,21.49
coignes.app,21.49
coil.app,unavailable
coils.app,21.49
coin.app,unavailable
coins.app,unavailable
coir.app,unavailable
coit.app,21.49
coll.app,unavailable
combe.app,21.49
combes.app,21.49
comp.app,unavailable
comps.app,unavailable
compt.app,21.49
conch.app,unavailable
conchs.app,21.49
cone.app,unavailable
cones.app,unavailable
conk.app,unavailable
conks.app,21.49
conte.app,unavailable
contes.app,unavailable
coo.app,6588.48
coof.app,21.49
coofs.app,21.49
cool.app,unavailable
cools.app,21.49
coolth.app,21.49
coom.app,21.49
coomb.app,21.49
coombs.app,21.49
cooms.app,21.49
coon.app,21.49
coons.app,21.49
coos.app,21.49
coot.app,unavailable
coots.app,21.49
cop.app,unavailable
cope.app,unavailable
copes.app,unavailable
cops.app,unavailable
copse.app,21.49
cord.app,unavailable
cords.app,unavailable
corf.app,21.49
corm.app,21.49
corms.app,21.49
corpse.app,unavailable
corves.app,21.49
cose.app,85.64
cosh.app,21.49
coss.app,21.49
cote.app,unavailable
cotes.app,21.49
coth.app,21.49
coths.app,21.49
couch.app,unavailable
coupe.app,unavailable
coupes.app,unavailable
course.app,1317.68
cove.app,unavailable
coves.app,21.49
coz.app,unavailable
coze.app,unavailable
crabs.app,21.49
crack.app,329.41
cracks.app,85.64
crake.app,21.49
crakes.app,21.49
cramp.app,21.49
cramps.app,21.49
cran.app,unavailable
crank.app,unavailable
cranks.app,unavailable
crans.app,21.49
crap.app,unavailable
craps.app,unavailable
crare.app,21.49
crares.app,21.49
cratch.app,21.49
crate.app,unavailable
crates.app,unavailable
craw.app,unavailable
crawl.app,unavailable
crawls.app,21.49
craws.app,21.49
cray.app,unavailable
crays.app,21.49
craze.app,unavailable
creak.app,unavailable
creaks.app,21.49
crease.app,unavailable
creed.app,329.41
creeds.app,21.49
creep.app,6588.48
creeps.app,21.49
creese.app,21.49
creesh.app,21.49
creole.app,unavailable
creoles.app,21.49
cress.app,unavailable
crest.app,unavailable
crests.app,21.49
crew.app,unavailable
crews.app,unavailable
crib.app,unavailable
cribs.app,unavailable
cries.app,21.49
crimp.app,unavailable
crimps.app,21.49
crine.app,21.49
crines.app,21.49
cringe.app,unavailable
crisp.app,unavailable
crisps.app,21.49
crit.app,unavailable
crits.app,21.49
croak.app,21.49
croaks.app,21.49
crock.app,21.49
crocks.app,21.49
croft.app,unavailable
crofts.app,21.49
crone.app,unavailable
crones.app,21.49
crook.app,21.49
crooks.app,21.49
croon.app,21.49
croons.app,21.49
crore.app,21.49
crores.app,21.49
crosse.app,21.49
crotch.app,21.49
crouch.app,21.49
croup.app,21.49
croupe.app,21.49
croupes.app,21.49
croups.app,21.49
croze.app,21.49
cru.app,unavailable
cruck.app,21.49
crucks.app,21.49
crud.app,unavailable
crude.app,unavailable
cruds.app,21.49
crumb.app,72473.32
crumbs.app,unavailable
crump.app,21.49
crumps.app,21.49
crunch.app,unavailable
cruse.app,unavailable
crust.app,unavailable
crusts.app,21.49
crutch.app,21.49
crwth.app,21.49
crwths.app,21.49
cry.app,unavailable
crypt.app,unavailable
crypts.app,21.49
cube.app,unavailable
cubes.app,85.64
cud.app,unavailable
cuds.app,21.49
cue.app,unavailable
cues.app,1252.31
cuff.app,unavailable
cuffs.app,21.49
cuif.app,21.49
cuifs.app,21.49
cuisse.app,21.49
culch.app,21.49
cull.app,21.49
culls.app,21.49
cult.app,19617.87
cultch.app,21.49
cults.app,21.49
cur.app,unavailable
curb.app,unavailable
curbs.app,unavailable
curch.app,21.49
curd.app,unavailable
curds.app,21.49
cure.app,unavailable
cures.app,unavailable
curl.app,unavailable
curls.app,unavailable
curn.app,21.49
curns.app,21.49
curs.app,21.49
curse.app,unavailable
curve.app,unavailable
curves.app,unavailable
cusk.app,21.49
cusks.app,21.49
cusp.app,unavailable
cusps.app,21.49
cuss.app,unavailable
cwm.app,unavailable
cwms.app,unavailable
cyme.app,unavailable
cymes.app,21.49
cyst.app,21.49
cysts.app,21.49
czar.app,unavailable
czars.app,21.49
dab.app,15812.36
dabs.app,unavailable
dace.app,unavailable
dad.app,unavailable
dads.app,unavailable
daff.app,21.49
daffs.app,21.49
dah.app,13176.97
dahs.app,21.49
damn.app,unavailable
damned.app,21.49
damns.app,21.49
damp.app,unavailable
damps.app,21.49
dance.app,unavailable
dap.app,unavailable
daps.app,21.49
darg.app,21.49
dargs.app,21.49
darn.app,unavailable
darns.app,21.49
dart.app,unavailable
darts.app,unavailable
dash.app,unavailable
date.app,unavailable
dates.app,unavailable
daub.app,unavailable
daube.app,21.49
daubs.app,21.49
daud.app,unavailable
dauds.app,21.49
daw.app,unavailable
dawk.app,21.49
dawks.app,21.49
daws.app,21.49
days.app,unavailable
daze.app,2619.58
deaf.app,unavailable
deal.app,unavailable
deals.app,unavailable
dearth.app,21.49
dearths.app,21.49
deed.app,19617.87
deeds.app,unavailable
deer.app,unavailable
def.app,unavailable
deil.app,21.49
deils.app,21.49
deme.app,unavailable
demes.app,21.49
dene.app,21.49
denes.app,21.49
dens.app,unavailable
dent.app,unavailable
dents.app,21.49
derv.app,21.49
desk.app,unavailable
desks.app,unavailable
deuce.app,unavailable
dey.app,21.49
deys.app,21.49
dhak.app,21.49
dhaks.app,21.49
dhal.app,21.49
dhals.app,21.49
dhole.app,21.49
dholes.app,21.49
dhow.app,21.49
dhows.app,21.49
dial.app,unavailable
dials.app,21.49
dice.app,unavailable
dict.app,unavailable
die.app,unavailable
dies.app,unavailable
dig.app,unavailable
digs.app,unavailable
dike.app,unavailable
dikes.app,21.49
ding.app,unavailable
dinge.app,unavailable
dings.app,21.49
dint.app,unavailable
dints.app,21.49
dirge.app,21.49
dish.app,unavailable
disk.app,unavailable
disks.app,21.49
dit.app,unavailable
ditch.app,unavailable
dits.app,21.49
div.app,unavailable
divs.app,unavailable
doc.app,unavailable
dock.app,unavailable
docks.app,32942.42
docs.app,unavailable
doek.app,21.49
doeks.app,21.49
doge.app,unavailable
doh.app,unavailable
dohs.app,21.49
doit.app,unavailable
doits.app,unavailable
dole.app,21.49
doles.app,21.49
dolt.app,unavailable
dolts.app,21.49
dome.app,unavailable
domes.app,unavailable
don't.app,unavailable
dong.app,unavailable
dongs.app,unavailable
dook.app,unavailable
dooks.app,21.49
doom.app,85.64
dooms.app,21.49
door.app,unavailable
doors.app,unavailable
dop.app,unavailable
dope.app,unavailable
dopes.app,21.49
dops.app,unavailable
dor.app,unavailable
dorm.app,796.18
dorms.app,21.49
dorp.app,21.49
dorps.app,21.49
dors.app,unavailable
dorse.app,21.49
dos.app,unavailable
dose.app,unavailable
doss.app,21.49
doubt.app,unavailable
doubts.app,21.49
douc.app,21.49
douche.app,unavailable
douches.app,21.49
doucs.app,21.49
dough.app,unavailable
doughs.app,21.49
doup.app,21.49
doups.app,21.49
douse.app,unavailable
dowse.app,21.49
doze.app,unavailable
drab.app,unavailable
drabs.app,21.49
drachm.app,21.49
drachms.app,21.49
draff.app,21.49
draffs.app,21.49
drag.app,unavailable
drags.app,21.49
drail.app,21.49
drails.app,21.49
drain.app,unavailable
drains.app,unavailable
dram.app,unavailable
drams.app,21.49
drape.app,19617.87
drapes.app,unavailable
draught.app,unavailable
draughts.app,unavailable
draw.app,unavailable
drawl.app,unavailable
drawls.app,21.49
draws.app,unavailable
dray.app,unavailable
drays.app,21.49
dread.app,unavailable
dreads.app,21.49
dream.app,unavailable
dreams.app,unavailable
dreck.app,unavailable
dredge.app,unavailable
dreg.app,21.49
dregs.app,21.49
drench.app,unavailable
drib.app,unavailable
dribs.app,21.49
drill.app,unavailable
drills.app,unavailable
drink.app,unavailable
drinks.app,unavailable
drip.app,unavailable
drips.app,unavailable
drive.app,unavailable
drives.app,unavailable
drogue.app,21.49
drogues.app,21.49
drone.app,unavailable
drones.app,unavailable
droob.app,unavailable
droobs.app,21.49
drool.app,unavailable
drools.app,21.49
droop.app,unavailable
droops.app,21.49
dross.app,21.49
drought.app,85.64
droughts.app,21.49
drove.app,unavailable
droves.app,21.49
drowse.app,unavailable
drub.app,21.49
drubs.app,21.49
drudge.app,21.49
drunk.app,unavailable
drunks.app,21.49
drupe.app,21.49
drupes.app,21.49
dryer.app,unavailable
dryers.app,unavailable
dub.app,unavailable
dubs.app,unavailable
duck.app,unavailable
ducks.app,unavailable
duct.app,unavailable
ducts.app,21.49
dud.app,unavailable
dude.app,unavailable
dudes.app,unavailable
duds.app,21.49
due.app,unavailable
dues.app,unavailable
dug.app,unavailable
dugs.app,21.49
dulse.app,21.49
dump.app,unavailable
dumps.app,unavailable
dunce.app,21.49
dunch.app,21.49
dune.app,unavailable
dunes.app,unavailable
dunk.app,6588.48
dunks.app,21.49
dunt.app,21.49
dunts.app,21.49
dupe.app,unavailable
dupes.app,21.49
dusk.app,unavailable
dusks.app,21.49
dux.app,unavailable
dwale.app,21.49
dwales.app,21.49
dwalm.app,21.49
dwalms.app,21.49
dwell.app,unavailable
dwells.app,21.49
dye.app,unavailable
dyes.app,21.49
dyke.app,21.49
dykes.app,unavailable
dyne.app,unavailable
dynes.app,21.49
dzo.app,unavailable
dzos.app,21.49
ease.app,unavailable
eath.app,21.49
eats.app,unavailable
eaves.app,21.49
ebb.app,unavailable
ebbs.app,21.49
echo.app,unavailable
edge.app,unavailable
edh.app,unavailable
edit.app,1317.68
edits.app,21.49
eel.app,unavailable
eels.app,21.49
eft.app,unavailable
efts.app,21.49
eggs.app,171.29
eight.app,unavailable
eighth.app,unavailable
eighths.app,unavailable
eights.app,unavailable
eild.app,21.49
eld.app,unavailable
elds.app,21.49
elect.app,unavailable
elects.app,21.49
elf.app,329.41
elk.app,6588.48
elks.app,unavailable
ell.app,unavailable
ells.app,21.49
elm.app,unavailable
elms.app,unavailable
elves.app,unavailable
eme.app,unavailable
emes.app,21.49
ene.app,unavailable
erg.app,unavailable
ergs.app,21.49
erk.app,unavailable
erks.app,21.49
ern.app,unavailable
erns.app,21.49
ess.app,unavailable
eta.app,unavailable
etas.app,unavailable
ewe.app,unavailable
ewes.app,21.49
eyes.app,1317.68
eyne.app,21.49
eyot.app,21.49
eyots.app,21.49
fact.app,unavailable
facts.app,unavailable
fade.app,unavailable
fades.app,unavailable
fag.app,unavailable
fags.app,unavailable
fail.app,unavailable
faille.app,21.49
fails.app,unavailable
faint.app,21.49
faints.app,21.49
fake.app,unavailable
fakes.app,unavailable
falls.app,85.64
falx.app,21.49
fame.app,unavailable
fames.app,21.49
fane.app,21.49
fanes.app,21.49
far.app,unavailable
farce.app,21.49
fard.app,21.49
fards.app,21.49
fare.app,unavailable
fares.app,unavailable
farl.app,21.49
farls.app,21.49
farm.app,unavailable
farms.app,unavailable
fash.app,unavailable
fat.app,unavailable
fate.app,unavailable
fates.app,unavailable
fats.app,21.49
fault.app,unavailable
faults.app,unavailable
faun.app,unavailable
fauns.app,21.49
feat.app,796.18
feats.app,unavailable
feck.app,21.49
fecks.app,21.49
feed.app,unavailable
feeds.app,unavailable
feel.app,unavailable
feels.app,unavailable
feet.app,unavailable
feeze.app,21.49
feint.app,unavailable
feints.app,21.49
fell.app,unavailable
fells.app,21.49
felt.app,unavailable
felts.app,21.49
fen.app,65884.83
fence.app,4991.43
fend.app,unavailable
fends.app,21.49
fens.app,unavailable
feod.app,21.49
feods.app,21.49
feoff.app,21.49
feoffs.app,21.49
fere.app,21.49
feres.app,21.49
fess.app,1133.22
fesse.app,21.49
fetch.app,unavailable
feu.app,unavailable
feud.app,21.49
feuds.app,21.49
feus.app,21.49
few.app,unavailable
fib.app,796.18
fibs.app,21.49
fiche.app,unavailable
fiches.app,unavailable
fid.app,unavailable
fids.app,21.49
fief.app,21.49
fiefs.app,21.49
fight.app,unavailable
fights.app,unavailable
fil.app,unavailable
file.app,1317.68
files.app,unavailable
fils.app,21.49
fir.app,unavailable
firm.app,unavailable
firms.app,171.29
firn.app,21.49
firns.app,21.49
firs.app,21.49
firth.app,21.49
firths.app,21.49
fisc.app,21.49
fiscs.app,21.49
fist.app,19617.87
fists.app,21.49
fit.app,unavailable
fits.app,171.29
fives.app,21.49
fix.app,unavailable
fizz.app,unavailable
fjord.app,unavailable
fjords.app,21.49
flab.app,unavailable
fir.app,unavailable
firm.app,unavailable
firms.app,171.29
firn.app,21.49
firns.app,21.49
firs.app,21.49
firth.app,21.49
firths.app,21.49
fisc.app,21.49
fiscs.app,21.49
fist.app,19617.87
fists.app,21.49
fit.app,unavailable
fits.app,171.29
fives.app,21.49
fix.app,unavailable
fizz.app,unavailable
fjord.app,unavailable
fjords.app,21.49
flab.app,unavailable
flabs.app,21.49
flack.app,unavailable
flacks.app,21.49
flail.app,21.49
flails.app,21.49
flair.app,unavailable
flairs.app,21.49
flake.app,6588.48
flakes.app,21.49
flam.app,unavailable
flame.app,unavailable
flames.app,unavailable
flams.app,21.49
flan.app,unavailable
flanch.app,21.49
flange.app,85.64
flank.app,unavailable
flanks.app,21.49
flans.app,21.49
flap.app,unavailable
flaps.app,unavailable
flare.app,unavailable
flares.app,unavailable
flask.app,unavailable
flasks.app,21.49
flats.app,unavailable
flaunch.app,21.49
flaunt.app,unavailable
flaunts.app,21.49
flaw.app,unavailable
flaws.app,21.49
flax.app,unavailable
fleam.app,21.49
fleams.app,21.49
fleck.app,21.49
flecks.app,21.49
fleece.app,19617.87
fleer.app,21.49
fleers.app,21.49
flesh.app,unavailable
flew.app,unavailable
flews.app,21.49
flex.app,unavailable
flick.app,unavailable
flicks.app,unavailable
flinch.app,unavailable
fling.app,unavailable
flings.app,21.49
flip.app,unavailable
flips.app,unavailable
flirt.app,unavailable
flirts.app,21.49
flit.app,unavailable
flitch.app,21.49
flite.app,unavailable
flites.app,21.49
flits.app,unavailable
float.app,unavailable
floats.app,unavailable
flock.app,unavailable
flocks.app,unavailable
floe.app,unavailable
floes.app,21.49
flong.app,21.49
flongs.app,21.49
flop.app,19765.45
flops.app,unavailable
flor.app,unavailable
floss.app,unavailable
flounce.app,21.49
flour.app,unavailable
flours.app,unavailable
flow.app,unavailable
flows.app,unavailable
flu.app,unavailable
flub.app,21.49
flubs.app,21.49
flue.app,unavailable
flues.app,21.49
fluff.app,unavailable
fluffs.app,21.49
fluke.app,unavailable
flukes.app,21.49
flume.app,unavailable
flumes.app,21.49
flump.app,21.49
flumps.app,21.49
flunk.app,21.49
flunks.app,21.49
flus.app,unavailable
flush.app,unavailable
flute.app,unavailable
flutes.app,21.49
foal.app,21.49
foals.app,21.49
foam.app,unavailable
foams.app,unavailable
foe.app,unavailable
foehn.app,21.49
foehns.app,21.49
foes.app,unavailable
foil.app,unavailable
foils.app,21.49
foin.app,21.49
foins.app,21.49
fold.app,unavailable
folds.app,21.49
fond.app,unavailable
fonds.app,unavailable
font.app,unavailable
fonts.app,unavailable
fool.app,unavailable
fools.app,unavailable
fop.app,unavailable
fops.app,unavailable
forb.app,21.49
forbs.app,21.49
fore.app,unavailable
fores.app,21.49
forge.app,unavailable
fork.app,unavailable
forks.app,unavailable
forme.app,unavailable
formes.app,21.49
forte.app,171.29
fortes.app,21.49
fosse.app,21.49
foul.app,unavailable
fouls.app,21.49
found.app,unavailable
founds.app,21.49
fowl.app,21.49
fowls.app,21.49
foy.app,unavailable
foys.app,unavailable
frail.app,21.49
frails.app,21.49
fraise.app,unavailable
franc.app,unavailable
francs.app,21.49
frass.app,21.49
frat.app,unavailable
fratch.app,21.49
frats.app,unavailable
frau.app,21.49
fraud.app,171.29
frauds.app,21.49
fraught.app,21.49
fraus.app,21.49
fray.app,unavailable
frays.app,21.49
freak.app,unavailable
freaks.app,21.49
freer.app,21.49
freers.app,21.49
freeze.app,329.41
freight.app,unavailable
freights.app,21.49
fresh.app,unavailable
fret.app,unavailable
frets.app,unavailable
fridge.app,unavailable
fries.app,85.64
frieze.app,21.49
fright.app,unavailable
frights.app,21.49
frill.app,unavailable
frills.app,unavailable
fris.app,unavailable
frisk.app,unavailable
frisks.app,21.49
frit.app,21.49
frith.app,21.49
friths.app,21.49
frits.app,unavailable
friz.app,21.49
frizz.app,unavailable
frock.app,21.49
frocks.app,21.49
froe.app,21.49
froes.app,21.49
frond.app,unavailable
fronds.app,21.49
frounce.app,21.49
frow.app,21.49
frown.app,unavailable
frowns.app,21.49
frows.app,21.49
frowst.app,21.49
frowsts.app,21.49
frump.app,21.49
frumps.app,21.49
fudge.app,unavailable
fug.app,unavailable
fugs.app,21.49
fugue.app,unavailable
fugues.app,21.49
fun.app,unavailable
fund.app,unavailable
funds.app,unavailable
funs.app,unavailable
furl.app,unavailable
furls.app,21.49
furze.app,21.49
fuse.app,unavailable
fuss.app,21.49
fuze.app,unavailable
fuzz.app,unavailable
fyke.app,21.49
fykes.app,21.49
fyrd.app,21.49
fyrds.app,21.49
fytte.app,21.49
fyttes.app,21.49
gab.app,unavailable
gabs.app,unavailable
gaff.app,unavailable
gaffe.app,21.49
gaffes.app,21.49
gaffs.app,21.49
gag.app,unavailable
gags.app,21.49
gain.app,unavailable
gains.app,unavailable
gait.app,unavailable
gaits.app,21.49
gam.app,unavailable
gamb.app,unavailable
gambs.app,21.49
gamp.app,21.49
gamps.app,21.49
gams.app,unavailable
gang.app,unavailable
gangs.app,unavailable
gangue.app,21.49
gangues.app,21.49
gaol.app,unavailable
gaols.app,21.49
gap.app,unavailable
gape.app,21.49
gapes.app,21.49
gaps.app,85.64
garb.app,unavailable
garbs.app,21.49
gare.app,21.49
gash.app,unavailable
gasp.app,unavailable
gasps.app,21.49
gat.app,unavailable
gats.app,21.49
gaud.app,21.49
gauds.app,21.49
gauge.app,unavailable
gaur.app,unavailable
gaurs.app,21.49
gauze.app,unavailable
gawk.app,unavailable
gawks.app,21.49
gaze.app,unavailable
gean.app,21.49
geans.app,21.49
geck.app,21.49
gecks.app,21.49
gee.app,unavailable
geek.app,unavailable
geeks.app,unavailable
gees.app,21.49
geese.app,unavailable
gel.app,unavailable
geld.app,unavailable
gelds.app,21.49
gels.app,unavailable
gelt.app,unavailable
gelts.app,21.49
gem.app,unavailable
gems.app,unavailable
gens.app,unavailable
gents.app,unavailable
gest.app,21.49
geste.app,21.49
gestes.app,21.49
gests.app,21.49
ghat.app,21.49
ghats.app,21.49
ghaut.app,21.49
ghauts.app,21.49
ghee.app,21.49
ghees.app,21.49
ghost.app,unavailable
ghosts.app,unavailable
ghoul.app,unavailable
ghouls.app,21.49
ghyll.app,21.49
ghylls.app,21.49
giaour.app,21.49
giaours.app,21.49
gibe.app,21.49
gibes.app,21.49
gid.app,unavailable
gift.app,unavailable
gifts.app,unavailable
gig.app,unavailable
gigs.app,unavailable
gigue.app,unavailable
gigues.app,21.49
gild.app,unavailable
gilds.app,21.49
gilt.app,unavailable
gilts.app,21.49
gimp.app,21.49
gimps.app,21.49
gink.app,unavailable
ginks.app,21.49
gip.app,unavailable
gips.app,21.49
gird.app,unavailable
girds.app,21.49
girn.app,21.49
girns.app,21.49
girth.app,21.49
girths.app,21.49
gist.app,unavailable
gists.app,21.49
git.app,unavailable
gits.app,unavailable
glade.app,unavailable
glades.app,21.49
glair.app,21.49
glairs.app,21.49
glaive.app,21.49
glance.app,unavailable
gland.app,21.49
glands.app,21.49
glans.app,21.49
glare.app,unavailable
glares.app,21.49
glaze.app,unavailable
gleam.app,unavailable
gleams.app,21.49
glebe.app,21.49
glebes.app,21.49
glede.app,unavailable
gledes.app,21.49
gleed.app,21.49
gleeds.app,21.49
gleek.app,21.49
gleeks.app,21.49
gleet.app,21.49
gleets.app,21.49
gley.app,21.49
gleys.app,21.49
glide.app,unavailable
glides.app,21.49
gliff.app,21.49
gliffs.app,21.49
glim.app,unavailable
glimpse.app,unavailable
glims.app,21.49
glint.app,unavailable
glints.app,21.49
glisk.app,unavailable
glisks.app,21.49
gloat.app,unavailable
gloats.app,21.49
glob.app,6588.48
globs.app,21.49
glogg.app,unavailable
gloggs.app,21.49
gloom.app,unavailable
glooms.app,21.49
glop.app,21.49
glops.app,21.49
gloss.app,unavailable
gloze.app,21.49
glue.app,unavailable
glues.app,unavailable
glume.app,21.49
glumes.app,21.49
glut.app,21.49
gluts.app,21.49
glyph.app,unavailable
glyphs.app,unavailable
gnarl.app,21.49
gnarls.app,21.49
gnash.app,21.49
gnat.app,1464.93
gnats.app,21.49
gnaw.app,21.49
gnaws.app,21.49
gneiss.app,unavailable
gnome.app,unavailable
gnomes.app,21.49
gnu.app,unavailable
gnus.app,unavailable
goad.app,unavailable
goads.app,unavailable
goaf.app,21.49
goafs.app,21.49
gob.app,unavailable
gobs.app,unavailable
golf.app,unavailable
golfs.app,21.49
golp.app,21.49
golps.app,21.49
gong.app,unavailable
gongs.app,21.49
gonk.app,21.49
gonks.app,21.49
goo.app,unavailable
goof.app,21.49
goofs.app,21.49
goog.app,unavailable
googs.app,21.49
goon.app,2634.8
goons.app,unavailable
goop.app,unavailable
goops.app,21.49
goos.app,21.49
gore.app,unavailable
gores.app,21.49
gorge.app,unavailable
gorse.app,21.49
gouache.app,21.49
gouaches.app,21.49
gouge.app,21.49
gourd.app,21.49
gourde.app,21.49
gourdes.app,21.49
gourds.app,21.49
gout.app,21.49
gouts.app,21.49
goutte.app,21.49
gouttes.app,21.49
gowd.app,21.49
gowds.app,21.49
gowk.app,21.49
gowks.app,21.49
gown.app,unavailable
gowns.app,unavailable
goy.app,unavailable
goys.app,21.49
grab.app,unavailable
grabs.app,21.49
grad.app,329.41
grads.app,unavailable
grail.app,unavailable
grails.app,unavailable
gramme.app,21.49
grammes.app,21.49
grapes.app,85.64
grasp.app,unavailable
grasps.app,21.49
grate.app,unavailable
grates.app,21.49
grave.app,unavailable
graves.app,171.29
graze.app,65884.83
greave.app,21.49
greaves.app,21.49
grebe.app,21.49
grebes.app,21.49
gree.app,unavailable
greed.app,unavailable
greeds.app,21.49
greenth.app,21.49
grees.app,21.49
greet.app,19617.87
greets.app,unavailable
greige.app,21.49
grice.app,21.49
gride.app,unavailable
grides.app,21.49
grief.app,19617.87
griefs.app,21.49
griff.app,unavailable
griffe.app,21.49
griffes.app,21.49
griffs.app,21.49
grift.app,unavailable
grifts.app,21.49
grig.app,21.49
grigs.app,21.49
grill.app,unavailable
grille.app,85.64
grilles.app,21.49
grills.app,85.64
grilse.app,21.49
grime.app,21.49
grimes.app,21.49
grin.app,unavailable
grind.app,19617.87
grinds.app,21.49
grins.app,unavailable
grip.app,unavailable
grippe.app,unavailable
grips.app,unavailable
grist.app,unavailable
grists.app,21.49
grith.app,21.49
griths.app,21.49
grits.app,unavailable
groan.app,21.49
groans.app,21.49
groat.app,unavailable
groats.app,21.49
grog.app,unavailable
grogs.app,21.49
groin.app,21.49
groins.app,21.49
groom.app,unavailable
grooms.app,unavailable
groove.app,unavailable
grooves.app,unavailable
grope.app,21.49
gropes.app,21.49
grot.app,21.49
grots.app,21.49
grouch.app,unavailable
grouse.app,21.49
grout.app,21.49
grouts.app,21.49
growl.app,unavailable
growls.app,21.49
growth.app,unavailable
growths.app,21.49
