abandon.app,unavailable
abandons.app,21.49
abases.app,21.49
abashes.app,21.49
abasing.app,21.49
abated.app,21.49
abating.app,21.49
abdicate.app,21.49
abdicates.app,21.49
abduces.app,21.49
abducing.app,21.49
abetted.app,21.49
abetting.app,21.49
abhorring.app,21.49
abided.app,21.49
abjuring.app,21.49
ablated.app,21.49
ablating.app,21.49
abnegate.app,21.49
abnegates.app,21.49
abolish.app,unavailable
abraded.app,21.49
abrading.app,21.49
abreact.app,21.49
abreacts.app,21.49
abridges.app,21.49
abridging.app,21.49
abrogate.app,21.49
abrogates.app,21.49
abscesses.app,21.49
abscises.app,21.49
abscising.app,21.49
absolving.app,21.49
absterges.app,21.49
absterging.app,21.49
abuses.app,unavailable
abusing.app,21.49
abutted.app,21.49
abutting.app,21.49
abyes.app,21.49
acceded.app,21.49
acceding.app,21.49
acclimate.app,21.49
acclimates.app,21.49
accomplish.app,unavailable
accouter.app,21.49
accouters.app,21.49
accoutre.app,21.49
accoutres.app,21.49
accredit.app,unavailable
accredits.app,21.49
accreted.app,21.49
accreting.app,21.49
accruing.app,21.49
accuses.app,21.49
accusing.app,21.49
accustom.app,21.49
accustoms.app,21.49
acerbate.app,21.49
acerbates.app,21.49
achieving.app,85.32
acknowledge.app,unavailable
acknowledged.app,21.49
acquiesce.app,21.49
acquiring.app,21.49
acquites.app,21.49
acquitted.app,21.49
acquitting.app,21.49
activate.app,unavailable
activates.app,21.49
actuate.app,unavailable
actuates.app,21.49
addresses.app,85.32
addressing.app,unavailable
adduces.app,21.49
adducing.app,21.49
adhering.app,21.49
adhibit.app,21.49
adhibits.app,21.49
adjudges.app,21.49
adjudging.app,21.49
adjuring.app,21.49
admeasure.app,21.49
admeasured.app,21.49
admeasures.app,21.49
admiring.app,21.49
admitted.app,unavailable
admitting.app,21.49
admixes.app,21.49
admonish.app,21.49
adoring.app,21.49
adulate.app,21.49
adulates.app,21.49
adumbrate.app,21.49
adumbrates.app,21.49
advancing.app,unavailable
advantage.app,1312.84
advantaged.app,21.49
adventured.app,21.49
advertise.app,unavailable
advertised.app,unavailable
advertize.app,unavailable
advertized.app,21.49
advises.app,21.49
aerated.app,21.49
aerating.app,21.49
aestivate.app,21.49
aestivates.app,21.49
affiance.app,21.49
affixes.app,21.49
afforest.app,21.49
afforests.app,21.49
affranchise.app,21.49
affranchised.app,21.49
aggraded.app,21.49
aggrading.app,21.49
aggrandise.app,21.49
aggrandised.app,21.49
aggrandize.app,21.49
aggrandized.app,21.49
aggravate.app,21.49
aggravated.app,21.49
aggravates.app,21.49
aggregate.app,unavailable
aggregates.app,unavailable
aggresses.app,21.49
aggrieving.app,21.49
agitate.app,21.49
agitates.app,21.49
agnizes.app,21.49
agnizing.app,21.49
agonise.app,21.49
agonised.app,21.49
agonize.app,21.49
agonized.app,21.49
agreeing.app,21.49
airbrushes.app,21.49
alchemise.app,21.49
alchemised.app,21.49
alchemize.app,unavailable
alchemized.app,21.49
alibi.app,unavailable
alibis.app,21.49
alienate.app,21.49
alienates.app,21.49
aliment.app,unavailable
aliments.app,21.49
alining.app,21.49
alkalise.app,21.49
alkalised.app,21.49
alkalize.app,21.49
alkalized.app,21.49
allaying.app,21.49
allayings.app,21.49
alleges.app,21.49
alleging.app,21.49
alligate.app,21.49
alligates.app,21.49
allocate.app,6564.26
allocates.app,21.49
allotted.app,21.49
allotting.app,21.49
allowance.app,unavailable
alluded.app,21.49
alluding.app,21.49
altercate.app,21.49
altercates.app,21.49
amasses.app,21.49
amated.app,21.49
amating.app,21.49
amazes.app,21.49
ambition.app,unavailable
ambitions.app,unavailable
ambulate.app,unavailable
ambulates.app,21.49
ambuscade.app,21.49
ambuscades.app,21.49
ambushes.app,21.49
amerces.app,21.49
amercing.app,21.49
amnesties.app,21.49
amnesty.app,21.49
amortise.app,21.49
amortised.app,21.49
amortize.app,21.49
amortized.app,21.49
amplified.app,85.32
amplifies.app,21.49
amplify.app,unavailable
amputate.app,21.49
amputates.app,21.49
amuses.app,21.49
anagram.app,unavailable
anagrams.app,unavailable
analyse.app,unavailable
analysed.app,21.49
analyze.app,328.2
analyzed.app,unavailable
anchylose.app,21.49
anchylosed.app,21.49
aneling.app,21.49
anguishes.app,21.49
angulate.app,21.49
animate.app,unavailable
animates.app,unavailable
ankylose.app,21.49
ankylosed.app,21.49
annexes.app,21.49
annotate.app,unavailable
annotates.app,21.49
announcement.app,unavailable
announcements.app,unavailable
announces.app,85.32
announcing.app,21.49
annulling.app,21.49
anodize.app,21.49
anodized.app,21.49
antecede.app,21.49
antecedes.app,21.49
antedate.app,21.49
antedates.app,21.49
anteing.app,21.49
antevert.app,21.49
anteverts.app,21.49
anticking.app,21.49
antiquate.app,21.49
antiquates.app,21.49
antiquing.app,21.49
aphorise.app,21.49
aphorised.app,21.49
aphorize.app,21.49
aphorized.app,21.49
apparel.app,328.2
apparelled.app,21.49
apparels.app,unavailable
appeases.app,21.49
appeasing.app,21.49
apperceive.app,21.49
apperceived.app,21.49
apperceives.app,21.49
appertain.app,21.49
appertains.app,21.49
applying.app,85.32
apportion.app,21.49
apportions.app,21.49
apposes.app,21.49
apposing.app,21.49
appraises.app,21.49
appraising.app,unavailable
apprehend.app,21.49
apprehends.app,21.49
apprentice.app,unavailable
apprenticed.app,21.49
apprises.app,21.49
apprising.app,21.49
apprizes.app,21.49
apprizing.app,21.49
apprizings.app,21.49
approaches.app,85.32
approbate.app,21.49
approbates.app,21.49
approving.app,21.49
aquaplane.app,21.49
aquaplaned.app,21.49
aquaplanes.app,21.49
aquatint.app,21.49
aquatints.app,21.49
arbitrage.app,unavailable
arbitrate.app,unavailable
arbitrates.app,21.49
arcaded.app,21.49
arcading.app,21.49
arcadings.app,21.49
archaise.app,21.49
archaised.app,21.49
archaize.app,21.49
archaized.app,21.49
argufied.app,21.49
argufies.app,21.49
argufy.app,21.49
arguing.app,21.49
arisen.app,unavailable
arises.app,21.49
arouses.app,21.49
arousing.app,21.49
arranges.app,21.49
arranging.app,85.32
arriving.app,21.49
arrogate.app,21.49
arrogates.app,21.49
ascertain.app,unavailable
ascertains.app,21.49
ascribing.app,21.49
asperses.app,21.49
aspersing.app,21.49
aspirate.app,21.49
aspirates.app,21.49
aspiring.app,21.49
assemble.app,unavailable
assembled.app,unavailable
assembles.app,21.49
assesses.app,21.49
assuages.app,21.49
assuaging.app,21.49
assuring.app,21.49
asterisk.app,unavailable
asterisks.app,21.49
astonish.app,unavailable
astringes.app,21.49
astringing.app,21.49
atomise.app,21.49
atomised.app,21.49
atomize.app,unavailable
atomized.app,21.49
atoning.app,21.49
atrophies.app,21.49
atrophy.app,21.49
attach.app,unavailable
attemper.app,21.49
attiring.app,21.49
attirings.app,21.49
attribute.app,unavailable
attributes.app,unavailable
attuning.app,21.49
auctioneer.app,unavailable
auctioneers.app,21.49
audition.app,unavailable
auditions.app,unavailable
aurified.app,21.49
aurifies.app,21.49
aurify.app,21.49
auscultate.app,21.49
auscultates.app,21.49
auspicate.app,21.49
auspicates.app,21.49
authorise.app,6564.26
authorize.app,unavailable
autoclave.app,unavailable
autoclaves.app,21.49
autograph.app,unavailable
autographs.app,unavailable
autolyse.app,21.49
autolyze.app,21.49
autolyzed.app,21.49
automate.app,unavailable
automates.app,21.49
autopsies.app,21.49
autopsy.app,unavailable
avalanche.app,unavailable
avalanched.app,21.49
avalanches.app,21.49
avenges.app,21.49
avenging.app,21.49
averaged.app,21.49
averring.app,21.49
aviate.app,unavailable
aviates.app,21.49
avouches.app,21.49
awaken.app,unavailable
awakens.app,21.49
awaking.app,21.49
awakings.app,21.49
azotise.app,21.49
azotised.app,21.49
azotize.app,21.49
azotized.app,21.49
backbites.app,21.49
backbiting.app,21.49
backbitings.app,21.49
backbitten.app,21.49
backcrosses.app,21.49
backfiring.app,21.49
backlashes.app,21.49
backscatter.app,21.49
backscatters.app,21.49
backsliding.app,21.49
backspaces.app,21.49
backspacing.app,21.49
backstabbing.app,21.49
backwashes.app,21.49
backwater.app,21.49
backwaters.app,21.49
bacterize.app,21.49
bacterized.app,21.49
bagpiping.app,21.49
baksheeshes.app,21.49
balancing.app,85.32
balkanize.app,21.49
ballockses.app,21.49
balloted.app,21.49
balloting.app,21.49
ballyhoo.app,unavailable
ballyhoos.app,21.49
ballyrag.app,21.49
ballyragged.app,21.49
ballyrags.app,21.49
bamboozle.app,21.49
bamboozles.app,21.49
bandages.app,21.49
bandaging.app,21.49
bandicoot.app,21.49
bandicoots.app,21.49
bandying.app,21.49
bandyings.app,21.49
banishes.app,21.49
banqueted.app,21.49
banqueting.app,unavailable
baptises.app,21.49
baptising.app,21.49
baptizes.app,21.49
baptizing.app,21.49
barbarise.app,21.49
barbarised.app,21.49
barbarize.app,21.49
barbarized.app,21.49
barbecue.app,unavailable
barbecued.app,21.49
barbecues.app,21.49
barbeque.app,85.32
barbequed.app,21.49
barbeques.app,21.49
barrelling.app,21.49
barricade.app,unavailable
barricades.app,21.49
basseted.app,21.49
basseting.app,21.49
bastardise.app,21.49
bastardised.app,21.49
bastardize.app,21.49
bastinade.app,21.49
bastinades.app,21.49
batteling.app,21.49
battledore.app,21.49
battledores.app,21.49
bayonet.app,21.49
bayonets.app,21.49
beautified.app,unavailable
beautifies.app,21.49
beautify.app,unavailable
bechances.app,21.49
bedabble.app,21.49
bedabbles.app,21.49
bedashes.app,21.49
bedazzle.app,21.49
bedazzles.app,21.49
bedevil.app,21.49
bedevilled.app,21.49
bedevils.app,21.49
bedighting.app,21.49
bedimming.app,21.49
bedizen.app,21.49
bedizens.app,21.49
bedraggle.app,21.49
bedraggles.app,21.49
bedrenches.app,21.49
beeswaxes.app,21.49
befallen.app,21.49
befitted.app,21.49
befitting.app,unavailable
befogging.app,21.49
befuddle.app,unavailable
befuddles.app,21.49
begemming.app,21.49
begirded.app,21.49
begirding.app,21.49
begotten.app,21.49
begriming.app,21.49
begrudges.app,21.49
begrudging.app,21.49
beguiling.app,21.49
beholding.app,21.49
behooving.app,21.49
bejewel.app,21.49
bejeweled.app,unavailable
bejewelled.app,21.49
bejewels.app,21.49
belabor.app,21.49
belabors.app,21.49
belabour.app,21.49
belabours.app,21.49
beleaguer.app,21.49
beleaguers.app,21.49
belittle.app,21.49
belittles.app,21.49
bellyache.app,21.49
bellyached.app,21.49
bellyaches.app,21.49
belying.app,21.49
bemeaning.app,21.49
bemiring.app,21.49
bemuddle.app,21.49
bemuddles.app,21.49
bemuses.app,21.49
bemusing.app,21.49
benaming.app,21.49
benefice.app,21.49
beneficed.app,21.49
berated.app,21.49
berating.app,21.49
bereaving.app,21.49
beseeches.app,21.49
beseeching.app,21.49
beseechings.app,21.49
besieges.app,21.49
besieging.app,21.49
besiegings.app,21.49
besmirches.app,21.49
besotting.app,21.49
bespangle.app,21.49
bespangles.app,21.49
bespatter.app,21.49
bespatters.app,21.49
bespoken.app,unavailable
bespreading.app,21.49
besprinkle.app,21.49
besprinkles.app,21.49
besteaded.app,21.49
besteading.app,21.49
bestialise.app,21.49
bestialised.app,21.49
bestialize.app,21.49
bestialized.app,21.49
bestirring.app,21.49
bestraddle.app,21.49
bestraddles.app,21.49
bestrewing.app,21.49
bestridden.app,21.49
bestrides.app,21.49
bestriding.app,21.49
bestudded.app,21.49
bestudding.app,21.49
betaken.app,21.49
betaking.app,21.49
bethinking.app,21.49
betided.app,21.49
betiding.app,21.49
betoken.app,unavailable
betokens.app,21.49
beveling.app,21.49
bevelings.app,21.49
bevelling.app,21.49
bevellings.app,21.49
beweeping.app,21.49
bewilder.app,unavailable
bewilders.app,21.49
bewitches.app,21.49
bifurcate.app,unavailable
bifurcates.app,21.49
billeted.app,21.49
billeting.app,21.49
bishoping.app,21.49
bivouac.app,21.49
bivouacked.app,21.49
bivouacs.app,21.49
blackberries.app,21.49
blackberry.app,unavailable
blacklegging.app,21.49
blandishes.app,21.49
blarneying.app,21.49
blaspheming.app,21.49
blemishes.app,21.49
bloodiest.app,21.49
bodying.app,21.49
bollockses.app,21.49
bombes.app,21.49
boohooing.app,21.49
boomerang.app,unavailable
boomerangs.app,21.49
boondoggle.app,21.49
boondoggles.app,21.49
bootlegging.app,21.49
botanise.app,21.49
botanised.app,21.49
botanize.app,21.49
botanized.app,21.49
bottleneck.app,unavailable
bottlenecks.app,21.49
bowdlerise.app,21.49
bowdlerised.app,21.49
bowdlerize.app,21.49
bowdlerized.app,21.49
bowelling.app,21.49
bowstringing.app,21.49
brachiate.app,21.49
brainwashes.app,21.49
brandishes.app,21.49
brattices.app,21.49
bratticing.app,21.49
bratticings.app,21.49
bravoes.app,21.49
breakaway.app,unavailable
breakaways.app,21.49
breakwater.app,21.49
breakwaters.app,21.49
breathalyse.app,21.49
breathalyze.app,21.49
breveting.app,21.49
brevetted.app,21.49
brevetting.app,21.49
brigaded.app,21.49
brigading.app,21.49
broadcasted.app,21.49
broadcasting.app,17.66
broadcastings.app,21.49
brocaded.app,21.49
brocading.app,21.49
browbeaten.app,21.49
browbeating.app,21.49
brutalise.app,21.49
brutalised.app,21.49
brutalize.app,21.49
brutalized.app,21.49
brutified.app,21.49
brutifies.app,21.49
brutify.app,21.49
buccaneer.app,unavailable
buccaneers.app,unavailable
bucketed.app,21.49
budgeted.app,unavailable
buffaloed.app,21.49
buffeted.app,21.49
bulldozes.app,21.49
bulldozing.app,21.49
bullying.app,unavailable
bullyrag.app,21.49
bullyragged.app,21.49
bullyrags.app,21.49
burglarise.app,21.49
burglarised.app,21.49
burglarize.app,21.49
burglarized.app,21.49
burnishes.app,21.49
buttonholed.app,21.49
caballing.app,21.49
cachinnate.app,21.49
cachinnates.app,21.49
cajoling.app,21.49
calcified.app,21.49
calcifies.app,21.49
calcify.app,21.49
calcimine.app,21.49
calcimined.app,21.49
calcimines.app,21.49
calcining.app,21.49
calculate.app,328.2
calculates.app,21.49
calibrate.app,unavailable
calibrates.app,21.49
caliper.app,256.63
calipers.app,21.49
callouses.app,21.49
calluses.app,21.49
camouflage.app,unavailable
camouflaged.app,21.49
camphorate.app,21.49
camphorates.app,21.49
canalise.app,21.49
canalised.app,21.49
canalize.app,21.49
canalized.app,21.49
cancelling.app,21.49
cannonade.app,21.49
cannonades.app,21.49
cannonball.app,unavailable
cannonballs.app,21.49
canoeing.app,21.49
canoeings.app,21.49
canonise.app,21.49
canonised.app,21.49
canonize.app,21.49
canonized.app,21.49
canoodle.app,21.49
canoodles.app,21.49
canopies.app,21.49
canopy.app,unavailable
cantillate.app,21.49
cantillates.app,21.49
canvases.app,21.49
canvasses.app,21.49
caponise.app,21.49
caponised.app,21.49
caponize.app,21.49
caponized.app,21.49
capriole.app,21.49
caprioles.app,21.49
capsizes.app,21.49
capsizing.app,21.49
capsulize.app,21.49
capsulized.app,21.49
captivate.app,unavailable
captivates.app,21.49
capturing.app,21.49
caracol.app,19692.79
caracole.app,21.49
caracoled.app,21.49
caracoles.app,21.49
caracolled.app,21.49
caracols.app,21.49
caravan.app,unavailable
caravanned.app,21.49
caravans.app,unavailable
carbonate.app,unavailable
carbonates.app,21.49
carbonise.app,21.49
carbonised.app,21.49
carbonize.app,21.49
carbonized.app,21.49
carburet.app,21.49
carburise.app,21.49
carburised.app,21.49
carburize.app,21.49
carburized.app,21.49
carcases.app,21.49
carcasing.app,21.49
caresses.app,21.49
carillon.app,unavailable
carillons.app,21.49
carnified.app,21.49
carnifies.app,21.49
carnify.app,21.49
caroling.app,21.49
carolling.app,21.49
carouses.app,21.49
carousing.app,21.49
cartelize.app,21.49
cascaded.app,21.49
cascading.app,21.49
casserole.app,unavailable
casseroled.app,21.49
casseroles.app,21.49
castaway.app,unavailable
castaways.app,21.49
castigate.app,21.49
castigates.app,21.49
castrated.app,21.49
castrating.app,21.49
catalog.app,unavailable
catalogs.app,unavailable
catalyse.app,unavailable
catalyze.app,unavailable
catalyzed.app,21.49
catapult.app,unavailable
catapults.app,21.49
catechise.app,21.49
catechised.app,21.49
catechize.app,21.49
catechized.app,21.49
catenate.app,21.49
catenates.app,21.49
caterwaul.app,21.49
caterwauls.app,21.49
catnapping.app,21.49
caucuses.app,unavailable
cauterise.app,21.49
cauterised.app,21.49
cauterize.app,21.49
cauterized.app,21.49
caviling.app,21.49
celebrate.app,unavailable
celebrates.app,21.49
censuring.app,21.49
censuses.app,21.49
centralise.app,21.49
centralised.app,21.49
centralize.app,unavailable
centralized.app,unavailable
centrifuge.app,unavailable
centrifuged.app,21.49
centuple.app,21.49
centuples.app,21.49
cerebrate.app,21.49
cerebrates.app,21.49
certifies.app,21.49
certify.app,unavailable
chagrining.app,21.49
challenges.app,unavailable
champion.app,1312.84
champions.app,unavailable
channelize.app,21.49
channelized.app,21.49
channelling.app,21.49
channellings.app,21.49
chaperon.app,unavailable
chaperone.app,85.32
chaperoned.app,21.49
chaperones.app,21.49
chaperons.app,21.49
chaptalize.app,21.49
chaptalized.app,21.49
chariot.app,unavailable
chariots.app,21.49
chastises.app,21.49
chastising.app,21.49
checkmated.app,21.49
checkmating.app,21.49
chelated.app,21.49
cherishes.app,21.49
chevying.app,21.49
chirruping.app,21.49
chiseling.app,21.49
chivying.app,21.49
chloridize.app,21.49
chloridized.app,21.49
chlorinate.app,21.49
chlorinates.app,21.49
chloroform.app,21.49
chloroforms.app,21.49
chondrifies.app,21.49
chondrify.app,21.49
cicatrise.app,21.49
cicatrised.app,21.49
cicatrize.app,21.49
cicatrized.app,21.49
cinchonise.app,21.49
cinchonised.app,21.49
cinchonize.app,21.49
cinchonized.app,21.49
cincturing.app,21.49
circulate.app,unavailable
circulates.app,21.49
circumcise.app,21.49
circumcised.app,21.49
circumfuse.app,21.49
circumfused.app,21.49
circumscribe.app,21.49
circumscribed.app,21.49
circumscribes.app,21.49
circumstance.app,unavailable
circumvent.app,21.49
circumvents.app,21.49
circumvolve.app,21.49
circumvolved.app,21.49
circumvolves.app,21.49
citifies.app,21.49
citify.app,unavailable
civilise.app,21.49
civilised.app,21.49
civilize.app,21.49
clapperclaw.app,21.49
clapperclaws.app,21.49
clarified.app,21.49
clarifies.app,21.49
clarify.app,unavailable
classicise.app,21.49
classicised.app,21.49
classicize.app,21.49
classicized.app,21.49
classifies.app,21.49
classify.app,unavailable
climaxes.app,21.49
closuring.app,21.49
cloturing.app,21.49
coalesce.app,unavailable
coalesced.app,21.49
coaxes.app,21.49
cobwebbing.app,21.49
cocainise.app,21.49
cocainised.app,21.49
cocainize.app,21.49
cocainized.app,21.49
cockneyfied.app,21.49
cockneyfies.app,21.49
cockneyfy.app,21.49
codified.app,21.49
codifies.app,21.49
codify.app,unavailable
coedit.app,21.49
coedits.app,21.49
coerces.app,21.49
coercing.app,21.49
cogitate.app,21.49
cogitates.app,21.49
cognises.app,21.49
cognising.app,21.49
cognizes.app,21.49
cognizing.app,21.49
cohabit.app,unavailable
cohabits.app,21.49
cohering.app,21.49
cohobate.app,21.49
cohobates.app,21.49
coincide.app,unavailable
coincides.app,21.49
collapses.app,21.49
collapsing.app,21.49
collated.app,21.49
collating.app,21.49
collided.app,21.49
colliding.app,21.49
colligate.app,21.49
colligates.app,21.49
collimate.app,21.49
collimates.app,21.49
collocate.app,21.49
collocates.app,21.49
colloguing.app,21.49
colluded.app,21.49
colluding.app,21.49
collying.app,21.49
colonise.app,21.49
colonised.app,21.49
colonize.app,21.49
colonized.app,21.49
combated.app,21.49
combating.app,21.49
commandeer.app,21.49
commandeers.app,21.49
commeasure.app,21.49
commeasured.app,21.49
commeasures.app,21.49
commences.app,21.49
commencing.app,21.49
commentate.app,unavailable
commentates.app,21.49
comminate.app,21.49
comminates.app,21.49
commingle.app,21.49
commingles.app,21.49
comminute.app,21.49
comminutes.app,21.49
committed.app,unavailable
committing.app,21.49
commixes.app,21.49
commoving.app,21.49
communing.app,21.49
communings.app,21.49
communise.app,21.49
communised.app,21.49
communize.app,21.49
communized.app,21.49
commutate.app,21.49
commutates.app,21.49
commuted.app,21.49
commuting.app,unavailable
comparing.app,unavailable
compensate.app,unavailable
compensates.app,21.49
competed.app,unavailable
competing.app,unavailable
compiling.app,21.49
completed.app,unavailable
completing.app,85.32
complexion.app,unavailable
complexions.app,21.49
complicate.app,21.49
complicates.app,21.49
compliment.app,unavailable
compliments.app,unavailable
complotted.app,21.49
complotting.app,21.49
complying.app,21.49
composes.app,21.49
comprehend.app,unavailable
comprehends.app,unavailable
compresses.app,21.49
comprises.app,21.49
comprising.app,21.49
compromise.app,unavailable
compromised.app,21.49
computed.app,85.32
computing.app,656.41
conceded.app,21.49
conceding.app,21.49
conceiving.app,21.49
concenter.app,21.49
concentrate.app,unavailable
concentrates.app,unavailable
concentre.app,21.49
concentres.app,21.49
concluded.app,85.32
concluding.app,21.49
concreted.app,21.49
concreting.app,21.49
concretize.app,21.49
concretized.app,21.49
concurring.app,21.49
concusses.app,21.49
condenses.app,21.49
condensing.app,21.49
condescend.app,21.49
condescends.app,21.49
condition.app,unavailable
conditions.app,unavailable
condoling.app,21.49
conduces.app,21.49
conducing.app,21.49
confabbing.app,21.49
confection.app,21.49
confections.app,unavailable
conferring.app,21.49
confesses.app,21.49
confided.app,21.49
configure.app,unavailable
configures.app,21.49
confining.app,21.49
confiscate.app,21.49
confiscates.app,21.49
confuses.app,21.49
confusing.app,21.49
confuted.app,21.49
confuting.app,21.49
congeeing.app,21.49
conglobate.app,21.49
conglobates.app,21.49
conglobing.app,21.49
congregate.app,unavailable
congregates.app,21.49
conjecture.app,21.49
conjectured.app,21.49
conjectures.app,21.49
conjugate.app,unavailable
conjugates.app,21.49
conniving.app,21.49
connoted.app,21.49
connoting.app,21.49
consecrate.app,21.49
consecrates.app,21.49
consider.app,unavailable
considers.app,21.49
consoling.app,21.49
conspiring.app,21.49
constellate.app,unavailable
constellates.app,21.49
consternate.app,21.49
consternates.app,21.49
constipate.app,21.49
constipates.app,21.49
constitute.app,85.32
constitutes.app,21.49
constringes.app,21.49
constringing.app,21.49
construing.app,21.49
consuming.app,21.49
consumings.app,21.49
consummate.app,unavailable
consummates.app,21.49
contango.app,unavailable
contangos.app,21.49
contemplate.app,unavailable
contemplates.app,21.49
continue.app,unavailable
continues.app,21.49
contradance.app,21.49
contradict.app,21.49
contradicts.app,21.49
contravene.app,21.49
contravened.app,21.49
contravenes.app,21.49
contribute.app,unavailable
contributes.app,21.49
contriving.app,21.49
controlling.app,unavailable
controvert.app,21.49
controverts.app,21.49
contuses.app,21.49
contusing.app,21.49
convalesce.app,21.49
convalesced.app,21.49
convening.app,21.49
converges.app,21.49
converging.app,21.49
conversing.app,unavailable
convexes.app,21.49
convinces.app,21.49
convoking.app,21.49
convolute.app,21.49
convolving.app,21.49
convulses.app,21.49
convulsing.app,21.49
cooeeing.app,21.49
copulate.app,21.49
copulates.app,21.49
copyread.app,21.49
copyreads.app,21.49
coquetted.app,21.49
coquetting.app,21.49
cornices.app,21.49
cornuted.app,21.49
coronate.app,21.49
corraded.app,21.49
corrading.app,21.49
corralling.app,21.49
correlate.app,12456.35
correlates.app,21.49
correspond.app,4594.98
corresponds.app,21.49
corrival.app,21.49
corrivals.app,21.49
corroded.app,21.49
corroding.app,21.49
corrugate.app,21.49
corrugates.app,21.49
coruscate.app,21.49
coruscates.app,21.49
costuming.app,21.49
cotises.app,21.49
cotising.app,21.49
counselling.app,unavailable
counsellings.app,21.49
countenance.app,21.49
countenanced.app,21.49
counteract.app,21.49
counteracts.app,21.49
counterbore.app,21.49
counterchange.app,21.49
countercharge.app,21.49
countercheck.app,21.49
counterchecks.app,21.49
counterfeit.app,unavailable
counterfeits.app,21.49
counterlight.app,21.49
counterlights.app,21.49
countermand.app,21.49
countermands.app,21.49
countermarch.app,21.49
countermark.app,21.49
countermarks.app,21.49
countermine.app,21.49
countermined.app,21.49
countermines.app,21.49
counterplot.app,21.49
counterplots.app,21.49
counterpoint.app,unavailable
counterpoints.app,unavailable
counterpoise.app,21.49
counterpoised.app,21.49
counterpunch.app,21.49
countersank.app,21.49
countersign.app,21.49
countersigns.app,21.49
countersink.app,21.49
countersinks.app,21.49
countersunk.app,21.49
countervail.app,21.49
countervails.app,21.49
coupes.app,unavailable
cowhided.app,21.49
cowhiding.app,21.49
cravatted.app,21.49
cravatting.app,21.49
crawfishes.app,21.49
crayoning.app,21.49
created.app,unavailable
creating.app,328.2
cremated.app,21.49
cremating.app,21.49
crenelate.app,21.49
crenelates.app,21.49
creneling.app,21.49
crenellate.app,21.49
crenellates.app,21.49
crenelling.app,21.49
creolize.app,21.49
crepitate.app,21.49
crepitates.app,21.49
crevasses.app,21.49
crevassing.app,21.49
criminate.app,21.49
criminates.app,21.49
crisscrosses.app,21.49
criticise.app,21.49
criticised.app,21.49
criticize.app,21.49
criticized.app,21.49
crossbreeding.app,21.49
crosscutting.app,21.49
crosshatches.app,21.49
crucified.app,21.49
crucifies.app,21.49
crucify.app,21.49
crusaded.app,21.49
crusading.app,21.49
crystallise.app,21.49
crystallised.app,21.49
crystallize.app,21.49
crystallized.app,21.49
cudgelling.app,21.49
cudgellings.app,21.49
cuirasses.app,21.49
culminate.app,21.49
culminates.app,21.49
cultivate.app,unavailable
cultivates.app,21.49
culturing.app,21.49
cumulate.app,unavailable
cumulates.app,21.49
cupeling.app,21.49
cupelling.app,21.49
curarize.app,21.49
curarized.app,21.49
curetted.app,21.49
curetting.app,21.49
currying.app,21.49
curryings.app,21.49
customise.app,21.49
customize.app,unavailable
cutinise.app,21.49
cutinised.app,21.49
cutinize.app,21.49
cutinized.app,21.49
cybernate.app,21.49
cybernates.app,21.49
cyclostyle.app,21.49
cyclostyles.app,21.49
dadoes.app,21.49
dallying.app,21.49
damages.app,unavailable
damaging.app,21.49
damaskeen.app,21.49
damaskeens.app,21.49
damnified.app,21.49
damnifies.app,21.49
damnify.app,21.49
dandified.app,21.49
dandifies.app,21.49
dandify.app,21.49
debagging.app,21.49
debarring.app,21.49
debases.app,21.49
debasing.app,21.49
debated.app,21.49
debating.app,unavailable
debauches.app,21.49
debouches.app,21.49
debugging.app,unavailable
debussing.app,21.49
deceases.app,21.49
deceasing.app,21.49
deceiving.app,21.49
deciding.app,unavailable
decimate.app,21.49
decimates.app,21.49
decipher.app,unavailable
deciphers.app,21.49
declaring.app,21.49
declining.app,85.32
declutches.app,21.49
decoded.app,unavailable
decoding.app,21.49
decollate.app,21.49
decollates.app,21.49
decolor.app,21.49
decolors.app,21.49
decompose.app,21.49
decompound.app,21.49
decompounds.app,21.49
decompress.app,unavailable
decongest.app,21.49
decongests.app,21.49
decontrol.app,21.49
decontrolled.app,21.49
decontrols.app,21.49
decorate.app,unavailable
decorates.app,21.49
decouple.app,21.49
decouples.app,21.49
decreases.app,85.32
decreasing.app,85.32
decreeing.app,21.49
decrying.app,21.49
decuple.app,21.49
decuples.app,21.49
decussate.app,21.49
decussates.app,21.49
dedicate.app,19545.75
dedicates.app,21.49
deduces.app,21.49
deducing.app,21.49
defaces.app,21.49
defacing.app,21.49
defalcate.app,21.49
defaming.app,21.49
defamings.app,21.49
defecate.app,21.49
defecates.app,21.49
deferring.app,21.49
defilade.app,21.49
defilades.app,21.49
defiling.app,21.49
defining.app,21.49
deflagrate.app,21.49
deflagrates.app,21.49
deflated.app,21.49
deflating.app,21.49
deflower.app,21.49
deflowers.app,21.49
deforces.app,21.49
deforcing.app,21.49
deforest.app,21.49
deforests.app,21.49
defuses.app,21.49
defusing.app,21.49
defuzes.app,21.49
defuzing.app,21.49
degausses.app,21.49
degreases.app,21.49
degreasing.app,21.49
degumming.app,21.49
dehisces.app,21.49
dehydrate.app,21.49
dehydrates.app,21.49
deified.app,21.49
deifies.app,21.49
deify.app,21.49
delated.app,21.49
delating.app,21.49
deleted.app,unavailable
deleting.app,21.49
delimit.app,unavailable
delimits.app,21.49
deliquesce.app,21.49
deliquesced.app,21.49
deliver.app,unavailable
delivers.app,85.32
delouses.app,21.49
delousing.app,21.49
deluded.app,21.49
deluding.app,21.49
deluging.app,21.49
demarcate.app,21.49
demarcates.app,21.49
demises.app,21.49
demising.app,21.49
demitted.app,21.49
demitting.app,21.49
demobbing.app,21.49
demolish.app,unavailable
demonise.app,21.49
demonised.app,21.49
demonize.app,21.49
demonized.app,21.49
demonstrate.app,unavailable
demonstrates.app,21.49
demoted.app,21.49
demoting.app,21.49
demurring.app,21.49
denature.app,21.49
denatured.app,21.49
denatures.app,21.49
denigrate.app,21.49
denigrates.app,21.49
denitrate.app,21.49
denitrates.app,21.49
denizen.app,unavailable
denizens.app,21.49
denoted.app,21.49
denoting.app,21.49
denounces.app,21.49
denouncing.app,21.49
densified.app,21.49
densifies.app,21.49
densify.app,21.49
denudate.app,21.49
denudates.app,21.49
denuded.app,21.49
denuding.app,21.49
denying.app,21.49
depasture.app,21.49
depastures.app,21.49
depicture.app,21.49
depictured.app,21.49
depictures.app,21.49
depilate.app,21.49
depilates.app,21.49
deplaning.app,21.49
depleted.app,21.49
depleting.app,21.49
deploring.app,21.49
depluming.app,21.49
deponing.app,21.49
deposes.app,21.49
deposing.app,21.49
depraving.app,21.49
deprecate.app,21.49
deprecates.app,21.49
depredate.app,21.49
depredates.app,21.49
depresses.app,21.49
depriving.app,21.49
depurate.app,21.49
depurates.app,21.49
deputed.app,21.49
deputing.app,21.49
deputise.app,21.49
deputised.app,21.49
deputize.app,21.49
deputized.app,21.49
deranges.app,21.49
deranging.app,21.49
deration.app,21.49
derations.app,21.49
derestrict.app,21.49
derestricts.app,21.49
derided.app,21.49
deriding.app,21.49
derogate.app,21.49
derogates.app,21.49
descaling.app,21.49
describing.app,21.49
descrying.app,21.49
desecrate.app,21.49
desecrates.app,21.49
desexes.app,21.49
desiccate.app,21.49
desiccates.app,21.49
designate.app,unavailable
designates.app,21.49
desilver.app,21.49
desilvers.app,21.49
desiring.app,21.49
desolate.app,21.49
desolates.app,21.49
despatches.app,21.49
despises.app,21.49
despising.app,21.49
despumate.app,21.49
despumates.app,21.49
desquamate.app,21.49
desquamates.app,21.49
destining.app,21.49
detaches.app,21.49
deterges.app,21.49
deterging.app,21.49
determine.app,17.66
determines.app,21.49
deterring.app,21.49
dethroning.app,21.49
dethronings.app,21.49
detonate.app,unavailable
detonates.app,21.49
detruded.app,21.49
detruding.app,21.49
detruncate.app,21.49
detruncates.app,21.49
deuterate.app,21.49
deuterates.app,21.49
devalue.app,21.49
devalues.app,21.49
devastate.app,21.49
devastates.app,21.49
develop.app,unavailable
develope.app,21.49
developed.app,328.2
develops.app,unavailable
deviate.app,unavailable
deviates.app,21.49
deviling.app,21.49
devilings.app,21.49
devilling.app,21.49
devisees.app,21.49
devises.app,unavailable
devising.app,21.49
devoices.app,21.49
devoicing.app,21.49
devolving.app,21.49
devotees.app,21.49
devoting.app,21.49
dewater.app,21.49
dewaters.app,21.49
diagnose.app,unavailable
diagnosed.app,21.49
diagram.app,unavailable
diagrams.app,unavailable
dialogue.app,unavailable
dialogues.app,unavailable
dialyse.app,unavailable
dialysed.app,21.49
dialyze.app,21.49
dialyzed.app,21.49
diaper.app,unavailable
diapers.app,unavailable
dieselize.app,21.49
dieselized.app,21.49
dieted.app,21.49
dieting.app,unavailable
difference.app,17.66
diffuses.app,21.49
digitise.app,unavailable
digitised.app,21.49
digitize.app,unavailable
digitized.app,unavailable
dignifies.app,21.49
dignify.app,unavailable
digresses.app,21.49
dilated.app,21.49
dilating.app,21.49
diluted.app,85.32
dilutees.app,21.49
diluting.app,21.49
dimension.app,unavailable
dimensions.app,unavailable
dimerize.app,21.49
dimerized.app,21.49
diminish.app,21.49
dingoes.app,21.49
diphthongise.app,21.49
diphthongised.app,21.49
diphthongize.app,21.49
diphthongized.app,21.49
diplomaed.app,21.49
dirtying.app,21.49
disable.app,unavailable
disabled.app,328.2
disables.app,21.49
disabuse.app,21.49
disabused.app,21.49
disaccord.app,21.49
disaffect.app,21.49
disaffects.app,21.49
disaffirm.app,21.49
disaffirms.app,21.49
disagree.app,21.49
disagreed.app,21.49
disagrees.app,21.49
disallow.app,21.49
disallows.app,21.49
disannul.app,21.49
disannulled.app,21.49
disannuls.app,21.49
disanoint.app,21.49
disanoints.app,21.49
disappear.app,4594.98
disappears.app,21.49
disappoint.app,21.49
disappoints.app,21.49
disapprove.app,21.49
disapproved.app,21.49
disapproves.app,21.49
disarrange.app,21.49
disarranged.app,21.49
disarray.app,21.49
disarrays.app,21.49
disavow.app,unavailable
disavows.app,21.49
disbarring.app,21.49
disbelieve.app,21.49
disbelieved.app,21.49
disbelieves.app,21.49
disbosom.app,21.49
disbosoms.app,21.49
disbowel.app,21.49
disbowelled.app,21.49
disbowels.app,21.49
disbranches.app,21.49
disbudded.app,21.49
disbudding.app,21.49
disburden.app,21.49
disburdens.app,21.49
disburses.app,21.49
disbursing.app,21.49
disburthen.app,21.49
disburthens.app,21.49
discases.app,21.49
discasing.app,21.49
discharges.app,21.49
discipline.app,unavailable
disciplined.app,unavailable
disciplines.app,85.32
discloses.app,21.49
disclosing.app,21.49
discolor.app,21.49
discolors.app,21.49
discomfit.app,21.49
discomfits.app,21.49
discomfort.app,21.49
discomforts.app,21.49
discommend.app,21.49
discommends.app,21.49
discommode.app,21.49
discommodes.app,21.49
discommon.app,21.49
discommons.app,21.49
discompose.app,21.49
discomposed.app,21.49
disconcert.app,21.49
disconcerts.app,21.49
disconnect.app,unavailable
disconnects.app,21.49
discontent.app,21.49
discontents.app,21.49
discourage.app,21.49
discouraged.app,21.49
discourses.app,21.49
discoursing.app,21.49
discover.app,unavailable
discovers.app,21.49
discredit.app,21.49
discredits.app,21.49
discusses.app,21.49
disembark.app,21.49
disembarks.app,21.49
disembogue.app,21.49
disembogued.app,21.49
disembogues.app,21.49
disembroil.app,21.49
disembroils.app,21.49
disenchant.app,21.49
disenchants.app,21.49
disendow.app,21.49
disendows.app,21.49
disengage.app,21.49
disengaged.app,21.49
disentail.app,21.49
disentails.app,21.49
disenthral.app,21.49
disenthrall.app,21.49
disenthralls.app,21.49
disenthrals.app,21.49
disenthrone.app,21.49
disentomb.app,21.49
disentombs.app,21.49
disentrance.app,21.49
disentranced.app,21.49
disentwine.app,21.49
disentwined.app,21.49
disentwines.app,21.49
disesteem.app,21.49
disesteems.app,21.49
disfavor.app,21.49
disfavors.app,21.49
disfavour.app,21.49
disfavours.app,21.49
disfeature.app,21.49
disfeatured.app,21.49
disfeatures.app,21.49
disfigure.app,21.49
disfigured.app,21.49
disfigures.app,21.49
disforest.app,21.49
disforests.app,21.49
disfranchise.app,21.49
disfranchised.app,21.49
disfurnish.app,21.49
disgavel.app,21.49
disgavelled.app,21.49
disgavels.app,21.49
disgorges.app,21.49
disgorging.app,21.49
disgraces.app,21.49
disgracing.app,21.49
disgruntle.app,21.49
disgruntles.app,21.49
disguises.app,21.49
disguising.app,21.49
disguisings.app,21.49
dishallow.app,21.49
dishallows.app,21.49
dishearten.app,21.49
disheartens.app,21.49
disherit.app,21.49
dishevel.app,21.49
disheveled.app,21.49
dishevels.app,21.49
dishonor.app,21.49
dishonors.app,21.49
disincline.app,21.49
disinclines.app,21.49
disinfect.app,unavailable
disinfects.app,21.49
disinfest.app,21.49
disinfests.app,21.49
disinhume.app,21.49
disinhumed.app,21.49
disinhumes.app,21.49
disinter.app,21.49
disinterred.app,21.49
disinters.app,21.49
disliking.app,21.49
dislocate.app,21.49
dislocates.app,21.49
dislodges.app,21.49
dislodging.app,21.49
dismantle.app,unavailable
dismantles.app,21.49
dismember.app,21.49
dismembers.app,21.49
dismisses.app,21.49
disnatured.app,21.49
disobey.app,21.49
disobeys.app,21.49
disoblige.app,21.49
disobliged.app,21.49
disorder.app,17.66
disorders.app,85.32
disparage.app,21.49
disparaged.app,21.49
dispauper.app,21.49
dispaupers.app,21.49
dispelling.app,21.49
dispenses.app,21.49
dispensing.app,21.49
dispeople.app,21.49
dispeoples.app,21.49
disperses.app,21.49
dispersing.app,21.49
dispirit.app,21.49
dispirits.app,21.49
displaces.app,21.49
displacing.app,21.49
displeases.app,21.49
displeasing.app,21.49
displeasure.app,21.49
displeasures.app,21.49
displuming.app,21.49
disposes.app,21.49
disposing.app,21.49
disposings.app,21.49
dispossess.app,21.49
dispraises.app,21.49
dispraising.app,21.49
dispreading.app,21.49
disprizes.app,21.49
disprizing.app,21.49
disproving.app,21.49
disputed.app,21.49
disputing.app,21.49
disquiet.app,unavailable
disquiets.app,21.49
disregard.app,21.49
disregards.app,21.49
disrelish.app,21.49
disrespect.app,unavailable
disrobing.app,21.49
disseises.app,21.49
disseising.app,21.49
disseizes.app,21.49
disseizing.app,21.49
dissemble.app,21.49
dissembles.app,21.49
dissertate.app,21.49
dissertates.app,21.49
disserving.app,21.49
dissever.app,21.49
dissevers.app,21.49
dissipate.app,21.49
dissipates.app,21.49
dissolving.app,21.49
dissolvings.app,21.49
dissuaded.app,21.49
dissuading.app,21.49
distances.app,21.49
distancing.app,unavailable
distasted.app,21.49
distasting.app,21.49
distemper.app,21.49
distempers.app,21.49
distilling.app,21.49
distillings.app,21.49
distinguish.app,85.32
distribute.app,unavailable
distributes.app,21.49
disunite.app,21.49
disunites.app,21.49
disusing.app,21.49
disvalue.app,21.49
disvalued.app,21.49
disvalues.app,21.49
disyoking.app,21.49
divagate.app,21.49
divagates.app,21.49
diverges.app,21.49
diverging.app,21.49
dividing.app,21.49
dividings.app,21.49
divinise.app,21.49
divinised.app,21.49
divinize.app,21.49
divinized.app,21.49
divorces.app,21.49
divorcing.app,21.49
divulgate.app,21.49
divulgates.app,21.49
divulges.app,21.49
divulging.app,21.49
divvying.app,21.49
docketed.app,21.49
docketing.app,21.49
document.app,unavailable
documents.app,unavailable
dogmatise.app,21.49
dogmatised.app,21.49
dogmatize.app,21.49
dogmatized.app,21.49
domicile.app,unavailable
domiciled.app,21.49
domiciles.app,21.49
dominate.app,unavailable
dominates.app,21.49
domineer.app,21.49
domineers.app,21.49
donated.app,unavailable
donating.app,unavailable
dowelling.app,21.49
downgraded.app,21.49
downgrading.app,21.49
dragonnade.app,21.49
dragonnades.app,21.49
dramatise.app,21.49
dramatised.app,21.49
dramatize.app,21.49
dramatized.app,21.49
driveling.app,21.49
drivelling.app,21.49
dueling.app,21.49
duelling.app,21.49
dulcified.app,21.49
dulcifies.app,21.49
dulcify.app,21.49
dynamite.app,unavailable
dynamites.app,21.49
earbashes.app,21.49
earwigging.app,21.49
eavesdropping.app,21.49
ebonise.app,21.49
ebonised.app,21.49
ebonize.app,21.49
ebonized.app,21.49
echelon.app,unavailable
echelons.app,unavailable
edified.app,unavailable
edifies.app,21.49
edify.app,unavailable
educate.app,unavailable
educates.app,21.49
educes.app,21.49
educing.app,21.49
effaces.app,21.49
effacing.app,21.49
effervesce.app,21.49
effervesced.app,21.49
effloresce.app,21.49
effloresced.app,21.49
effulges.app,21.49
effulging.app,21.49
effuses.app,21.49
effusing.app,21.49
egresses.app,21.49
elapses.app,21.49
elapsing.app,21.49
elated.app,21.49
elating.app,21.49
elegise.app,21.49
elegised.app,21.49
elegize.app,21.49
elegized.app,21.49
elevate.app,unavailable
elevates.app,21.49
elicit.app,unavailable
elicits.app,21.49
elided.app,21.49
eliding.app,21.49
elongate.app,21.49
elongates.app,21.49
eloping.app,21.49
eluded.app,21.49
eluding.app,21.49
eluted.app,21.49
eluting.app,21.49
emanate.app,unavailable
emanates.app,21.49
embargo.app,unavailable
embargos.app,21.49
embarrass.app,21.49
embarring.app,21.49
embarrings.app,21.49
embattle.app,21.49
embattles.app,21.49
embedded.app,329.32
embellish.app,13128.53
embezzle.app,21.49
embezzles.app,21.49
embitter.app,21.49
embitters.app,21.49
emblazes.app,21.49
emblazing.app,21.49
emblazon.app,21.49
emblazons.app,21.49
embodied.app,unavailable
embodies.app,21.49
embody.app,unavailable
embolden.app,unavailable
emboldens.app,21.49
embosom.app,21.49
embosoms.app,21.49
embosses.app,21.49
embowel.app,21.49
embowelled.app,21.49
embowels.app,21.49
embower.app,21.49
embowers.app,21.49
embraces.app,21.49
embracing.app,21.49
embrangle.app,21.49
embrangles.app,21.49
embrittle.app,21.49
embrittles.app,21.49
embrocate.app,21.49
embrocates.app,21.49
embroider.app,21.49
embroiders.app,21.49
embruing.app,21.49
embruted.app,21.49
embruting.app,21.49
embussing.app,21.49
emceeing.app,21.49
emendate.app,21.49
emendates.app,21.49
emerges.app,21.49
emerging.app,17.84
emigrate.app,21.49
emigrates.app,21.49
emitted.app,21.49
emitting.app,85.61
emmarble.app,21.49
emmarbles.app,21.49
emoted.app,21.49
emoting.app,21.49
empaling.app,21.49
empanel.app,21.49
empanelled.app,21.49
empanels.app,21.49
empathize.app,unavailable
empathized.app,21.49
emphasise.app,21.49
emphasised.app,21.49
emphasize.app,unavailable
emphasized.app,21.49
emplaces.app,21.49
emplacing.app,21.49
empolder.app,21.49
empolders.app,21.49
empower.app,unavailable
empowers.app,21.49
empurple.app,21.49
empurples.app,21.49
emulate.app,unavailable
emulates.app,21.49
enable.app,unavailable
enables.app,17.84
enamel.app,21.49
enameled.app,21.49
enamelled.app,21.49
enamels.app,21.49
enamor.app,unavailable
enamors.app,21.49
encages.app,21.49
encaging.app,21.49
encases.app,21.49
encashes.app,21.49
encasing.app,21.49
enchases.app,21.49
enchasing.app,21.49
encincture.app,21.49
encinctured.app,21.49
encinctures.app,21.49
encipher.app,21.49
enciphers.app,21.49
encircle.app,21.49
encircles.app,21.49
encloses.app,21.49
enclosing.app,21.49
encoded.app,unavailable
encoding.app,unavailable
encompass.app,unavailable
encoring.app,21.49
encourage.app,unavailable
encouraged.app,unavailable
encrimson.app,21.49
encrimsons.app,21.49
encroaches.app,21.49
encumber.app,21.49
encumbers.app,21.49
endamage.app,21.49
endanger.app,21.49
endangers.app,21.49
endeavor.app,unavailable
endeavors.app,21.49
endorsees.app,21.49
endorses.app,21.49
endorsing.app,21.49
enduing.app,21.49
energise.app,21.49
energised.app,unavailable
energize.app,unavailable
energized.app,unavailable
enervate.app,21.49
enervates.app,21.49
enfaces.app,21.49
enfacing.app,21.49
enfeeble.app,21.49
enfeebles.app,21.49
enfetter.app,21.49
enfetters.app,21.49
enfilade.app,21.49
enfilades.app,21.49
enflaming.app,21.49
enforces.app,21.49
enforcing.app,21.49
enfranchise.app,21.49
enfranchised.app,21.49
engages.app,21.49
engarland.app,21.49
engarlands.app,21.49
engender.app,21.49
engenders.app,21.49
engineer.app,unavailable
engineers.app,329.32
engirding.app,21.49
engirdle.app,21.49
engirdles.app,21.49
englutted.app,21.49
englutting.app,21.49
engorges.app,21.49
engorging.app,21.49
engrosses.app,21.49
enhances.app,21.49
enhancing.app,85.61
enhearten.app,21.49
enheartens.app,21.49
enisling.app,21.49
enkindle.app,21.49
enkindles.app,21.49
enlaces.app,21.49
enlacing.app,21.49
enlarges.app,21.49
enlarging.app,21.49
enlighten.app,unavailable
enlightens.app,21.49
enliven.app,1168.45
enlivens.app,21.49
enmeshes.app,21.49
ennoble.app,21.49
ennobles.app,21.49
enounces.app,21.49
enouncing.app,21.49
enplaning.app,21.49
enquiring.app,21.49
enrages.app,21.49
enraging.app,21.49
enrapture.app,21.49
enraptured.app,21.49
enraptures.app,21.49
enravish.app,21.49
enriches.app,21.49
enrobing.app,21.49
enrolling.app,unavailable
ensanguine.app,21.49
ensanguined.app,21.49
ensanguines.app,21.49
ensconces.app,21.49
ensconcing.app,21.49
ensheathing.app,21.49
enshrining.app,21.49
ensilaged.app,21.49
ensiling.app,21.49
enskying.app,21.49
enslaving.app,21.49
ensnaring.app,21.49
ensphering.app,21.49
ensuing.app,21.49
ensuring.app,21.49
enswathing.app,21.49
entangle.app,unavailable
entangles.app,21.49
entertain.app,unavailable
entertains.app,21.49
enthralling.app,21.49
enthroning.app,21.49
enthronise.app,21.49
enthronised.app,21.49
enthronize.app,21.49
enthronized.app,21.49
enthuses.app,21.49
enthusing.app,21.49
entices.app,21.49
enticing.app,21.49
enticings.app,21.49
entitle.app,unavailable
entitles.app,21.49
entrammel.app,21.49
entrammels.app,21.49
entrances.app,21.49
entrancing.app,21.49
entrapping.app,21.49
entrenches.app,21.49
entwining.app,21.49
enuring.app,21.49
envelop.app,unavailable
enveloped.app,21.49
envelops.app,21.49
envenom.app,21.49
envenoms.app,21.49
environ.app,21.49
environs.app,21.49
envisage.app,unavailable
envisaged.app,21.49
envision.app,unavailable
envisions.app,unavailable
enwinding.app,21.49
enwrapping.app,21.49
enwrappings.app,21.49
enwreathing.app,21.49
epilate.app,21.49
epilates.app,21.49
epoxies.app,21.49
epoxy.app,unavailable
equalise.app,21.49
equalised.app,21.49
equalize.app,unavailable
equalized.app,21.49
equated.app,21.49
equating.app,21.49
equipoise.app,unavailable
equipoised.app,21.49
equipping.app,21.49
erases.app,21.49
erasing.app,21.49
eroded.app,21.49
eroding.app,21.49
eructate.app,21.49
eructates.app,21.49
escalade.app,21.49
escalades.app,21.49
escalate.app,unavailable
escalates.app,21.49
escallop.app,21.49
escallops.app,21.49
escaping.app,21.49
escribing.app,21.49
espalier.app,21.49
espaliers.app,21.49
espouses.app,21.49
espousing.app,21.49
espying.app,21.49
establish.app,unavailable
estated.app,21.49
estating.app,21.49
estimate.app,unavailable
estimates.app,unavailable
estivate.app,21.49
estivates.app,21.49
estopping.app,21.49
estranges.app,21.49
estranging.app,21.49
eternise.app,21.49
eternised.app,21.49
eternize.app,21.49
eternized.app,21.49
etherize.app,21.49
etherized.app,21.49
ethicize.app,21.49
ethicized.app,21.49
ethylate.app,21.49
ethylates.app,21.49
eulogise.app,21.49
eulogised.app,21.49
eulogize.app,21.49
eulogized.app,21.49
eunuchise.app,21.49
eunuchised.app,21.49
eunuchize.app,21.49
eunuchized.app,21.49
euphemise.app,21.49
euphemised.app,21.49
euphemize.app,21.49
euphemized.app,21.49
euphonise.app,21.49
euphonised.app,21.49
euphonises.app,21.49
euphonize.app,21.49
euphonized.app,21.49
evaded.app,21.49
evading.app,21.49
evanesce.app,21.49
evanesced.app,21.49
evanish.app,21.49
evidence.app,unavailable
evidenced.app,21.49
evinces.app,21.49
evincing.app,21.49
evited.app,21.49
eviting.app,21.49
evoking.app,21.49
evolving.app,unavailable
examine.app,unavailable
examined.app,85.61
examines.app,21.49
example.app,unavailable
examples.app,17.66
excavate.app,21.49
excavates.app,21.49
excelling.app,21.49
exchanging.app,unavailable
excided.app,21.49
exciding.app,21.49
excises.app,21.49
excising.app,21.49
excluded.app,21.49
excludees.app,21.49
excluding.app,21.49
excreted.app,21.49
excreting.app,21.49
exculpate.app,21.49
exculpates.app,21.49
excuses.app,21.49
excusing.app,21.49
execrate.app,21.49
execrates.app,21.49
execute.app,unavailable
executes.app,21.49
exercise.app,unavailable
exercised.app,21.49
exhaling.app,21.49
exhibit.app,328.2
exhibits.app,21.49
exhuming.app,21.49
exiling.app,21.49
exorcise.app,21.49
exorcised.app,21.49
exorcize.app,21.49
exorcized.app,21.49
expedite.app,unavailable
expedites.app,21.49
expelling.app,21.49
expertised.app,21.49
expertize.app,21.49
expertized.app,21.49
expiate.app,21.49
expiates.app,21.49
expiring.app,unavailable
explicate.app,unavailable
explicates.app,21.49
exploiter.app,21.49
exploiters.app,21.49
exploring.app,unavailable
exposes.app,unavailable
exposing.app,21.49
expunges.app,21.49
expunging.app,21.49
expurgate.app,21.49
expurgates.app,21.49
exsiccate.app,21.49
exsiccates.app,21.49
extermine.app,21.49
extinguish.app,21.49
extirpate.app,21.49
extirpates.app,21.49
extolling.app,21.49
extradite.app,21.49
extradites.app,21.49
extricate.app,21.49
extricates.app,21.49
extruded.app,21.49
extruding.app,21.49
exudate.app,21.49
exudates.app,21.49
exuded.app,21.49
exuding.app,21.49
eyeleted.app,21.49
eyeleting.app,21.49
fabricate.app,unavailable
fabricates.app,21.49
faceted.app,21.49
faceting.app,21.49
factorise.app,21.49
factorize.app,unavailable
factorized.app,21.49
falsified.app,21.49
falsifies.app,21.49
falsify.app,21.49
famishes.app,21.49
fantasize.app,21.49
fantasized.app,21.49
faradise.app,21.49
faradised.app,21.49
faradize.app,21.49
faradized.app,21.49
fascinate.app,21.49
fascinates.app,21.49
fatigate.app,21.49
fatiguing.app,21.49
featuring.app,85.32
fecundate.app,21.49
fecundates.app,21.49
federate.app,21.49
federates.app,21.49
feminise.app,21.49
feminised.app,21.49
feminize.app,21.49
feminized.app,21.49
fertilise.app,21.49
fertilised.app,21.49
fertilize.app,21.49
fertilized.app,21.49
festinate.app,21.49
festinates.app,21.49
feudalise.app,21.49
feudalised.app,21.49
feudalize.app,21.49
feudalized.app,21.49
figuring.app,21.49
filagree.app,21.49
filagrees.app,21.49
filiate.app,21.49
filiates.app,21.49
filigree.app,21.49
filigrees.app,21.49
filtrated.app,21.49
filtrating.app,21.49
fimbriate.app,21.49
fimbriates.app,21.49
finagle.app,unavailable
finagles.app,21.49
finalize.app,unavailable
finalized.app,21.49
financier.app,unavailable
financiers.app,unavailable
financing.app,unavailable
finesses.app,21.49
finessing.app,21.49
finessings.app,21.49
fingerprint.app,unavailable
fingerprints.app,21.49
finishes.app,unavailable
fissuring.app,21.49
fisticuff.app,21.49
fisticuffs.app,21.49
fixated.app,21.49
fixating.app,21.49
flabbergast.app,21.49
flabbergasts.app,21.49
flagellate.app,21.49
flagellates.app,21.49
flannelling.app,21.49
flocculate.app,21.49
flocculates.app,21.49
floodlighted.app,21.49
floodlighting.app,21.49
floreat.app,21.49
floruit.app,21.49
floruits.app,21.49
flourishes.app,21.49
fluctuate.app,21.49
fluctuates.app,21.49
fluidise.app,21.49
fluidised.app,21.49
fluidize.app,21.49
fluidized.app,21.49
flummoxes.app,21.49
fluoresce.app,21.49
fluoresced.app,21.49
fluoridate.app,21.49
fluoridates.app,21.49
fluoridise.app,21.49
fluoridised.app,21.49
fluoridize.app,21.49
fluoridized.app,21.49
fluorinate.app,21.49
fluorinates.app,21.49
fluorspar.app,21.49
focalise.app,21.49
focalised.app,21.49
focalize.app,21.49
focalized.app,21.49
focuses.app,unavailable
focusing.app,unavailable
focussing.app,21.49
foliate.app,21.49
foliates.app,21.49
folio.app,unavailable
folios.app,unavailable
foraging.app,21.49
forbearing.app,21.49
fordoes.app,21.49
fordoing.app,21.49
foreboded.app,21.49
forecasted.app,21.49
forecasting.app,unavailable
forecloses.app,21.49
foreclosing.app,21.49
foredated.app,21.49
foredating.app,21.49
forefeeling.app,21.49
foregather.app,21.49
foregathers.app,21.49
foregoes.app,21.49
forejudges.app,21.49
forejudging.app,21.49
foreordain.app,21.49
foreordains.app,21.49
forereaches.app,21.49
forerunning.app,21.49
foreseeing.app,21.49
foreshadow.app,unavailable
foreshadows.app,21.49
foreshorten.app,21.49
foreshortens.app,21.49
foretasted.app,21.49
foretasting.app,21.49
foretelling.app,21.49
foretoken.app,21.49
foretokens.app,21.49
forgather.app,21.49
forgathers.app,21.49
forgetting.app,21.49
forgettings.app,21.49
forgiven.app,21.49
forgoes.app,21.49
forgoing.app,21.49
forgotten.app,17.66
forjudges.app,21.49
forjudging.app,21.49
formalise.app,21.49
formalised.app,21.49
formalize.app,unavailable
formalized.app,21.49
formated.app,21.49
formates.app,21.49
formating.app,21.49
formatted.app,21.49
formatting.app,21.49
formicate.app,21.49
formulate.app,unavailable
formulates.app,21.49
formulise.app,21.49
formulised.app,21.49
formulize.app,21.49
formulized.app,21.49
fornicate.app,21.49
fornicates.app,21.49
forsaken.app,unavailable
forsaking.app,21.49
forsakings.app,21.49
fortifies.app,21.49
fortify.app,unavailable
fortresses.app,21.49
fossilise.app,21.49
fossilised.app,21.49
fossilize.app,21.49
fossilized.app,21.49
fractionate.app,21.49
fractionates.app,21.49
fractionise.app,21.49
fractionised.app,21.49
fractionize.app,21.49
fractionized.app,21.49
fracturing.app,21.49
franchisees.app,21.49
franchises.app,unavailable
franchising.app,unavailable
fraternise.app,21.49
fraternised.app,21.49
fraternize.app,21.49
fraternized.app,21.49
freelancing.app,1362.89
frescoes.app,21.49
fricassee.app,21.49
fricasseed.app,21.49
fricassees.app,21.49
frivolling.app,21.49
frogmarches.app,21.49
frolicking.app,21.49
fructified.app,21.49
fructifies.app,21.49
fructify.app,unavailable
frustrated.app,21.49
frustrating.app,21.49
fuelling.app,21.49
fulfilling.app,21.49
fulfillings.app,21.49
fulgurate.app,21.49
fulgurates.app,21.49
fulminate.app,21.49
fulminates.app,21.49
fumigate.app,21.49
fumigates.app,21.49
funnelling.app,21.49
furbelow.app,21.49
furbelows.app,21.49
furbishes.app,21.49
furcated.app,21.49
furnacing.app,21.49
furnishes.app,21.49
fusillade.app,21.49
fusillades.app,21.49
fustigate.app,21.49
fustigates.app,21.49
gainsaying.app,21.49
gainsayings.app,21.49
gallivant.app,unavailable
gallivants.app,21.49
galvanise.app,unavailable
galvanised.app,21.49
galvanize.app,21.49
galvanized.app,21.49
gambolling.app,21.49
gangrening.app,21.49
garages.app,85.32
garaging.app,21.49
garagings.app,21.49
garnishee.app,21.49
garnisheed.app,21.49
garnishees.app,21.49
garnishes.app,21.49
garotted.app,21.49
garotting.app,21.49
garottings.app,21.49
garroted.app,21.49
garroting.app,21.49
garrotted.app,21.49
garrotting.app,21.49
garrottings.app,21.49
gasified.app,21.49
gasifies.app,21.49
gasify.app,unavailable
gazetting.app,21.49
geminate.app,21.49
geminates.app,21.49
gemmated.app,21.49
gemmating.app,21.49
generate.app,unavailable
generates.app,21.49
genuflect.app,21.49
genuflects.app,21.49
germinate.app,unavailable
germinates.app,21.49
gestated.app,21.49
gestating.app,21.49
gesturing.app,21.49
glaciate.app,21.49
glaciates.app,21.49
glamorize.app,21.49
glamorized.app,21.49
glissaded.app,21.49
glissading.app,21.49
glorified.app,21.49
glorifies.app,21.49
glorify.app,21.49
gluttonise.app,21.49
gluttonised.app,21.49
gluttonize.app,21.49
gluttonized.app,21.49
gorgonise.app,21.49
gorgonised.app,21.49
gorgonize.app,21.49
gorgonized.app,21.49
gormandise.app,21.49
gormandised.app,21.49
gormandize.app,21.49
gormandized.app,21.49
gradated.app,21.49
gradating.app,21.49
graduate.app,328.2
graduates.app,unavailable
grangerise.app,21.49
grangerised.app,21.49
grangerize.app,21.49
grangerized.app,21.49
granitize.app,21.49
granitized.app,21.49
granulate.app,21.49
granulates.app,21.49
graphitize.app,21.49
graphitized.app,21.49
gratified.app,21.49
gratifies.app,21.49
gratify.app,unavailable
gratinate.app,21.49
gratinates.app,21.49
gratulate.app,21.49
gratulates.app,21.49
gravelling.app,21.49
gravitate.app,unavailable
gravitates.app,21.49
grimaces.app,21.49
grimacing.app,21.49
groveling.app,21.49
grovelling.app,21.49
guarantee.app,unavailable
guaranteed.app,unavailable
guarantees.app,unavailable
guaranties.app,21.49
guaranty.app,21.49
guesstimate.app,21.49
guesstimates.app,21.49
guillotine.app,unavailable
guillotines.app,21.49
gumshoeing.app,21.49
gunfighting.app,21.49
haemorrhage.app,21.49
haemorrhaged.app,21.49
halloes.app,21.49
halloing.app,21.49
haloes.app,21.49
halteres.app,unavailable
hamshackle.app,21.49
hamshackles.app,21.49
handicap.app,17.66
handicaps.app,21.49
handselling.app,21.49
haranguing.app,21.49
harasses.app,21.49
harbinger.app,unavailable
harbingers.app,21.49
harmonise.app,unavailable
harmonised.app,21.49
harmonize.app,unavailable
harmonized.app,21.49
harrying.app,21.49
hatchelling.app,21.49
havocking.app,21.49
headlining.app,21.49
headquarter.app,21.49
headquarters.app,unavailable
headreaches.app,21.49
heathenise.app,21.49
heathenised.app,21.49
heathenize.app,21.49
heathenized.app,21.49
hebetate.app,21.49
hebetates.app,21.49
hectograph.app,21.49
hectographs.app,21.49
hemorrhage.app,21.49
hemorrhaged.app,21.49
hemstitches.app,21.49
hepatise.app,21.49
hepatised.app,21.49
hepatize.app,21.49
hepatized.app,21.49
herborize.app,21.49
herborized.app,21.49
herrying.app,21.49
hesitate.app,85.32
hesitates.app,21.49
hibachi.app,21.49
hibachis.app,21.49
hibernate.app,unavailable
hibernates.app,21.49
hiccuping.app,21.49
hiccupping.app,21.49
highlighted.app,unavailable
highlighting.app,85.32
hinnying.app,21.49
hobnobbing.app,21.49
hobnobbings.app,21.49
hocuses.app,21.49
hocusing.app,21.49
hocussing.app,21.49
hogtying.app,21.49
holloes.app,21.49
holystone.app,21.49
holystoned.app,21.49
holystones.app,21.49
homages.app,21.49
honeying.app,21.49
honeymoon.app,unavailable
honeymoons.app,21.49
hornswoggle.app,21.49
hornswoggles.app,21.49
horrified.app,21.49
horrifies.app,21.49
horrify.app,21.49
horseshoeing.app,21.49
horseshoeings.app,21.49
horsewhipping.app,21.49
houselling.app,21.49
housellings.app,21.49
hovelling.app,21.49
humanise.app,21.49
humanised.app,21.49
humanize.app,unavailable
humanized.app,21.49
humbugging.app,21.49
hurrying.app,21.49
hurryings.app,21.49
hybridise.app,21.49
hybridised.app,21.49
hybridize.app,21.49
hybridized.app,21.49
hydrating.app,21.49
hydrolyse.app,21.49
hydrolysed.app,21.49
hydrolyze.app,21.49
hydrolyzed.app,21.49
hydroplane.app,21.49
hydroplaned.app,21.49
hydroplanes.app,21.49
hyphenate.app,21.49
hyphenates.app,21.49
hyphenise.app,21.49
hyphenised.app,21.49
hyphenize.app,21.49
hyphenized.app,21.49
hypnotise.app,21.49
hypnotised.app,21.49
hypnotize.app,655.19
hypnotized.app,unavailable
ideate.app,unavailable
ideates.app,21.49
idolise.app,21.49
idolised.app,21.49
idolize.app,21.49
idolized.app,21.49
ignited.app,unavailable
igniting.app,21.49
ignoring.app,85.32
illumine.app,unavailable
illumined.app,21.49
illumines.app,21.49
illuming.app,21.49
illustrate.app,unavailable
illustrates.app,85.32
imagine.app,unavailable
imagined.app,21.49
imagines.app,21.49
imaging.app,unavailable
imbedded.app,21.49
imbedding.app,21.49
imbibing.app,21.49
imbitter.app,21.49
imbitters.app,21.49
imbodies.app,21.49
imbody.app,21.49
imbosom.app,21.49
imbosoms.app,21.49
imbower.app,21.49
imbowers.app,21.49
imbrangle.app,21.49
imbrangles.app,21.49
imbricate.app,21.49
imbricates.app,21.49
imbruing.app,21.49
imbruted.app,21.49
imbruting.app,21.49
imbuing.app,21.49
imitate.app,unavailable
imitates.app,21.49
immerges.app,21.49
immerging.app,21.49
immerses.app,21.49
immersing.app,21.49
immeshes.app,21.49
immigrate.app,unavailable
immigrates.app,21.49
immingle.app,21.49
immingles.app,21.49
immolate.app,21.49
immolates.app,21.49
immunise.app,21.49
immunised.app,21.49
immunize.app,unavailable
immunized.app,21.49
immuring.app,21.49
impaling.app,21.49
impanel.app,21.49
impanelled.app,21.49
impanels.app,21.49
impassion.app,21.49
impassions.app,21.49
impasted.app,21.49
impasting.app,21.49
impeaches.app,21.49
impeded.app,21.49
impeding.app,21.49
impelling.app,21.49
imperil.app,21.49
imperilled.app,21.49
imperils.app,21.49
impetrate.app,21.49
impetrates.app,21.49
impinges.app,21.49
impinging.app,21.49
implement.app,unavailable
implements.app,21.49
implicate.app,unavailable
implicates.app,21.49
imploded.app,21.49
imploding.app,21.49
imploring.app,21.49
implying.app,21.49
impolder.app,21.49
impolders.app,21.49
imponing.app,21.49
importune.app,21.49
importuned.app,21.49
importunes.app,21.49
imposes.app,21.49
imprecate.app,21.49
imprecates.app,21.49
impregnate.app,21.49
impregnates.app,21.49
impresses.app,21.49
imprison.app,21.49
imprisons.app,21.49
improving.app,85.32
improvise.app,unavailable
improvised.app,21.49
imputed.app,21.49
inarches.app,21.49
inbreathing.app,21.49
incages.app,21.49
incaging.app,21.49
incandesce.app,21.49
incandesced.app,21.49
incarnate.app,21.49
incarnates.app,21.49
incases.app,21.49
incasing.app,21.49
incenses.app,21.49
incensing.app,21.49
inchoate.app,21.49
inchoates.app,21.49
incises.app,21.49
incising.app,21.49
incited.app,21.49
inciting.app,21.49
incloses.app,21.49
inclosing.app,21.49
including.app,unavailable
incommode.app,21.49
incommodes.app,21.49
incrassate.app,21.49
incrassates.app,21.49
increases.app,85.32
incubate.app,unavailable
incubates.app,21.49
inculcate.app,21.49
inculcates.app,21.49
inculpate.app,21.49
inculpates.app,21.49
incurring.app,21.49
incurvate.app,21.49
incurvates.app,21.49
incurving.app,21.49
incuses.app,21.49
incusing.app,21.49
indagate.app,21.49
indagates.app,21.49
indenture.app,21.49
indentured.app,21.49
indentures.app,21.49
indicate.app,unavailable
indicates.app,85.32
indispose.app,21.49
indited.app,21.49
inditing.app,21.49
indorses.app,21.49
indorsing.app,21.49
induces.app,21.49
inducing.app,21.49
induing.app,21.49
indulgence.app,unavailable
indulges.app,21.49
indulging.app,21.49
indurate.app,21.49
indurates.app,21.49
indwelling.app,21.49
infamize.app,21.49
inferring.app,21.49
infiltrate.app,21.49
infiltrates.app,21.49
infixes.app,21.49
inflaming.app,21.49
inflating.app,21.49
influence.app,unavailable
influenced.app,unavailable
infringes.app,21.49
infringing.app,21.49
infuscate.app,21.49
infuses.app,21.49
infusing.app,21.49
ingather.app,21.49
ingathers.app,21.49
inhabit.app,unavailable
inhabits.app,21.49
inhaling.app,21.49
inhering.app,21.49
inherit.app,unavailable
inherits.app,21.49
inhibit.app,21.49
inhibits.app,21.49
inhuming.app,21.49
initial.app,unavailable
initials.app,unavailable
injuring.app,21.49
inlaces.app,21.49
inmeshes.app,21.49
innervate.app,unavailable
innervates.app,21.49
innerving.app,21.49
innovate.app,unavailable
innovates.app,21.49
inputted.app,21.49
inputting.app,21.49
inquiet.app,21.49
inquiets.app,21.49
inscribing.app,21.49
insetting.app,21.49
insheathing.app,21.49
inshrining.app,21.49
insnaring.app,21.49
insolate.app,21.49
insolates.app,21.49
inspanning.app,21.49
insphering.app,21.49
inspiring.app,328.2
inspirit.app,unavailable
inspirits.app,21.49
inspissate.app,21.49
inspissates.app,21.49
installing.app,85.32
instances.app,unavailable
instancing.app,21.49
instarring.app,21.49
instated.app,21.49
instating.app,21.49
instigate.app,21.49
instigates.app,21.49
instilling.app,21.49
institute.app,1312.84
institutes.app,unavailable
insufflate.app,21.49
insufflates.app,21.49
insulate.app,21.49
insulates.app,21.49
insuring.app,unavailable
inswathing.app,21.49
integrate.app,unavailable
integrates.app,21.49
interact.app,unavailable
interacts.app,85.32
interbreed.app,21.49
interbreeds.app,21.49
intercede.app,unavailable
intercedes.app,21.49
intercept.app,85.32
intercepts.app,21.49
interchain.app,unavailable
interchains.app,21.49
interchange.app,unavailable
interchanged.app,21.49
intercrop.app,21.49
intercropped.app,21.49
intercrops.app,21.49
intercross.app,21.49
intercut.app,21.49
intercuts.app,21.49
interest.app,unavailable
interests.app,21.49
interfaced.app,21.49
interfere.app,85.32
interfered.app,21.49
interferes.app,21.49
interflow.app,unavailable
interflows.app,21.49
interfold.app,21.49
interfolds.app,21.49
interfuse.app,unavailable
interfused.app,21.49
intergrade.app,21.49
intergrades.app,21.49
interject.app,unavailable
interjects.app,21.49
interjoin.app,21.49
interknit.app,21.49
interknits.app,21.49
interlace.app,93.24
interlaid.app,21.49
interlard.app,21.49
interlards.app,21.49
interlay.app,21.49
interlays.app,21.49
interleave.app,21.49
interleaved.app,21.49
interleaves.app,21.49
interline.app,21.49
interlined.app,21.49
interlines.app,21.49
interlink.app,328.82
interlinks.app,21.49
interlock.app,unavailable
interlocks.app,21.49
interlope.app,21.49
interloped.app,21.49
interlopes.app,21.49
interlude.app,21.49
interludes.app,21.49
intermit.app,21.49
intermits.app,21.49
intermix.app,21.49
internes.app,21.49
interpage.app,21.49
interplant.app,21.49
interplants.app,21.49
interplead.app,21.49
interpleads.app,21.49
interpose.app,unavailable
interposed.app,21.49
interpret.app,unavailable
interprets.app,21.49
interreign.app,21.49
interreigns.app,21.49
interring.app,21.49
interrupt.app,unavailable
interrupts.app,21.49
interscribe.app,21.49
intersect.app,unavailable
intersects.app,unavailable
interspace.app,21.49
interspaced.app,21.49
intersperse.app,21.49
interspersed.app,21.49
intertwine.app,21.49
intertwined.app,21.49
intertwines.app,21.49
intertwist.app,21.49
intertwists.app,21.49
intervein.app,21.49
interveins.app,21.49
intervene.app,21.49
intervened.app,21.49
intervenes.app,21.49
interview.app,unavailable
interviews.app,17.66
intervolve.app,21.49
intervolved.app,21.49
intervolves.app,21.49
interwar.app,21.49
interweave.app,unavailable
interweaved.app,21.49
interweaves.app,21.49
interwind.app,21.49
interwinds.app,21.49
interwork.app,21.49
interworks.app,21.49
interwound.app,21.49
interwreathe.app,21.49
interwreathed.app,21.49
interwreathes.app,21.49
inthralling.app,21.49
intimate.app,328.2
intimates.app,21.49
intitule.app,21.49
intituled.app,21.49
intitules.app,21.49
intonate.app,21.49
intonates.app,21.49
intoning.app,21.49
intonings.app,21.49
intrenches.app,21.49
intriguing.app,21.49
introduce.app,unavailable
introduced.app,unavailable
introject.app,21.49
introjects.app,21.49
intromit.app,21.49
intromits.app,21.49
introspect.app,unavailable
introspects.app,21.49
introvert.app,unavailable
introverts.app,unavailable
intruded.app,21.49
intruding.app,21.49
intubate.app,21.49
intubates.app,21.49
intuit.app,unavailable
intuits.app,21.49
intumesce.app,21.49
intumesced.app,21.49
intwining.app,21.49
inundate.app,21.49
inundates.app,21.49
inuring.app,21.49
invaded.app,21.49
invading.app,21.49
invalid.app,unavailable
invalids.app,21.49
inveigle.app,21.49
inveigles.app,21.49
inversing.app,21.49
invited.app,unavailable
invitees.app,21.49
invocate.app,unavailable
invocates.app,21.49
invoices.app,unavailable
invoicing.app,unavailable
invoking.app,85.32
involute.app,21.49
involutes.app,21.49
involving.app,85.32
inwinding.app,21.49
inwrapping.app,21.49
inwreathing.app,21.49
iodate.app,21.49
iodates.app,21.49
iodise.app,21.49
iodize.app,21.49
iodized.app,21.49
ionise.app,21.49
ionised.app,21.49
ionize.app,21.49
ionized.app,unavailable
iridize.app,21.49
iridized.app,21.49
ironize.app,21.49
irrigate.app,21.49
irrigates.app,21.49
irritate.app,21.49
irritates.app,21.49
isolate.app,19545.75
isolates.app,unavailable
issuing.app,85.32
itemize.app,unavailable
itemized.app,21.49
iterate.app,unavailable
iterates.app,21.49
jaculate.app,21.49
jaculates.app,21.49
japanning.app,21.49
jargonise.app,21.49
jargonised.app,21.49
jargonize.app,21.49
jargonized.app,21.49
jaundices.app,21.49
jaundicing.app,21.49
jawboning.app,21.49
jellified.app,21.49
jellifies.app,21.49
jellify.app,21.49
jellying.app,21.49
jemmying.app,21.49
jeopardise.app,21.49
jeopardised.app,21.49
jeopardize.app,21.49
jeopardized.app,21.49
jettison.app,unavailable
jettisons.app,21.49
jeweling.app,21.49
jewelling.app,21.49
jigsawing.app,21.49
jitterbug.app,21.49
jitterbugged.app,21.49
jitterbugs.app,21.49
jollified.app,21.49
jollifies.app,21.49
jollify.app,21.49
jollying.app,21.49
journalise.app,unavailable
journalised.app,21.49
journalize.app,unavailable
journalized.app,21.49
jubilate.app,21.49
jubilates.app,21.49
jugulate.app,21.49
jugulates.app,21.49
justified.app,unavailable
justifies.app,21.49
justify.app,unavailable
juxtapose.app,unavailable
juxtaposed.app,21.49
kalsomined.app,21.49
kayoes.app,21.49
kennelling.app,21.49
kerfuffle.app,unavailable
kerfuffles.app,21.49
kernelling.app,21.49
keypunches.app,21.49
kibitzes.app,21.49
kiboshes.app,21.49
kidnapping.app,21.49
kinescope.app,unavailable
kinescopes.app,21.49
kourbashes.app,21.49
kurbashes.app,21.49
kyanise.app,21.49
kyanised.app,21.49
kyanize.app,21.49
kyanized.app,21.49
labelling.app,unavailable
lacerate.app,21.49
lacerates.app,21.49
lactated.app,21.49
lactating.app,21.49
ladyfies.app,21.49
ladyfy.app,21.49
laicise.app,21.49
laicize.app,21.49
laicized.app,21.49
lallygag.app,21.49
lallygagged.app,21.49
lallygags.app,21.49
lambasted.app,21.49
lambastes.app,21.49
lambasting.app,21.49
laminate.app,unavailable
laminates.app,21.49
landscaping.app,17.66
languishes.app,21.49
lapidate.app,21.49
lapidates.app,21.49
larruping.app,21.49
lassoes.app,21.49
latinize.app,21.49
lattices.app,21.49
lavishes.app,21.49
layabout.app,21.49
layabouts.app,21.49
leapfrogging.app,21.49
lecturing.app,21.49
legalise.app,21.49
legalised.app,21.49
legalize.app,unavailable
legalized.app,21.49
legislate.app,unavailable
legislates.app,21.49
lethargise.app,21.49
lethargised.app,21.49
lethargize.app,21.49
lethargized.app,21.49
leveeing.app,21.49
leverage.app,unavailable
levigate.app,21.49
levigates.app,21.49
levitate.app,unavailable
levitates.app,21.49
liaises.app,21.49
libeling.app,21.49
libelling.app,21.49
liberate.app,unavailable
liberates.app,21.49
librated.app,21.49
librating.app,21.49
licences.app,unavailable
licencing.app,21.49
licensing.app,unavailable
ligated.app,21.49
ligating.app,21.49
ligature.app,unavailable
ligatured.app,21.49
ligatures.app,21.49
lignified.app,21.49
lignifies.app,21.49
lignify.app,21.49
lionise.app,21.49
lionised.app,21.49
lionize.app,21.49
lionized.app,21.49
liquated.app,21.49
liquating.app,21.49
liquefies.app,21.49
liquefy.app,21.49
liquesces.app,21.49
liquidate.app,unavailable
liquidates.app,21.49
liquidise.app,21.49
liquidised.app,21.49
liquidize.app,21.49
liquidized.app,21.49
lithograph.app,21.49
lithographs.app,21.49
lithoprint.app,21.49
lithoprints.app,21.49
litigate.app,unavailable
litigates.app,21.49
localise.app,21.49
localised.app,unavailable
localize.app,unavailable
localized.app,unavailable
located.app,85.32
locating.app,21.49
logicise.app,21.49
logicised.app,21.49
logicize.app,21.49
logicized.app,21.49
lollygag.app,21.49
lollygagged.app,21.49
lollygags.app,21.49
loopholing.app,21.49
lubricate.app,21.49
lubricates.app,21.49
lucubrate.app,21.49
lucubrates.app,21.49
luminesce.app,21.49
luminesced.app,21.49
lumining.app,21.49
lustrated.app,21.49
lustrating.app,21.49
luxated.app,21.49
luxating.app,21.49
macerate.app,21.49
macerates.app,21.49
machinate.app,21.49
machinates.app,21.49
machining.app,unavailable
maculate.app,21.49
maculates.app,21.49
madrigal.app,21.49
madrigals.app,21.49
magnetise.app,21.49
magnetised.app,21.49
magnetize.app,7345.41
magnetized.app,21.49
magnified.app,21.49
magnifies.app,21.49
magnify.app,unavailable
mainlining.app,21.49
maledict.app,21.49
malfunction.app,21.49
malfunctions.app,unavailable
malinger.app,21.49
malingers.app,21.49
manacle.app,21.49
manacles.app,21.49
manages.app,21.49
mandated.app,21.49
mandating.app,21.49
manducate.app,21.49
manducates.app,21.49
maneuver.app,8789.55
maneuvers.app,21.49
manhandle.app,21.49
manhandles.app,21.49
manicure.app,unavailable
manicures.app,unavailable
manifold.app,unavailable
manifolds.app,21.49
manoeuvre.app,21.49
manoeuvres.app,21.49
manumit.app,21.49
manumits.app,21.49
manuring.app,21.49
marcelling.app,21.49
mares.app,21.49
marginate.app,21.49
marinade.app,21.49
marinades.app,21.49
marinate.app,21.49
marinates.app,21.49
marrying.app,21.49
marshalling.app,21.49
marshallings.app,21.49
martyrise.app,21.49
martyrised.app,21.49
martyrize.app,21.49
martyrized.app,21.49
marvelling.app,21.49
masquerade.app,unavailable
masquerades.app,21.49
massacre.app,unavailable
massacres.app,21.49
massages.app,85.32
massaging.app,unavailable
mastermind.app,unavailable
masterminds.app,unavailable
masticate.app,21.49
masticates.app,21.49
masturbate.app,unavailable
masturbates.app,21.49
matronize.app,21.49
maturate.app,21.49
maturates.app,21.49
maximize.app,85.32
maximized.app,21.49
mechanize.app,unavailable
medaling.app,21.49
medalling.app,21.49
mediate.app,unavailable
mediates.app,21.49
medicate.app,unavailable
medicates.app,21.49
meditate.app,unavailable
meditates.app,21.49
melodize.app,21.49
melodized.app,21.49
memorize.app,unavailable
memorized.app,unavailable
menaces.app,21.49
menacing.app,21.49
menstruate.app,21.49
menstruates.app,21.49
mercerize.app,21.49
mercerized.app,21.49
merchandise.app,unavailable
merchandised.app,21.49
mercurate.app,21.49
mesmerize.app,unavailable
mesmerized.app,21.49
metaling.app,21.49
metalling.app,21.49
metallings.app,21.49
metallise.app,21.49
metallised.app,21.49
metallize.app,21.49
metallized.app,21.49
metaphrase.app,21.49
methodise.app,21.49
methodised.app,21.49
methodize.app,unavailable
methylate.app,21.49
methylates.app,21.49
metricate.app,21.49
metricates.app,21.49
metricise.app,21.49
metricised.app,21.49
metricize.app,21.49
metricized.app,21.49
mezzotint.app,21.49
mezzotints.app,21.49
micturate.app,21.49
micturates.app,21.49
migrated.app,21.49
migrating.app,21.49
militate.app,21.49
militates.app,21.49
mimicking.app,21.49
minifies.app,21.49
minify.app,unavailable
minimise.app,unavailable
minimised.app,21.49
minimize.app,unavailable
minimized.app,85.32
minuted.app,21.49
minuting.app,21.49
misaddress.app,21.49
misadvise.app,21.49
misadvised.app,21.49
misallege.app,21.49
misalleged.app,21.49
misallied.app,21.49
misallies.app,21.49
misallot.app,21.49
misallots.app,21.49
misally.app,21.49
misapplies.app,21.49
misapply.app,21.49
misassign.app,21.49
misassigns.app,21.49
misbecame.app,21.49
misbecome.app,21.49
misbecomes.app,21.49
misbehave.app,21.49
misbehaved.app,21.49
misbehaves.app,21.49
misbestow.app,21.49
misbestows.app,21.49
miscarries.app,21.49
miscarry.app,21.49
mischarges.app,21.49
mischarging.app,21.49
miscompute.app,21.49
miscomputes.app,21.49
misconceive.app,21.49
misconceived.app,21.49
misconceives.app,21.49
misconduct.app,21.49
misconducts.app,21.49
misconstrue.app,21.49
misconstrued.app,21.49
misconstrues.app,21.49
miscounsel.app,21.49
miscounselled.app,21.49
miscounsels.app,21.49
miscreate.app,21.49
miscuing.app,21.49
misdated.app,21.49
misdating.app,21.49
misdealing.app,21.49
misdemean.app,21.49
misdemeans.app,21.49
misdescribe.app,21.49
misdescribed.app,21.49
misdescribes.app,21.49
misdirect.app,21.49
misdirects.app,21.49
misdoes.app,21.49
misdoing.app,21.49
misdoings.app,21.49
misdrawing.app,21.49
misdrawings.app,21.49
misesteem.app,21.49
misesteems.app,21.49
misfitted.app,21.49
misfitting.app,21.49
misgiven.app,21.49
misgovern.app,21.49
misgoverns.app,21.49
mishandle.app,21.49
mishandles.app,21.49
mishearing.app,21.49
misinform.app,21.49
misinforms.app,21.49
misinstruct.app,21.49
misinstructs.app,21.49
misintend.app,21.49
misjudges.app,21.49
misknowing.app,21.49
mislabel.app,21.49
mislabelled.app,21.49
mislabels.app,21.49
mislaying.app,21.49
mismaking.app,21.49
mismanage.app,21.49
mismanaged.app,21.49
mismatches.app,21.49
mismated.app,21.49
mismating.app,21.49
mismeasure.app,21.49
mismeasured.app,21.49
mismeasures.app,21.49
misperceive.app,21.49
misperceived.app,21.49
misperceives.app,21.49
misplaces.app,21.49
misplacing.app,21.49
misprises.app,21.49
misprising.app,21.49
misprizes.app,21.49
mispronounce.app,21.49
misquoted.app,21.49
misquoting.app,21.49
misrated.app,21.49
misrating.app,21.49
misrelate.app,21.49
misrelates.app,21.49
misreport.app,21.49
misreports.app,21.49
misruling.app,21.49
missending.app,21.49
misspeaking.app,21.49
misspoken.app,21.49
mistaking.app,21.49
misteaches.app,21.49
misteaching.app,21.49
mistiming.app,21.49
mistitle.app,21.49
mistitles.app,21.49
mistranslate.app,21.49
mistranslates.app,21.49
misuses.app,21.49
misusing.app,21.49
misworship.app,21.49
misworships.app,21.49
miswriting.app,21.49
miswritten.app,21.49
mitigate.app,21.49
mitigates.app,21.49
mobilise.app,unavailable
mobilised.app,21.49
mobilize.app,unavailable
modelling.app,17.66
modellings.app,21.49
modernise.app,21.49
modernised.app,21.49
modernize.app,unavailable
modernized.app,21.49
modified.app,unavailable
modifies.app,21.49
modify.app,unavailable
modulate.app,21.49
modulates.app,21.49
moisturize.app,21.49
mollifies.app,21.49
mollify.app,21.49
monetize.app,unavailable
mongrelise.app,21.49
mongrelised.app,21.49
mongrelize.app,21.49
mongrelized.app,21.49
monitor.app,unavailable
monitors.app,unavailable
monograph.app,unavailable
monographs.app,21.49
moralise.app,21.49
moralised.app,21.49
moralize.app,21.49
moralized.app,21.49
mortgagees.app,21.49
mortgages.app,unavailable
mortices.app,21.49
morticing.app,21.49
mortified.app,21.49
mortifies.app,21.49
mortify.app,21.49
moseying.app,21.49
motivate.app,unavailable
motivates.app,21.49
motorise.app,21.49
motorised.app,21.49
motorize.app,21.49
motorized.app,21.49
mountaineer.app,2363.14
mountaineers.app,21.49
mountebank.app,21.49
mountebanks.app,21.49
mullion.app,21.49
mullions.app,21.49
multiplied.app,21.49
multiplies.app,21.49
multiply.app,unavailable
mummified.app,21.49
mummifies.app,21.49
mummify.app,21.49
mundified.app,21.49
mundifies.app,21.49
mundify.app,21.49
munited.app,21.49
muniting.app,21.49
munition.app,21.49
munitions.app,21.49
mutated.app,21.49
mutating.app,21.49
mutilate.app,21.49
mutilates.app,21.49
mystified.app,21.49
mystifies.app,21.49
mystify.app,unavailable
mythicise.app,21.49
mythicised.app,21.49
mythicize.app,21.49
mythicized.app,21.49
naphthalise.app,21.49
naphthalised.app,21.49
naphthalize.app,21.49
naphthalized.app,21.49
narcotise.app,21.49
narcotised.app,21.49
narcotize.app,21.49
narrated.app,unavailable
narrating.app,unavailable
nasalise.app,21.49
nasalize.app,21.49
nasalized.app,21.49
nauseate.app,21.49
nauseates.app,21.49
navigate.app,unavailable
navigates.app,21.49
nebulise.app,21.49
nebulised.app,21.49
nebulize.app,21.49
nebulized.app,21.49
necroses.app,21.49
necrotise.app,21.49
necrotised.app,21.49
necrotize.app,21.49
necrotized.app,21.49
negatived.app,21.49
neutralize.app,21.49
neutralized.app,21.49
nickeling.app,21.49
nickelise.app,21.49
nickelised.app,21.49
nickelize.app,21.49
nickelized.app,21.49
nicknaming.app,21.49
nictitate.app,21.49
nictitates.app,21.49
nidified.app,21.49
nidifies.app,21.49
nidify.app,21.49
niello.app,21.49
nielloed.app,21.49
niellos.app,21.49
niggardise.app,21.49
niggardised.app,21.49
niggardize.app,21.49
niggardized.app,21.49
nigrifies.app,21.49
nigrify.app,21.49
nitrated.app,21.49
nitrating.app,21.49
nitrifies.app,21.49
nitrify.app,21.49
nomadise.app,21.49
nomadize.app,21.49
nominate.app,unavailable
nominates.app,21.49
nonpluses.app,21.49
nonplusing.app,21.49
nonplussing.app,21.49
normalise.app,21.49
normalised.app,21.49
normalize.app,unavailable
normalized.app,21.49
notarize.app,unavailable
notarized.app,21.49
noticing.app,21.49
notified.app,unavailable
notifies.app,21.49
notify.app,unavailable
nourishes.app,21.49
novelise.app,21.49
novelised.app,21.49
novelize.app,21.49
nucleate.app,21.49
nucleates.app,21.49
nullified.app,21.49
nullifies.app,21.49
nullify.app,136.29
numerate.app,unavailable
numerates.app,21.49
nurturing.app,unavailable
obelise.app,21.49
obelised.app,21.49
obelize.app,21.49
obelized.app,21.49
obfuscate.app,unavailable
obfuscates.app,21.49
objurgate.app,21.49
objurgates.app,21.49
obligate.app,21.49
obligates.app,21.49
obligees.app,21.49
obliges.app,21.49
obsecrate.app,21.49
obsecrates.app,21.49
observing.app,21.49
obsesses.app,21.49
obsolesce.app,21.49
obtruded.app,21.49
obtruding.app,21.49
obtrudings.app,21.49
obturate.app,21.49
obturates.app,21.49
obumbrate.app,21.49
obumbrates.app,21.49
obviate.app,21.49
obviates.app,21.49
occasion.app,unavailable
occasions.app,85.32
occluding.app,21.49
occupies.app,21.49
occupy.app,unavailable
occurring.app,21.49
octuple.app,21.49
octuples.app,21.49
octuplet.app,21.49
octuplets.app,21.49
omitted.app,21.49
omitting.app,21.49
opalesce.app,21.49
opalesced.app,21.49
opaquing.app,21.49
operate.app,unavailable
operates.app,85.32
opiate.app,21.49
opiates.app,21.49
oppilate.app,21.49
oppilates.app,21.49
opposes.app,21.49
oppresses.app,21.49
optimize.app,unavailable
optimized.app,17.66
orated.app,21.49
orating.app,21.49
orchestrate.app,unavailable
orchestrates.app,21.49
organise.app,unavailable
organised.app,unavailable
organize.app,unavailable
organized.app,unavailable
ornament.app,unavailable
ornaments.app,unavailable
oscillate.app,21.49
oscillates.app,21.49
osculate.app,21.49
osculates.app,21.49
osmoses.app,21.49
osmosing.app,21.49
ossifies.app,21.49
ossify.app,21.49
ostracise.app,21.49
ostracize.app,21.49
outbalance.app,21.49
outbalanced.app,21.49
outbargain.app,21.49
outbargains.app,21.49
outbarring.app,21.49
outbidding.app,21.49
outbluster.app,21.49
outblusters.app,21.49
outboxes.app,21.49
outbragging.app,21.49
outbraving.app,21.49
outbreathing.app,21.49
outbreeding.app,21.49
outclasses.app,21.49
outcropping.app,21.49
outcrosses.app,21.49
outcrossing.app,21.49
outcrossings.app,21.49
outdances.app,21.49
outdancing.app,21.49
outdaring.app,21.49
outdating.app,21.49
outdistance.app,21.49
outdistanced.app,21.49
outdoes.app,21.49
outdoing.app,21.49
outdriven.app,21.49
outdriving.app,21.49
outeaten.app,21.49
outeating.app,21.49
outedges.app,21.49
outfaces.app,21.49
outfacing.app,21.49
outfitted.app,unavailable
outfitting.app,21.49
outflashes.app,21.49
outflying.app,21.49
outfoxes.app,21.49
outgases.app,21.49
outglaring.app,21.49
outgoes.app,21.49
outgrowing.app,21.49
outguesses.app,21.49
outgunning.app,21.49
outgushes.app,21.49
outhiring.app,21.49
outhitting.app,21.49
outjetting.app,21.49
outjettings.app,21.49
outjockey.app,21.49
outjockeys.app,21.49
outjutting.app,21.49
outjuttings.app,21.49
outlashes.app,21.49
outlaying.app,21.49
outlining.app,21.49
outliving.app,21.49
outmanning.app,21.49
outmarches.app,21.49
outmatches.app,21.49
outmeasure.app,21.49
outmeasured.app,21.49
outmeasures.app,21.49
outmoding.app,21.49
outmoving.app,21.49
outnumber.app,unavailable
outnumbers.app,21.49
outpaces.app,21.49
outpacing.app,21.49
outperform.app,21.49
outperforms.app,21.49
outpraying.app,21.49
outprices.app,21.49
outpricing.app,21.49
outraces.app,21.49
outracing.app,21.49
outrages.app,21.49
outraging.app,21.49
outranges.app,21.49
outranging.app,21.49
outrated.app,21.49
outrating.app,21.49
outreaches.app,21.49
outredden.app,21.49
outreddens.app,21.49
outridden.app,21.49
outriding.app,21.49
outrival.app,21.49
outrivals.app,21.49
outselling.app,21.49
outshining.app,21.49
outsitting.app,21.49
outspanning.app,21.49
outspeaking.app,21.49
outspreading.app,21.49
outstaring.app,21.49
outstepping.app,21.49
outstretches.app,21.49
outstripping.app,21.49
outsumming.app,21.49
outsweeten.app,21.49
outsweetens.app,21.49
outswimming.app,21.49
outtelling.app,21.49
outthinking.app,21.49
outtravel.app,21.49
outtravels.app,21.49
outvalue.app,21.49
outvalued.app,21.49
outvalues.app,21.49
outvenom.app,21.49
outvoices.app,21.49
outvoicing.app,21.49
outvoted.app,21.49
outvoting.app,21.49
outvying.app,21.49
outwearied.app,21.49
outwearies.app,21.49
outweary.app,21.49
outweeping.app,21.49
outwitted.app,21.49
outwitting.app,21.49
overact.app,21.49
overacts.app,21.49
overarch.app,21.49
overate.app,21.49
overawe.app,21.49
overawed.app,21.49
overawes.app,21.49
overbear.app,21.49
overbears.app,21.49
overbid.app,21.49
overbids.app,21.49
overblow.app,21.49
overblows.app,21.49
overbook.app,21.49
overbooks.app,21.49
overbought.app,21.49
overbuild.app,21.49
overbuilds.app,21.49
overbuilt.app,21.49
overbuy.app,21.49
overbuys.app,21.49
overcall.app,21.49
overcalls.app,21.49
overcame.app,21.49
overcast.app,unavailable
overcasts.app,21.49
overcharge.app,21.49
overcloud.app,21.49
overclouds.app,21.49
overcloy.app,21.49
overcloys.app,21.49
overcome.app,17.66
overcomes.app,21.49
overcook.app,21.49
overcooks.app,21.49
overcrop.app,21.49
overcropped.app,21.49
overcrops.app,21.49
overcrowd.app,21.49
overcrowds.app,21.49
overdid.app,21.49
overdo.app,unavailable
overdone.app,21.49
overdose.app,unavailable
overdosed.app,21.49
overdraw.app,21.49
overdraws.app,21.49
overdress.app,21.49
overdressed.app,21.49
overdrive.app,unavailable
overdrives.app,21.49
overdrove.app,21.49
overdye.app,21.49
overdyed.app,21.49
overdyes.app,21.49
overeat.app,21.49
overeats.app,21.49
overeye.app,21.49
overeyed.app,21.49
overeyes.app,21.49
overfeed.app,21.49
overfeeds.app,21.49
overfill.app,21.49
overfills.app,21.49
overfish.app,21.49
overflew.app,21.49
overflies.app,21.49
overflow.app,unavailable
overflown.app,21.49
overflows.app,21.49
overfly.app,21.49
overfreight.app,21.49
overglance.app,21.49
overglanced.app,21.49
overgraze.app,21.49
overgrazed.app,21.49
overgrew.app,21.49
overgrow.app,21.49
overgrown.app,21.49
overgrows.app,21.49
overhang.app,21.49
overhangs.app,21.49
overhaul.app,unavailable
overhauls.app,21.49
overhear.app,21.49
overheard.app,21.49
overhears.app,21.49
overheat.app,21.49
overheats.app,21.49
overhung.app,21.49
overjoy.app,unavailable
overjoys.app,21.49
overlaid.app,21.49
overlain.app,21.49
overlap.app,unavailable
overlapped.app,21.49
overlaps.app,21.49
overlard.app,21.49
overlards.app,21.49
overlay.app,unavailable
overlays.app,21.49
overlie.app,21.49
overlies.app,21.49
overlive.app,21.49
overlived.app,21.49
overlives.app,21.49
overload.app,unavailable
overloads.app,21.49
overlook.app,unavailable
overlooks.app,21.49
overman.app,unavailable
overmanned.app,21.49
overmans.app,21.49
overmatch.app,21.49
overpaid.app,21.49
overpass.app,unavailable
overpay.app,21.49
overpays.app,21.49
overpitch.app,21.49
overplay.app,21.49
overplays.app,21.49
overplied.app,21.49
overplies.app,21.49
overply.app,21.49
overpraise.app,21.49
overpraised.app,21.49
overpress.app,21.49
overprice.app,21.49
overpriced.app,unavailable
overprint.app,21.49
overprints.app,21.49
overprize.app,21.49
overprized.app,21.49
overrake.app,21.49
overraked.app,21.49
overrakes.app,21.49
overran.app,21.49
overrank.app,21.49
overrate.app,21.49
overrates.app,21.49
overreach.app,21.49
override.app,unavailable
overrides.app,21.49
overroast.app,21.49
overroasts.app,21.49
overrule.app,21.49
overruled.app,21.49
overrules.app,21.49
overrun.app,21.49
overruns.app,21.49
oversaw.app,21.49
overscore.app,unavailable
overscored.app,21.49
overscores.app,21.49
oversee.app,unavailable
overseen.app,21.49
oversees.app,21.49
oversell.app,21.49
oversells.app,21.49
overset.app,21.49
oversets.app,21.49
oversew.app,21.49
oversewed.app,21.49
oversews.app,21.49
overshade.app,21.49
overshades.app,21.49
overshine.app,21.49
overshoot.app,21.49
overshoots.app,21.49
overslaugh.app,21.49
overslaughs.app,21.49
oversleep.app,21.49
oversleeps.app,21.49
overslept.app,21.49
overslip.app,21.49
overslips.app,21.49
oversold.app,unavailable
overspend.app,21.49
overspends.app,21.49
overspill.app,21.49
overspills.app,21.49
overspread.app,unavailable
overspreads.app,21.49
overstaff.app,21.49
overstaffs.app,21.49
overstate.app,21.49
overstates.app,21.49
overstay.app,21.49
overstays.app,21.49
oversteer.app,21.49
oversteers.app,21.49
overstep.app,unavailable
overstepped.app,21.49
oversteps.app,21.49
overstock.app,unavailable
overstocks.app,21.49
overstrain.app,21.49
overstrains.app,21.49
overstress.app,unavailable
overstretch.app,21.49
overstride.app,21.49
overstrides.app,21.49
overstrike.app,21.49
overstrikes.app,21.49
overstrode.app,21.49
overstuff.app,21.49
overstuffs.app,21.49
overtake.app,unavailable
overtakes.app,21.49
overtask.app,unavailable
overtasks.app,21.49
overtax.app,21.49
overthrow.app,unavailable
overthrows.app,21.49
overtime.app,unavailable
overtimed.app,21.49
overtimes.app,21.49
overtire.app,21.49
overtired.app,21.49
overtires.app,21.49
overtoil.app,21.49
overtoils.app,21.49
overtook.app,21.49
overtop.app,21.49
overtopped.app,21.49
overtops.app,21.49
overtrade.app,21.49
overtrades.app,21.49
overtrump.app,unavailable
overtrumps.app,21.49
overtrust.app,21.49
overtrusts.app,21.49
overture.app,unavailable
overtured.app,21.49
overtures.app,21.49
overturn.app,unavailable
overturns.app,21.49
overuse.app,21.49
overused.app,21.49
overwatch.app,unavailable
overween.app,21.49
overweens.app,21.49
overweigh.app,21.49
overweighs.app,21.49
overweight.app,21.49
pettifog.app,21.49
pettifogged.app,21.49
pettifogs.app,21.49
phenolate.app,21.49
phenolates.app,21.49
philander.app,21.49
philanders.app,21.49
phonated.app,21.49
phonating.app,21.49
phosphatise.app,21.49
phosphatised.app,21.49
phosphatize.app,21.49
phosphatized.app,21.49
phosphorate.app,21.49
phosphorates.app,21.49
phosphoresce.app,21.49
phosphoresced.app,21.49
phosphorise.app,21.49
phosphorised.app,21.49
photograph.app,unavailable
photographs.app,unavailable
phototype.app,unavailable
phototypes.app,21.49
physicking.app,21.49
pickaxes.app,21.49
picnicking.app,21.49
picturing.app,21.49
pigeonhole.app,unavailable
pigeonholed.app,21.49
pigeonholes.app,21.49
piggyback.app,unavailable
piggybacks.app,21.49
pilgrimaged.app,21.49
pillages.app,21.49
pillaging.app,21.49
pillories.app,21.49
pillory.app,21.49
pinnacle.app,unavailable
pinnacles.app,21.49
pioneer.app,unavailable
pioneers.app,unavailable
pipetted.app,21.49
pipetting.app,21.49
pirouette.app,unavailable
pirouettes.app,21.49
pistolling.app,21.49
pitapat.app,21.49
pitapats.app,21.49
plagiarise.app,21.49
plagiarised.app,21.49
plagiarize.app,21.49
plagiarized.app,21.49
planishes.app,21.49
plasmolyse.app,21.49
plasticise.app,21.49
plasticised.app,21.49
plasticize.app,21.49
plasticized.app,21.49
platinise.app,21.49
platinised.app,21.49
platinize.app,21.49
platinized.app,21.49
plenishes.app,21.49
plicated.app,21.49
plicating.app,21.49
pluralise.app,21.49
pluralised.app,21.49
pluralize.app,21.49
pluralized.app,21.49
poetize.app,21.49
poetized.app,21.49
polarize.app,unavailable
polarized.app,85.32
politick.app,21.49
politicks.app,21.49
pollinate.app,unavailable
pollinates.app,21.49
polluting.app,21.49
polychrome.app,unavailable
polychromes.app,21.49
pommelling.app,21.49
ponces.app,21.49
populate.app,21.49
populates.app,21.49
possesses.app,21.49
postdated.app,unavailable
postdating.app,21.49
postfixes.app,21.49
postponing.app,21.49
postulate.app,unavailable
postulates.app,21.49
posturing.app,21.49
poultices.app,21.49
poulticing.app,21.49
poussetted.app,21.49
poussetting.app,21.49
practices.app,unavailable
practicing.app,21.49
practises.app,21.49
preachifies.app,21.49
preachify.app,21.49
preacquaint.app,21.49
preacquaints.app,21.49
preamble.app,unavailable
preambles.app,unavailable
preannounce.app,21.49
preannounced.app,21.49
preappoint.app,21.49
preappoints.app,21.49
abandon.app,unavailable
abandons.app,21.49
abases.app,21.49
abashes.app,21.49
abasing.app,21.49
abated.app,21.49
abating.app,21.49
abdicate.app,21.49
abdicates.app,21.49
abduces.app,21.49
abducing.app,21.49
abetted.app,21.49
abetting.app,21.49
abhorring.app,21.49
abided.app,21.49
abjuring.app,21.49
ablated.app,21.49
ablating.app,21.49
abnegate.app,21.49
abnegates.app,21.49
abolish.app,unavailable
abraded.app,21.49
abrading.app,21.49
abreact.app,21.49
abreacts.app,21.49
abridges.app,21.49
abridging.app,21.49
abrogate.app,21.49
abrogates.app,21.49
abscesses.app,21.49
abscises.app,21.49
abscising.app,21.49
absolving.app,21.49
absterges.app,21.49
absterging.app,21.49
