jars.com,unavailable
jaunt.com,unavailable
jaunts.com,unavailable
jaw.com,unavailable
jaws.com,unavailable
jazz.com,unavailable
jee.com,unavailable
jeer.com,unavailable
jeers.com,3238.6
jees.com,unavailable
jell.com,unavailable
jells.com,unavailable
jerk.com,unavailable
jerks.com,unavailable
jest.com,unavailable
jests.com,unavailable
jib.com,unavailable
jibe.com,unavailable
jibes.com,unavailable
jibs.com,unavailable
jig.com,unavailable
jigs.com,unavailable
jilt.com,unavailable
jilts.com,9912.76
jink.com,unavailable
jinks.com,unavailable
jive.com,unavailable
jives.com,unavailable
jog.com,unavailable
jogs.com,unavailable
join.com,unavailable
joins.com,unavailable
joist.com,unavailable
joists.com,unavailable
joke.com,unavailable
jokes.com,unavailable
jolt.com,unavailable
jolts.com,unavailable
jook.com,unavailable
jooks.com,unavailable
jot.com,unavailable
jots.com,unavailable
jouk.com,27625.91
jouks.com,unavailable
jounce.com,unavailable
joust.com,unavailable
jousts.com,668.6
jow.com,unavailable
jows.com,23793.79
jug.com,unavailable
jugs.com,unavailable
jump.com,unavailable
jumps.com,unavailable
junk.com,unavailable
junks.com,unavailable
jut.com,unavailable
juts.com,unavailable
keck.com,unavailable
kedge.com,unavailable
keek.com,unavailable
keeks.com,unavailable
kep.com,unavailable
keps.com,unavailable
kept.com,unavailable
kills.com,unavailable
kiln.com,unavailable
kilns.com,unavailable
kilt.com,unavailable
kilts.com,unavailable
kink.com,unavailable
kinks.com,unavailable
kip.com,unavailable
kips.com,unavailable
kirn.com,unavailable
kirns.com,unavailable
kiss.com,unavailable
kithe.com,unavailable
kithes.com,unavailable
knap.com,unavailable
knaps.com,unavailable
knead.com,unavailable
kneads.com,unavailable
knee.com,unavailable
kneel.com,unavailable
kneels.com,unavailable
knees.com,unavailable
knell.com,unavailable
knells.com,unavailable
knelt.com,unavailable
knew.com,unavailable
knit.com,unavailable
knits.com,unavailable
knob.com,unavailable
knobs.com,unavailable
knoll.com,unavailable
knolls.com,unavailable
know.com,unavailable
knows.com,unavailable
knurl.com,unavailable
knurls.com,unavailable
kraal.com,unavailable
kraals.com,3562.46
kythe.com,13212.16
kythes.com,5.99
lack.com,unavailable
lacks.com,unavailable
lade.com,unavailable
lades.com,3346.93
laik.com,unavailable
laiks.com,5682.75
lain.com,unavailable
lair.com,unavailable
lairs.com,unavailable
laith.com,unavailable
lame.com,unavailable
lames.com,9226.7
lapse.com,unavailable
lard.com,unavailable
lards.com,668.6
lark.com,unavailable
larks.com,unavailable
larn.com,unavailable
larns.com,8157.3
lase.com,132187.71
lash.com,unavailable
latch.com,unavailable
lath.com,unavailable
lathe.com,unavailable
lathes.com,unavailable
laths.com,5257.11
lave.com,unavailable
laves.com,7269.
laze.com,unavailable
leach.com,unavailable
leak.com,unavailable
leaks.com,unavailable
lean.com,unavailable
leans.com,unavailable
leant.com,9912.76
leap.com,unavailable
leaps.com,unavailable
leapt.com,unavailable
learn.com,unavailable
learns.com,unavailable
learnt.com,unavailable
lease.com,unavailable
leash.com,66938.53
leech.com,132186.38
leer.com,unavailable
leers.com,unavailable
left.com,66938.53
lefts.com,unavailable
lend.com,unavailable
lends.com,unavailable
letch.com,19828.16
licht.com,unavailable
lichts.com,6857.9
lift.com,unavailable
lifts.com,462656.97
like.com,unavailable
likes.com,unavailable
lilt.com,unavailable
lilts.com,13217.45
limb.com,unavailable
limbs.com,unavailable
limn.com,unavailable
limns.com,66.94
limp.com,unavailable
limps.com,7269.
lipped.com,unavailable
lisp.com,unavailable
lisps.com,6593.52
lit.com,unavailable
lived.com,unavailable
loaf.com,unavailable
loafs.com,unavailable
loam.com,unavailable
loams.com,unavailable
loathe.com,unavailable
loathes.com,13217.45
lob.com,unavailable
lobs.com,unavailable
lodged.com,19828.16
loft.com,unavailable
lofts.com,unavailable
log.com,unavailable
logs.com,unavailable
loll.com,6692.53
lolls.com,11896.89
loom.com,unavailable
looms.com,4755.62
loot.com,unavailable
loots.com,unavailable
lop.com,unavailable
lope.com,unavailable
lopes.com,unavailable
lops.com,85922.1
lose.com,unavailable
lour.com,6692.53
lours.com,unavailable
louse.com,unavailable
lout.com,3346.93
louts.com,unavailable
lowe.com,unavailable
lowes.com,unavailable
lown.com,unavailable
lowns.com,9253.14
lowse.com,unavailable
lube.com,unavailable
lubes.com,unavailable
luck.com,unavailable
lucks.com,unavailable
luff.com,unavailable
luffs.com,11896.89
luge.com,unavailable
lull.com,unavailable
lulls.com,unavailable
lump.com,unavailable
lumps.com,unavailable
lunch.com,unavailable
lunge.com,unavailable
lurch.com,unavailable
lure.com,unavailable
lures.com,unavailable
lurk.com,unavailable
lurks.com,unavailable
lush.com,unavailable
lust.com,unavailable
lusts.com,1575.2
lute.com,unavailable
lutes.com,unavailable
lyse.com,unavailable
mad.com,unavailable
made.com,unavailable
mads.com,unavailable
maim.com,unavailable
maims.com,152.26
marl.com,unavailable
marls.com,unavailable
mash.com,unavailable
mask.com,unavailable
masks.com,unavailable
mast.com,unavailable
masts.com,unavailable
mat.com,unavailable
match.com,unavailable
mate.com,unavailable
mates.com,unavailable
mats.com,unavailable
maul.com,unavailable
mauls.com,unavailable
maun.com,unavailable
mayst.com,3959.2
maze.com,unavailable
meant.com,unavailable
meet.com,unavailable
meets.com,unavailable
meld.com,unavailable
melds.com,172.58
mell.com,unavailable
mells.com,unavailable
melt.com,unavailable
melts.com,unavailable
mend.com,unavailable
mends.com,unavailable
mense.com,unavailable
merge.com,unavailable
met.com,unavailable
metal.com,unavailable
metals.com,unavailable
mete.com,unavailable
metes.com,unavailable
mew.com,unavailable
mewl.com,unavailable
mewls.com,unavailable
mews.com,unavailable
miche.com,132187.71
miches.com,17362.86
miff.com,158625.25
miffs.com,19828.16
might.com,unavailable
mights.com,333.37
milt.com,unavailable
milts.com,668.6
mime.com,unavailable
mimes.com,13218.77
mince.com,unavailable
mind.com,unavailable
minds.com,unavailable
mire.com,unavailable
mires.com,16522.14
mist.com,unavailable
mists.com,23116.99
mitch.com,unavailable
mix.com,unavailable
mixt.com,unavailable
moan.com,unavailable
moans.com,unavailable
moat.com,unavailable
moats.com,unavailable
mob.com,unavailable
mobs.com,unavailable
moil.com,unavailable
moils.com,unavailable
moit.com,unavailable
moits.com,unavailable
mold.com,unavailable
molds.com,unavailable
molt.com,unavailable
molts.com,unavailable
moo.com,unavailable
mooch.com,unavailable
moos.com,unavailable
moot.com,unavailable
moots.com,unavailable
mop.com,unavailable
mope.com,unavailable
mopes.com,unavailable
mops.com,unavailable
morph.com,unavailable
morphs.com,unavailable
mote.com,unavailable
motes.com,unavailable
mould.com,unavailable
moulds.com,unavailable
moult.com,unavailable
moults.com,unavailable
mourn.com,unavailable
mourns.com,unavailable
mouse.com,unavailable
mousse.com,unavailable
move.com,unavailable
moves.com,unavailable
mow.com,unavailable
mown.com,unavailable
mows.com,unavailable
muff.com,unavailable
muffs.com,unavailable
mug.com,unavailable
mugs.com,unavailable
mulch.com,unavailable
mulct.com,unavailable
mulcts.com,unavailable
mum.com,unavailable
mumm.com,unavailable
mumms.com,unavailable
mump.com,unavailable
mumps.com,46265.7
mums.com,unavailable
mure.com,unavailable
mures.com,unavailable
murk.com,unavailable
muss.com,unavailable
must.com,unavailable
musts.com,7915.4
mutch.com,unavailable
mute.com,unavailable
mutes.com,unavailable
muzz.com,unavailable
nab.com,unavailable
nabs.com,unavailable
nag.com,unavailable
nags.com,unavailable
name.com,unavailable
names.com,unavailable
nark.com,unavailable
narks.com,unavailable
near.com,unavailable
nears.com,unavailable
neck.com,unavailable
necks.com,46265.7
need.com,unavailable
needs.com,unavailable
neigh.com,unavailable
neighs.com,669.39
nest.com,unavailable
nests.com,unavailable
nett.com,unavailable
netts.com,unavailable
nib.com,unavailable
nibs.com,unavailable
niche.com,unavailable
niches.com,unavailable
niff.com,unavailable
niffs.com,unavailable
nill.com,unavailable
nix.com,unavailable
nock.com,unavailable
nocks.com,unavailable
noise.com,unavailable
noose.com,unavailable
nose.com,unavailable
nosh.com,unavailable
notch.com,unavailable
nudge.com,unavailable
nuke.com,unavailable
nukes.com,unavailable
numb.com,unavailable
numbs.com,unavailable
nurl.com,unavailable
nurls.com,626.21
nurse.com,unavailable
oar.com,unavailable
oars.com,unavailable
oink.com,unavailable
oinks.com,unavailable
oos.com,unavailable
ope.com,unavailable
opes.com,unavailable
opt.com,unavailable
opts.com,unavailable
orb.com,unavailable
orbs.com,unavailable
ord.com,unavailable
ords.com,unavailable
ought.com,unavailable
oughts.com,unavailable
oust.com,unavailable
ousts.com,668.6
owe.com,unavailable
owes.com,unavailable
own.com,unavailable
owns.com,unavailable
pace.com,unavailable
paced.com,unavailable
pack.com,unavailable
packs.com,unavailable
pad.com,unavailable
pads.com,unavailable
paid.com,unavailable
paik.com,unavailable
paiks.com,unavailable
pain.com,unavailable
pains.com,unavailable
paint.com,unavailable
paints.com,unavailable
pale.com,793126.24
pales.com,unavailable
pall.com,unavailable
palls.com,unavailable
pant.com,unavailable
pants.com,unavailable
parch.com,unavailable
pare.com,unavailable
pares.com,29325.84
parle.com,unavailable
parles.com,unavailable
parse.com,unavailable
pash.com,unavailable
paste.com,unavailable
pastes.com,unavailable
paunch.com,unavailable
pause.com,unavailable
pave.com,unavailable
paves.com,unavailable
paw.com,unavailable
paws.com,unavailable
pay.com,unavailable
pays.com,unavailable
peal.com,unavailable
peals.com,unavailable
peck.com,unavailable
pecks.com,unavailable
pee.com,unavailable
peek.com,unavailable
peeks.com,unavailable
peen.com,unavailable
peens.com,unavailable
peep.com,389953.73
peeps.com,396563.12
peer.com,unavailable
peers.com,unavailable
pees.com,unavailable
peeve.com,1316.41
peeved.com,unavailable
peeves.com,unavailable
pegh.com,unavailable
peghs.com,5.99
pein.com,unavailable
peins.com,unavailable
peise.com,unavailable
pelt.com,unavailable
pelts.com,19826.83
pend.com,unavailable
pends.com,unavailable
pent.com,unavailable
pents.com,unavailable
perch.com,unavailable
perk.com,unavailable
perks.com,unavailable
perv.com,unavailable
pervs.com,unavailable
phone.com,unavailable
phones.com,unavailable
pick.com,unavailable
picks.com,unavailable
piece.com,unavailable
pile.com,unavailable
piled.com,unavailable
piles.com,unavailable
pill.com,unavailable
pills.com,unavailable
pimp.com,unavailable
pimps.com,unavailable
ping.com,unavailable
pings.com,unavailable
pique.com,unavailable
piques.com,unavailable
pish.com,unavailable
pize.com,unavailable
plague.com,unavailable
plagues.com,19826.83
plait.com,26289.49
plaits.com,24967.61
plan.com,unavailable
plank.com,unavailable
planks.com,unavailable
plans.com,unavailable
plash.com,unavailable
plat.com,unavailable
plats.com,unavailable
pleach.com,unavailable
plead.com,52875.8
pleads.com,unavailable
please.com,unavailable
pleat.com,unavailable
pleats.com,unavailable
pled.com,211.98
pledge.com,unavailable
plies.com,unavailable
plight.com,unavailable
plights.com,unavailable
plim.com,unavailable
plims.com,unavailable
plink.com,unavailable
plinks.com,unavailable
ploat.com,unavailable
ploats.com,5.99
plod.com,unavailable
plodge.com,unavailable
plods.com,unavailable
plonk.com,unavailable
plonks.com,2627.89
plop.com,unavailable
plops.com,unavailable
plot.com,unavailable
plots.com,unavailable
pluck.com,unavailable
plucks.com,unavailable
plug.com,unavailable
plugs.com,unavailable
plumb.com,unavailable
plumbs.com,unavailable
plume.com,unavailable
plumes.com,unavailable
plump.com,unavailable
plumps.com,unavailable
plunge.com,unavailable
plunk.com,unavailable
plunks.com,unavailable
ply.com,unavailable
poach.com,unavailable
pock.com,unavailable
pocks.com,unavailable
poind.com,unavailable
poinds.com,unavailable
poise.com,unavailable
poke.com,unavailable
pokes.com,unavailable
poll.com,unavailable
polls.com,unavailable
pong.com,unavailable
pongs.com,unavailable
pooch.com,unavailable
poop.com,33469.27
poops.com,unavailable
pore.com,unavailable
pores.com,unavailable
pose.com,unavailable
poss.com,unavailable
pouch.com,unavailable
pounce.com,unavailable
pour.com,unavailable
pours.com,unavailable
pout.com,unavailable
pouts.com,unavailable
praise.com,unavailable
prance.com,unavailable
prang.com,unavailable
prangs.com,unavailable
prank.com,53712.56
pranks.com,unavailable
prate.com,unavailable
prates.com,unavailable
prawn.com,unavailable
prawns.com,unavailable
pray.com,unavailable
prays.com,unavailable
preach.com,unavailable
preen.com,unavailable
preens.com,unavailable
prey.com,unavailable
preys.com,unavailable
prick.com,unavailable
pricks.com,unavailable
pries.com,152.26
priest.com,unavailable
priests.com,unavailable
prig.com,unavailable
prigs.com,unavailable
prill.com,unavailable
prills.com,unavailable
prim.com,unavailable
primp.com,6692.53
primps.com,27759.42
prims.com,unavailable
prink.com,unavailable
prinks.com,unavailable
print.com,unavailable
prints.com,unavailable
prise.com,unavailable
probe.com,unavailable
probes.com,unavailable
prod.com,unavailable
prods.com,unavailable
prompt.com,unavailable
prompts.com,4755.62
prong.com,unavailable
prongs.com,17184.4
prop.com,unavailable
props.com,unavailable
prove.com,unavailable
proves.com,74682.9
prowl.com,unavailable
prowls.com,unavailable
prune.com,1321877.7
prunes.com,unavailable
pry.com,unavailable
prys.com,unavailable
psych.com,unavailable
psychs.com,unavailable
pub.com,unavailable
pubs.com,unavailable
pug.com,unavailable
pugs.com,unavailable
puke.com,unavailable
pukes.com,26436.22
pule.com,unavailable
pules.com,unavailable
pulp.com,unavailable
pulps.com,unavailable
pun.com,unavailable
punce.com,unavailable
puns.com,unavailable
pup.com,unavailable
pups.com,unavailable
purge.com,unavailable
purl.com,unavailable
purls.com,unavailable
purr.com,unavailable
purrs.com,unavailable
purse.com,unavailable
putt.com,unavailable
putts.com,unavailable
quack.com,unavailable
quacks.com,unavailable
quaff.com,unavailable
quaffs.com,unavailable
quail.com,unavailable
quails.com,unavailable
quake.com,unavailable
quakes.com,unavailable
quash.com,unavailable
queer.com,unavailable
queers.com,unavailable
quell.com,unavailable
quells.com,unavailable
quench.com,unavailable
quest.com,unavailable
quests.com,unavailable
queue.com,unavailable
queues.com,unavailable
quilt.com,unavailable
quilts.com,unavailable
quip.com,unavailable
quips.com,unavailable
quirk.com,unavailable
quirks.com,unavailable
quirt.com,49933.91
quirts.com,unavailable
quit.com,unavailable
quits.com,unavailable
quiz.com,1189689.36
quote.com,unavailable
quotes.com,unavailable
quoth.com,unavailable
raft.com,unavailable
rafts.com,unavailable
rag.com,unavailable
rage.com,unavailable
rags.com,unavailable
raid.com,unavailable
raids.com,unavailable
rail.com,unavailable
rails.com,unavailable
raise.com,unavailable
raised.com,unavailable
rake.com,unavailable
raked.com,unavailable
rakes.com,3345.6
ramp.com,unavailable
ramps.com,unavailable
ranch.com,unavailable
rang.com,unavailable
range.com,unavailable
ranged.com,unavailable
rant.com,unavailable
rants.com,unavailable
rap.com,unavailable
rape.com,unavailable
rapes.com,unavailable
raps.com,unavailable
rase.com,unavailable
rasp.com,unavailable
rasps.com,668.6
rave.com,unavailable
raves.com,unavailable
raze.com,unavailable
razz.com,unavailable
reach.com,unavailable
ream.com,unavailable
reams.com,unavailable
reap.com,unavailable
reaps.com,unavailable
reast.com,unavailable
reasts.com,5.99
reave.com,unavailable
reaves.com,unavailable
reck.com,unavailable
recks.com,unavailable
redd.com,unavailable
redds.com,unavailable
rede.com,unavailable
redes.com,unavailable
reek.com,unavailable
reeks.com,unavailable
reel.com,unavailable
reels.com,unavailable
reest.com,172.58
reests.com,343.27
reeve.com,unavailable
reeves.com,unavailable
refer.com,unavailable
refers.com,unavailable
reft.com,unavailable
rein.com,unavailable
reins.com,unavailable
reist.com,unavailable
reists.com,unavailable
reive.com,699.9
reives.com,11896.89
rend.com,unavailable
rends.com,unavailable
rent.com,unavailable
rents.com,unavailable
rest.com,unavailable
rests.com,unavailable
ret.com,unavailable
retch.com,unavailable
rets.com,unavailable
rib.com,unavailable
ribs.com,unavailable
rid.com,unavailable
ride.com,unavailable
rides.com,unavailable
ridge.com,unavailable
rids.com,unavailable
rig.com,unavailable
rigs.com,unavailable
rile.com,unavailable
riles.com,unavailable
rime.com,unavailable
rimes.com,unavailable
rinse.com,unavailable
rive.com,unavailable
rives.com,unavailable
roam.com,unavailable
roams.com,unavailable
roar.com,unavailable
roars.com,unavailable
roast.com,unavailable
roasts.com,unavailable
robe.com,unavailable
robes.com,unavailable
rode.com,unavailable
rodes.com,unavailable
rogue.com,unavailable
rogues.com,unavailable
roil.com,unavailable
roils.com,unavailable
romp.com,unavailable
romps.com,unavailable
rook.com,unavailable
rooks.com,unavailable
roose.com,unavailable
rot.com,unavailable
rots.com,unavailable
roup.com,unavailable
roups.com,unavailable
rouse.com,unavailable
roust.com,unavailable
rousts.com,unavailable
rout.com,unavailable
route.com,unavailable
routes.com,unavailable
routs.com,unavailable
ruck.com,unavailable
rucks.com,unavailable
ruff.com,unavailable
ruffs.com,unavailable
ruin.com,unavailable
ruins.com,unavailable
rule.com,unavailable
rules.com,unavailable
rung.com,unavailable
rungs.com,13218.77
rush.com,unavailable
rut.com,unavailable
ruts.com,unavailable
sack.com,unavailable
sacks.com,unavailable
sad.com,unavailable
sag.com,unavailable
sags.com,132187.71
said.com,unavailable
sail.com,unavailable
sails.com,unavailable
sain.com,unavailable
sains.com,unavailable
saith.com,unavailable
saiths.com,unavailable
salve.com,264375.41
salves.com,unavailable
sang.com,unavailable
sangs.com,unavailable
sank.com,unavailable
sap.com,unavailable
saps.com,unavailable
sass.com,unavailable
sate.com,unavailable
sates.com,unavailable
sauce.com,unavailable
sawn.com,unavailable
scab.com,unavailable
scabs.com,unavailable
scag.com,unavailable
scald.com,19828.16
scalds.com,unavailable
scaled.com,unavailable
scalp.com,unavailable
scalps.com,unavailable
scamp.com,unavailable
scamps.com,unavailable
scant.com,unavailable
scants.com,6461.34
scape.com,unavailable
scapes.com,unavailable
scar.com,13865.83
scare.com,unavailable
scares.com,unavailable
scarf.com,unavailable
scarfs.com,3345.6
scarp.com,unavailable
scarph.com,unavailable
scarphs.com,5.99
scarps.com,19826.83
scars.com,unavailable
scart.com,unavailable
scarts.com,4668.87
scat.com,unavailable
scathe.com,unavailable
scathes.com,5.99
scats.com,unavailable
scend.com,unavailable
scends.com,unavailable
scent.com,unavailable
scents.com,unavailable
scheme.com,unavailable
schemes.com,unavailable
schlep.com,unavailable
schlepp.com,19828.16
schlepps.com,unavailable
schleps.com,unavailable
schuss.com,unavailable
sclaff.com,3298.8
sclaffs.com,5.99
scoff.com,unavailable
scoffs.com,unavailable
scold.com,46265.7
scolds.com,unavailable
sconce.com,unavailable
scoop.com,unavailable
scoops.com,unavailable
scoot.com,unavailable
scoots.com,unavailable
scorch.com,unavailable
score.com,unavailable
scores.com,unavailable
scorn.com,unavailable
scorns.com,9912.76
scour.com,unavailable
scourge.com,unavailable
scours.com,unavailable
scowl.com,36351.62
scowls.com,unavailable
scrag.com,unavailable
scrags.com,1691.34
scraich.com,5.99
scraichs.com,5.99
scram.com,unavailable
scrams.com,unavailable
scrap.com,unavailable
scraps.com,unavailable
scrawl.com,unavailable
scrawls.com,unavailable
screak.com,unavailable
screaks.com,5.99
scream.com,165234.63
screams.com,unavailable
screech.com,unavailable
scries.com,1982.82
scrimp.com,unavailable
scrimps.com,unavailable
scroll.com,unavailable
scrolls.com,unavailable
scroop.com,unavailable
scroops.com,unavailable
scrouge.com,unavailable
scrum.com,unavailable
scrump.com,unavailable
scrumps.com,669.39
scrums.com,11896.89
scrunch.com,unavailable
scry.com,unavailable
scud.com,unavailable
scuds.com,13217.45
scuff.com,26437.54
scuffs.com,unavailable
sculk.com,unavailable
sculks.com,unavailable
scull.com,unavailable
sculls.com,unavailable
sculp.com,65945.8
sculps.com,3694.65
sculpt.com,unavailable
sculpts.com,7929.94
scum.com,unavailable
scums.com,unavailable
scunge.com,3165.9
scutch.com,2775.94
scythe.com,unavailable
scythes.com,9912.76
seal.com,unavailable
seals.com,unavailable
seam.com,unavailable
seams.com,unavailable
sear.com,unavailable
sears.com,unavailable
seat.com,unavailable
seats.com,unavailable
seek.com,unavailable
seeks.com,24454.73
seel.com,64765.37
seels.com,668.6
seem.com,unavailable
seems.com,unavailable
seen.com,unavailable
seep.com,32984.8
seeps.com,9237.28
seethe.com,unavailable
seethes.com,unavailable
seise.com,unavailable
seize.com,unavailable
sell.com,unavailable
sells.com,unavailable
send.com,unavailable
sends.com,13218.77
sent.com,unavailable
sere.com,unavailable
seres.com,unavailable
serve.com,unavailable
serves.com,unavailable
sew.com,unavailable
sewn.com,unavailable
sews.com,unavailable
shack.com,unavailable
shacks.com,unavailable
shade.com,unavailable
shades.com,unavailable
shag.com,unavailable
shags.com,unavailable
shake.com,unavailable
shakes.com,6693.85
shall.com,unavailable
shalt.com,unavailable
sham.com,unavailable
shame.com,unavailable
shames.com,unavailable
shams.com,unavailable
shank.com,unavailable
shanks.com,unavailable
shaped.com,unavailable
shave.com,unavailable
shaves.com,39654.99
sheaf.com,unavailable
sheafs.com,unavailable
shear.com,unavailable
sheared.com,unavailable
shears.com,unavailable
sheath.com,unavailable
sheathe.com,unavailable
sheathes.com,unavailable
sheaths.com,unavailable
sheave.com,unavailable
sheaves.com,unavailable
shed.com,unavailable
sheds.com,unavailable
sheer.com,unavailable
sheers.com,unavailable
shelve.com,unavailable
shelves.com,unavailable
shend.com,unavailable
shends.com,unavailable
shew.com,unavailable
shews.com,unavailable
shied.com,unavailable
shies.com,unavailable
shift.com,unavailable
shifts.com,unavailable
shill.com,unavailable
shim.com,unavailable
shims.com,unavailable
shine.com,unavailable
shines.com,unavailable
shire.com,unavailable
shires.com,unavailable
shirk.com,unavailable
shirks.com,unavailable
shirr.com,6693.85
shirrs.com,unavailable
shirt.com,unavailable
shirts.com,unavailable
shoal.com,unavailable
shoals.com,unavailable
shod.com,unavailable
shog.com,unavailable
shogs.com,9912.76
shone.com,unavailable
shoo.com,79311.3
shook.com,unavailable
shooks.com,unavailable
shoos.com,unavailable
shoot.com,unavailable
shoots.com,47439.52
shorn.com,unavailable
should.com,unavailable
shout.com,unavailable
shouts.com,unavailable
shove.com,unavailable
shoves.com,15861.2
shown.com,unavailable
shrank.com,unavailable
shred.com,unavailable
shreds.com,unavailable
shriek.com,unavailable
shrieks.com,unavailable
shrill.com,unavailable
shrills.com,2231.33
shrimp.com,unavailable
shrimps.com,unavailable
shrine.com,unavailable
shrines.com,unavailable
shrink.com,unavailable
shrinks.com,26436.22
shrive.com,165234.63
shrives.com,16259.9
shroff.com,unavailable
shroffs.com,unavailable
shroud.com,unavailable
shrouds.com,13217.45
shrug.com,unavailable
shrugs.com,unavailable
shrunk.com,unavailable
shuck.com,unavailable
shucks.com,unavailable
shun.com,unavailable
shuns.com,11895.57
shunt.com,22471.91
shunts.com,unavailable
shush.com,unavailable
shut.com,unavailable
shuts.com,13547.92
shy.com,unavailable
sieve.com,unavailable
sieves.com,unavailable
sift.com,unavailable
sifts.com,unavailable
sigh.com,unavailable
sighs.com,unavailable
sight.com,unavailable
sights.com,unavailable
sile.com,198281.56
siles.com,unavailable
silt.com,unavailable
silts.com,unavailable
sing.com,unavailable
singe.com,unavailable
sings.com,unavailable
sink.com,unavailable
sinks.com,unavailable
sip.com,unavailable
sipe.com,unavailable
sipes.com,unavailable
sips.com,unavailable
sire.com,unavailable
sires.com,6692.53
site.com,unavailable
sites.com,unavailable
size.com,unavailable
skelp.com,662.78
skelps.com,unavailable
sketch.com,unavailable
skew.com,unavailable
skews.com,unavailable
ski.com,unavailable
skid.com,unavailable
skids.com,unavailable
skied.com,9912.76
skim.com,unavailable
skimp.com,unavailable
skimps.com,unavailable
skims.com,unavailable
skirl.com,unavailable
skirls.com,unavailable
skirr.com,unavailable
skirrs.com,1968.11
skirt.com,unavailable
skirts.com,unavailable
skis.com,unavailable
skite.com,unavailable
skites.com,5286.19
skive.com,unavailable
skives.com,19826.83
skulk.com,9253.14
skulks.com,3817.58
slab.com,unavailable
slabs.com,unavailable
slag.com,unavailable
slags.com,unavailable
slain.com,unavailable
slake.com,unavailable
slakes.com,5941.84
slam.com,unavailable
slams.com,99257.11
slang.com,unavailable
slangs.com,unavailable
slant.com,unavailable
slants.com,unavailable
slap.com,unavailable
slaps.com,unavailable
slat.com,unavailable
slate.com,unavailable
slates.com,unavailable
slats.com,44943.82
slay.com,unavailable
slays.com,unavailable
sleave.com,unavailable
sleaves.com,13217.45
sled.com,unavailable
sledge.com,unavailable
sleds.com,unavailable
sleek.com,594844.68
sleeks.com,13217.45
sleeps.com,unavailable
sleet.com,158625.25
sleets.com,unavailable
sleeve.com,unavailable
sleeves.com,165234.63
sleigh.com,unavailable
sleighs.com,unavailable
slept.com,132186.38
sleuth.com,11783.21
sleuths.com,unavailable
slew.com,unavailable
slews.com,11896.89
sley.com,unavailable
sleys.com,3165.9
slice.com,unavailable
slick.com,unavailable
slicks.com,unavailable
slight.com,unavailable
slights.com,152.26
slime.com,unavailable
slimes.com,unavailable
sling.com,unavailable
slings.com,unavailable
slink.com,unavailable
slinks.com,unavailable
slip.com,unavailable
slips.com,11844.19
slog.com,264375.41
slogs.com,85922.1
slope.com,unavailable
slopes.com,unavailable
slosh.com,unavailable
slouch.com,66938.53
slub.com,unavailable
slubs.com,unavailable
slue.com,6692.53
slues.com,4742.89
slug.com,unavailable
slugs.com,unavailable
sluice.com,unavailable
slum.com,unavailable
slums.com,unavailable
slunk.com,unavailable
slur.com,79311.3
slurp.com,unavailable
slurps.com,unavailable
slurs.com,unavailable
slush.com,unavailable
smack.com,unavailable
smacks.com,23792.47
smarm.com,unavailable
smarms.com,3562.46
smash.com,unavailable
smear.com,unavailable
smears.com,5154.
smeek.com,22323.86
smeeks.com,368.8
smell.com,unavailable
smells.com,6541.97
smelt.com,unavailable
smelts.com,unavailable
smile.com,unavailable
smiles.com,unavailable
smirch.com,13217.45
smirk.com,unavailable
smirks.com,unavailable
smite.com,unavailable
smites.com,4625.25
smock.com,unavailable
smocks.com,unavailable
smoked.com,6693.85
smooch.com,unavailable
smoodge.com,unavailable
smote.com,unavailable
smudge.com,unavailable
smut.com,238598.81
smutch.com,unavailable
smuts.com,unavailable
snack.com,unavailable
snacks.com,unavailable
snag.com,unavailable
snags.com,2115.3
snail.com,unavailable
snails.com,unavailable
snare.com,unavailable
snares.com,26437.54
snarl.com,unavailable
snarls.com,5932.58
snash.com,unavailable
snatch.com,unavailable
sneck.com,unavailable
snecks.com,1844.2
sned.com,unavailable
sneds.com,unavailable
sneer.com,unavailable
sneers.com,unavailable
sneeze.com,unavailable
snib.com,unavailable
snibs.com,unavailable
snick.com,unavailable
snicks.com,39654.99
sniff.com,unavailable
sniffs.com,13217.45
snig.com,unavailable
snigs.com,unavailable
snip.com,unavailable
snipe.com,unavailable
snipes.com,unavailable
snips.com,unavailable
snitch.com,unavailable
snog.com,unavailable
snogs.com,unavailable
snood.com,unavailable
snoods.com,unavailable
snool.com,2115.3
snools.com,unavailable
snoop.com,unavailable
snoops.com,unavailable
snooze.com,unavailable
snore.com,unavailable
snores.com,3688.37
snort.com,unavailable
snorts.com,13217.45
snowk.com,3694.65
snowks.com,unavailable
snub.com,unavailable
snubs.com,unavailable
snuck.com,unavailable
snuff.com,unavailable
snuffs.com,unavailable
snug.com,unavailable
snugs.com,unavailable
sny.com,unavailable
soak.com,unavailable
soaks.com,26436.22
soar.com,unavailable
soars.com,unavailable
sod.com,unavailable
sods.com,32379.38
sold.com,unavailable
sole.com,unavailable
soles.com,unavailable
solve.com,unavailable
solves.com,unavailable
sool.com,unavailable
sools.com,unavailable
soot.com,38334.43
soothe.com,unavailable
soothes.com,unavailable
soots.com,unavailable
sorn.com,19828.16
sorns.com,unavailable
sort.com,unavailable
sorts.com,unavailable
sough.com,unavailable
soughs.com,324.45
sought.com,unavailable
souse.com,unavailable
sown.com,unavailable
spae.com,unavailable
spaes.com,6999.34
spake.com,unavailable
spall.com,unavailable
spalls.com,unavailable
spang.com,unavailable
spangs.com,unavailable
spank.com,unavailable
spanks.com,unavailable
spare.com,unavailable
spares.com,unavailable
sparge.com,unavailable
spat.com,76668.87
spats.com,28419.4
spawn.com,unavailable
spawns.com,unavailable
spay.com,unavailable
spays.com,unavailable
speak.com,unavailable
speaks.com,unavailable
spean.com,unavailable
speans.com,2495.7
spear.com,unavailable
spears.com,unavailable
speck.com,unavailable
specks.com,unavailable
sped.com,unavailable
spell.com,unavailable
spells.com,unavailable
spelt.com,unavailable
spend.com,unavailable
spends.com,3346.93
spent.com,unavailable
spew.com,unavailable
spews.com,unavailable
spiel.com,unavailable
spiels.com,unavailable
spies.com,unavailable
spile.com,unavailable
spiles.com,9912.76
spilt.com,unavailable
spire.com,unavailable
spired.com,unavailable
spires.com,6692.53
spirt.com,unavailable
spirts.com,unavailable
spite.com,unavailable
spites.com,13217.45
splash.com,unavailable
splat.com,unavailable
splats.com,unavailable
splay.com,unavailable
splays.com,7528.9
splice.com,unavailable
spline.com,unavailable
splines.com,5948.45
splint.com,unavailable
splints.com,unavailable
splodge.com,unavailable
splosh.com,unavailable
splotch.com,unavailable
splurge.com,unavailable
spoil.com,unavailable
spoils.com,unavailable
spoilt.com,unavailable
spoke.com,unavailable
spokes.com,unavailable
sponge.com,unavailable
spoof.com,unavailable
spoofs.com,unavailable
spook.com,unavailable
spooks.com,unavailable
spool.com,unavailable
spools.com,1851.55
spoom.com,unavailable
spooms.com,5271.65
spoon.com,unavailable
spoons.com,unavailable
spoor.com,unavailable
spoors.com,7651.2
spore.com,unavailable
spores.com,unavailable
sport.com,unavailable
sports.com,unavailable
spot.com,unavailable
spots.com,unavailable
spouse.com,unavailable
spout.com,99147.8
spouts.com,unavailable
sprain.com,unavailable
sprains.com,unavailable
sprang.com,unavailable
sprawl.com,unavailable
sprawls.com,13217.45
spray.com,unavailable
sprays.com,15866.49
sprig.com,unavailable
sprigs.com,unavailable
springe.com,unavailable
sprint.com,unavailable
sprints.com,132186.38
spritz.com,unavailable
sprout.com,unavailable
sprouts.com,unavailable
spruce.com,unavailable
spruik.com,unavailable
spruiks.com,3959.2
sprung.com,unavailable
spue.com,3345.6
spues.com,1329.81
spume.com,unavailable
spumes.com,unavailable
spur.com,unavailable
spurn.com,15862.52
spurns.com,unavailable
spurred.com,unavailable
spurs.com,unavailable
spurt.com,unavailable
spurts.com,26436.22
spy.com,unavailable
squall.com,unavailable
squalls.com,unavailable
squash.com,unavailable
squat.com,unavailable
squats.com,7273.24
squawk.com,unavailable
squawks.com,19826.83
squeak.com,unavailable
squeaks.com,unavailable
squeal.com,unavailable
squeals.com,19826.83
squeeze.com,unavailable
squeg.com,662.78
squegs.com,unavailable
squelch.com,unavailable
squib.com,unavailable
squibs.com,1568.41
squid.com,unavailable
squids.com,unavailable
squinch.com,unavailable
squint.com,unavailable
squints.com,13217.45
squirm.com,unavailable
squirms.com,unavailable
squirt.com,unavailable
squirts.com,unavailable
squish.com,unavailable
stab.com,unavailable
stabs.com,11895.57
staged.com,unavailable
stain.com,unavailable
stains.com,unavailable
stake.com,unavailable
stakes.com,unavailable
stale.com,unavailable
stales.com,unavailable
stalk.com,unavailable
stalks.com,unavailable
stall.com,unavailable
stalls.com,unavailable
stanch.com,unavailable
stang.com,unavailable
stangs.com,unavailable
stank.com,unavailable
stanks.com,unavailable
starch.com,unavailable
stare.com,unavailable
stares.com,46265.7
start.com,unavailable
starts.com,6692.53
starve.com,unavailable
starves.com,15862.52
stash.com,unavailable
staunch.com,99147.8
stave.com,unavailable
staves.com,13217.45
staw.com,26436.22
staws.com,unavailable
stead.com,unavailable
steads.com,unavailable
steal.com,unavailable
steals.com,unavailable
steek.com,unavailable
steeks.com,6461.34
steep.com,unavailable
steeps.com,unavailable
steer.com,unavailable
steers.com,unavailable
steeve.com,19828.16
steeves.com,unavailable
stem.com,unavailable
stems.com,unavailable
step.com,unavailable
steps.com,unavailable
stet.com,unavailable
stets.com,unavailable
stew.com,unavailable
stews.com,unavailable
sties.com,19826.83
stilt.com,unavailable
stilts.com,unavailable
sting.com,unavailable
stings.com,unavailable
stink.com,unavailable
stinks.com,unavailable
stint.com,unavailable
stints.com,unavailable
stitch.com,unavailable
stodge.com,unavailable
stoit.com,unavailable
stoits.com,unavailable
stoke.com,unavailable
stokes.com,unavailable
stole.com,unavailable
stoles.com,unavailable
stomp.com,unavailable
stomps.com,unavailable
stonk.com,unavailable
stonks.com,unavailable
stood.com,unavailable
stooge.com,unavailable
stook.com,62789.16
stooks.com,unavailable
stoop.com,unavailable
stoops.com,unavailable
stope.com,unavailable
stopes.com,5286.19
store.com,unavailable
stores.com,unavailable
stot.com,unavailable
stots.com,unavailable
stoush.com,unavailable
strafe.com,unavailable
strafes.com,6691.21
strap.com,unavailable
straps.com,unavailable
straw.com,unavailable
straws.com,unavailable
stray.com,unavailable
strays.com,unavailable
streak.com,unavailable
streaks.com,unavailable
streek.com,unavailable
streeks.com,unavailable
stress.com,unavailable
stretch.com,469266.36
strew.com,unavailable
strewn.com,13217.45
strews.com,unavailable
stride.com,unavailable
strides.com,unavailable
strike.com,unavailable
strikes.com,unavailable
stripe.com,unavailable
stripes.com,unavailable
strive.com,unavailable
strives.com,unavailable
strode.com,26436.22
stroke.com,unavailable
strokes.com,unavailable
stroll.com,unavailable
strolls.com,13217.45
strook.com,unavailable
strop.com,unavailable
strops.com,unavailable
strove.com,25231.99
strow.com,unavailable
strows.com,unavailable
stroy.com,unavailable
strum.com,unavailable
strums.com,unavailable
strung.com,unavailable
strunt.com,1454.65
strunts.com,5.99
strut.com,unavailable
struts.com,unavailable
stuck.com,unavailable
stuff.com,unavailable
stuffs.com,unavailable
stum.com,unavailable
stump.com,unavailable
stumps.com,unavailable
stums.com,unavailable
stun.com,unavailable
stung.com,6692.53
stunk.com,39654.99
stuns.com,unavailable
stunt.com,unavailable
stunts.com,unavailable
sty.com,unavailable
style.com,unavailable
styles.com,unavailable
suck.com,unavailable
sucks.com,unavailable
suds.com,unavailable
suit.com,unavailable
suits.com,unavailable
sulk.com,unavailable
sulks.com,unavailable
sum.com,unavailable
sums.com,unavailable
sunk.com,unavailable
sunks.com,13217.45
sup.com,unavailable
sups.com,unavailable
surge.com,unavailable
suss.com,unavailable
swab.com,unavailable
swabs.com,unavailable
swag.com,unavailable
swage.com,unavailable
swags.com,unavailable
swam.com,unavailable
swang.com,unavailable
swank.com,unavailable
swanks.com,unavailable
swap.com,unavailable
swaps.com,unavailable
sward.com,unavailable
swards.com,876.67
swarm.com,unavailable
swarms.com,unavailable
swathe.com,unavailable
swathes.com,1579.64
sway.com,unavailable
sways.com,unavailable
sweal.com,unavailable
sweals.com,unavailable
swear.com,unavailable
swears.com,unavailable
sweat.com,unavailable
sweats.com,unavailable
sweep.com,unavailable
sweeps.com,unavailable
swell.com,unavailable
swells.com,unavailable
swept.com,unavailable
swerve.com,unavailable
swerves.com,unavailable
swig.com,unavailable
swigs.com,unavailable
swill.com,unavailable
swills.com,unavailable
swing.com,unavailable
swinge.com,9912.76
swings.com,unavailable
swink.com,unavailable
swinks.com,unavailable
swipe.com,unavailable
swipes.com,unavailable
swirl.com,unavailable
swirls.com,unavailable
swish.com,unavailable
switch.com,unavailable
swith.com,unavailable
swive.com,unavailable
swives.com,unavailable
swob.com,unavailable
swobs.com,172.58
swoon.com,unavailable
swoons.com,26437.54
swoop.com,unavailable
swoops.com,26436.22
swoosh.com,unavailable
swop.com,unavailable
swops.com,unavailable
swore.com,16523.46
sworn.com,unavailable
swot.com,unavailable
swots.com,23661.6
swound.com,2363.52
swounds.com,5.99
swum.com,unavailable
swung.com,unavailable
sync.com,unavailable
syncs.com,unavailable
ta'en.com,unavailable
tag.com,unavailable
tags.com,unavailable
taint.com,unavailable
taints.com,unavailable
talc.com,unavailable
talcs.com,1575.2
tallies.com,unavailable
tally.com,unavailable
tame.com,unavailable
tames.com,unavailable
tamp.com,unavailable
tamps.com,11632.52
tan.com,unavailable
tans.com,6692.53
tar.com,66938.53
tare.com,unavailable
tares.com,unavailable
tars.com,unavailable
tart.com,unavailable
tarts.com,unavailable
task.com,unavailable
tasks.com,unavailable
taste.com,unavailable
tastes.com,unavailable
tat.com,unavailable
tats.com,unavailable
taught.com,unavailable
taunt.com,unavailable
taunts.com,unavailable
taw.com,unavailable
taws.com,unavailable
tawse.com,unavailable
teach.com,unavailable
tease.com,unavailable
tee.com,unavailable
teem.com,unavailable
teems.com,unavailable
tees.com,unavailable
teeth.com,unavailable
teethe.com,668.6
teethes.com,3562.46
temp.com,unavailable
temps.com,unavailable
tempt.com,33469.27
tempts.com,unavailable
tend.com,unavailable
tends.com,unavailable
tew.com,unavailable
tews.com,unavailable
thack.com,unavailable
thacks.com,unavailable
thank.com,unavailable
thanks.com,unavailable
thaw.com,unavailable
thaws.com,unavailable
thieve.com,13217.45
thieves.com,unavailable
thig.com,unavailable
thigs.com,516.52
thin.com,unavailable
thins.com,unavailable
thirl.com,unavailable
thirls.com,337.67
thirst.com,unavailable
thirsts.com,unavailable
thole.com,unavailable
tholes.com,unavailable
thrall.com,unavailable
thralls.com,unavailable
thrash.com,unavailable
thraw.com,unavailable
thraws.com,5.99
thread.com,unavailable
threads.com,unavailable
threap.com,3959.2
threaps.com,5.99
threat.com,unavailable
threats.com,unavailable
thresh.com,unavailable
threw.com,unavailable
thrill.com,unavailable
thrills.com,unavailable
thrive.com,unavailable
thrives.com,unavailable
throb.com,231328.49
throbs.com,6196.96
throne.com,unavailable
thrones.com,unavailable
throng.com,unavailable
throngs.com,unavailable
throve.com,unavailable
thrown.com,unavailable
thrum.com,unavailable
thrums.com,unavailable
thrust.com,unavailable
thrusts.com,668.6
thud.com,unavailable
thuds.com,23793.79
thumb.com,unavailable
thumbs.com,unavailable
thump.com,unavailable
thumps.com,unavailable
thwack.com,unavailable
thwacks.com,543.83
thwart.com,unavailable
thwarts.com,5932.58
tie.com,unavailable
tier.com,unavailable
tiers.com,unavailable
ties.com,unavailable
tiff.com,unavailable
tiffs.com,23658.96
tile.com,unavailable
tiled.com,unavailable
tiles.com,unavailable
till.com,unavailable
tills.com,19821.55
tinct.com,unavailable
tincts.com,unavailable
ting.com,unavailable
tinge.com,unavailable
tings.com,1575.17
tint.com,unavailable
tints.com,unavailable
tip.com,unavailable
tips.com,unavailable
tire.com,unavailable
tired.com,unavailable
tires.com,unavailable
tithe.com,unavailable
tithes.com,unavailable
toast.com,unavailable
toasts.com,3345.6
toe.com,unavailable
toes.com,unavailable
tog.com,unavailable
togs.com,unavailable
toil.com,unavailable
toils.com,13217.45
told.com,unavailable
toll.com,unavailable
tolls.com,unavailable
tomb.com,unavailable
tombs.com,unavailable
tong.com,unavailable
tongs.com,unavailable
took.com,unavailable
tool.com,unavailable
tools.com,unavailable
toom.com,unavailable
tooms.com,unavailable
toot.com,unavailable
toots.com,unavailable
tope.com,unavailable
topes.com,unavailable
torch.com,unavailable
tore.com,unavailable
tores.com,unavailable
torn.com,unavailable
toss.com,unavailable
tost.com,unavailable
tot.com,unavailable
tote.com,unavailable
totes.com,unavailable
tots.com,unavailable
tour.com,unavailable
tours.com,unavailable
touse.com,668.6
tow.com,unavailable
tows.com,unavailable
traipse.com,unavailable
tramp.com,unavailable
tramps.com,unavailable
trance.com,unavailable
trap.com,unavailable
trapes.com,unavailable
traps.com,unavailable
trawl.com,unavailable
trawls.com,2769.33
tread.com,unavailable
treads.com,unavailable
treat.com,unavailable
treats.com,unavailable
treed.com,unavailable
trek.com,unavailable
treks.com,334.32
trend.com,unavailable
trends.com,unavailable
tress.com,unavailable
trice.com,unavailable
trick.com,unavailable
tricks.com,unavailable
tried.com,unavailable
tries.com,unavailable
trig.com,unavailable
trigs.com,unavailable
trill.com,unavailable
trills.com,unavailable
trim.com,unavailable
trims.com,unavailable
trip.com,unavailable
trips.com,unavailable
troat.com,2642.43
troats.com,5.99
trod.com,unavailable
trode.com,unavailable
trodes.com,unavailable
trog.com,unavailable
trogs.com,unavailable
troke.com,unavailable
trokes.com,1173.83
troll.com,unavailable
trolls.com,unavailable
trounce.com,unavailable
troupe.com,unavailable
troupes.com,31725.5
trow.com,unavailable
trows.com,unavailable
trudge.com,unavailable
trump.com,unavailable
trumps.com,unavailable
truss.com,unavailable
try.com,unavailable
tryst.com,unavailable
trysts.com,5286.19
tub.com,unavailable
tube.com,unavailable
tubes.com,unavailable
tubs.com,unavailable
tuft.com,unavailable
tufts.com,unavailable
tug.com,unavailable
tugs.com,9914.78
tun.com,unavailable
tune.com,unavailable
tunes.com,unavailable
tuns.com,unavailable
tusk.com,unavailable
tusks.com,unavailable
tut.com,unavailable
tuts.com,unavailable
twang.com,unavailable
twangs.com,unavailable
tweak.com,unavailable
tweaks.com,unavailable
tweet.com,unavailable
tweets.com,unavailable
tweeze.com,116325.18
twig.com,unavailable
twigs.com,unavailable
twill.com,unavailable
twills.com,unavailable
twin.com,unavailable
twine.com,unavailable
twines.com,unavailable
twinge.com,13217.45
twink.com,unavailable
twinks.com,unavailable
twinned.com,unavailable
twins.com,unavailable
twirl.com,unavailable
twirls.com,2981.3
twirp.com,unavailable
twirps.com,1254.46
twist.com,unavailable
twists.com,29452.74
twit.com,unavailable
twitch.com,unavailable
twits.com,unavailable
urge.com,unavailable
use.com,unavailable
vail.com,unavailable
vails.com,unavailable
vamp.com,unavailable
vamps.com,unavailable
vault.com,unavailable
vaults.com,unavailable
vaunt.com,unavailable
vaunts.com,491.21
veep.com,unavailable
veeps.com,unavailable
veer.com,unavailable
veers.com,unavailable
veil.com,unavailable
veils.com,unavailable
vein.com,unavailable
veins.com,unavailable
vend.com,unavailable
vends.com,3346.93
venge.com,unavailable
vent.com,unavailable
vents.com,51551.88
verge.com,unavailable
verse.com,unavailable
vest.com,unavailable
vests.com,unavailable
vet.com,unavailable
vets.com,unavailable
vex.com,unavailable
vie.com,unavailable
vies.com,unavailable
vise.com,unavailable
voice.com,unavailable
void.com,unavailable
voids.com,unavailable
vote.com,unavailable
votes.com,unavailable
vouch.com,unavailable
vow.com,unavailable
vows.com,unavailable
waff.com,unavailable
waffs.com,915.9
waft.com,unavailable
wafts.com,unavailable
wail.com,unavailable
wails.com,59484.47
wait.com,unavailable
waits.com,unavailable
waive.com,unavailable
waives.com,unavailable
wale.com,unavailable
wales.com,unavailable
wane.com,unavailable
wanes.com,unavailable
want.com,unavailable
wants.com,unavailable
wap.com,unavailable
waps.com,unavailable
wark.com,unavailable
warks.com,unavailable
warn.com,unavailable
warns.com,unavailable
warp.com,unavailable
warps.com,unavailable
was.com,unavailable
waste.com,unavailable
wastes.com,unavailable
waught.com,unavailable
waughts.com,5.99
wauk.com,3345.6
wauks.com,unavailable
waul.com,6687.24
wauls.com,unavailable
waved.com,unavailable
wawl.com,unavailable
wawls.com,368.8
wean.com,unavailable
weans.com,unavailable
wear.com,unavailable
wears.com,178453.4
weave.com,unavailable
weaves.com,unavailable
wed.com,unavailable
wedge.com,unavailable
wedged.com,668.6
weds.com,132187.71
wee.com,unavailable
ween.com,unavailable
weens.com,8723.7
weep.com,264375.41
weeps.com,unavailable
wees.com,17184.4
weigh.com,unavailable
weighs.com,3346.93
well.com,unavailable
wells.com,unavailable
welt.com,unavailable
welts.com,unavailable
wench.com,unavailable
went.com,unavailable
wept.com,unavailable
were.com,unavailable
wert.com,unavailable
whack.com,unavailable
whacks.com,26437.54
wham.com,unavailable
whams.com,unavailable
whang.com,unavailable
whangs.com,unavailable
whap.com,unavailable
whaps.com,25115.66
wharf.com,unavailable
wharfs.com,13218.77
wheeze.com,unavailable
whelk.com,unavailable
whelks.com,unavailable
whelm.com,7783.21
whelms.com,unavailable
whelp.com,unavailable
whelps.com,13217.45
whet.com,unavailable
whets.com,unavailable
whiff.com,unavailable
whiffs.com,unavailable
whine.com,unavailable
whines.com,unavailable
whinge.com,unavailable
whir.com,unavailable
whirl.com,unavailable
whirls.com,unavailable
whirr.com,unavailable
whirrs.com,132.56
whirs.com,unavailable
whish.com,unavailable
whisk.com,unavailable
whisks.com,unavailable
whist.com,26436.22
whists.com,unavailable
whiz.com,unavailable
whizz.com,unavailable
whoop.com,unavailable
whoops.com,unavailable
whoosh.com,unavailable
whop.com,45586.25
whops.com,76.79
whore.com,unavailable
whores.com,unavailable
wield.com,unavailable
wields.com,unavailable
wile.com,264375.41
wiles.com,unavailable
will.com,unavailable
wills.com,unavailable
wilt.com,unavailable
wilts.com,unavailable
wince.com,unavailable
winch.com,unavailable
wink.com,unavailable
winks.com,unavailable
wipe.com,unavailable
wipes.com,unavailable
wisp.com,unavailable
wisps.com,unavailable
wist.com,unavailable
wit.com,unavailable
withe.com,unavailable
withes.com,491.21
wits.com,unavailable
wive.com,119629.87
wives.com,unavailable
woke.com,unavailable
won.com,unavailable
wons.com,unavailable
wont.com,7273.24
wonts.com,3964.31
woo.com,unavailable
woof.com,unavailable
woofs.com,unavailable
woos.com,unavailable
woosh.com,297538.66
wore.com,unavailable
worn.com,unavailable
worst.com,unavailable
worsts.com,15862.52
wot.com,unavailable
wots.com,unavailable
would.com,unavailable
wound.com,3346.93
wounds.com,unavailable
wow.com,unavailable
wows.com,unavailable
wrack.com,unavailable
wracks.com,unavailable
wrap.com,unavailable
wrapped.com,6692.53
wraps.com,unavailable
wreak.com,343.17
wreaks.com,unavailable
wreath.com,unavailable
wreathe.com,3964.31
wreathes.com,436.87
wreaths.com,unavailable
wreck.com,unavailable
wrecks.com,unavailable
wrench.com,unavailable
wrest.com,36351.62
wrests.com,543.83
wrick.com,unavailable
wricks.com,528.2
wring.com,unavailable
wrings.com,9251.82
write.com,unavailable
writes.com,24189.3
writhe.com,665.36
writhes.com,unavailable
wrote.com,6693.85
wrung.com,unavailable
wyte.com,unavailable
wytes.com,3156.64
yacht.com,unavailable
yachts.com,unavailable
yack.com,unavailable
yacks.com,unavailable
yaff.com,unavailable
yaffs.com,unavailable
yarn.com,unavailable
yarns.com,unavailable
yaup.com,unavailable
yaw.com,28529.74
yawl.com,unavailable
yawls.com,3959.2
yawn.com,unavailable
yawns.com,unavailable
yawp.com,unavailable
yawps.com,unavailable
yaws.com,9914.8
yean.com,6692.53
yeans.com,unavailable
yearn.com,unavailable
yearns.com,unavailable
yeast.com,unavailable
yeasts.com,unavailable
yell.com,unavailable
yells.com,unavailable
yelp.com,unavailable
yelps.com,unavailable
yen.com,unavailable
yens.com,unavailable
yeuk.com,3345.6
yeuks.com,6593.52
yield.com,unavailable
yields.com,unavailable
yike.com,unavailable
yikes.com,unavailable
yip.com,unavailable
yips.com,unavailable
yoke.com,unavailable
yokes.com,3346.93
yowl.com,unavailable
yowls.com,19826.83
zap.com,unavailable
zaps.com,unavailable
zest.com,unavailable
zests.com,unavailable
zing.com,unavailable
zings.com,unavailable
zip.com,unavailable
zips.com,unavailable
zoom.com,unavailable
zooms.com,unavailable
.com,unavailable
