aunes.co,unavailable
auto.co,unavailable
autos.co,unavailable
awe.co,unavailable
awes.co,unavailable
aunes.co,unavailable
auto.co,unavailable
autos.co,unavailable
awe.co,unavailable
awes.co,unavailable
awl.co,unavailable
aunes.co,unavailable
auto.co,unavailable
aunes.co,16.99
auto.co,unavailable
autos.co,unavailable
awe.co,unavailable
awes.co,171.29
awl.co,unavailable
awls.co,unavailable
awn.co,unavailable
awns.co,171.29
axe.co,65555.41
aye.co,unavailable
ayes.co,171.29
ayre.co,unavailable
ayres.co,unavailable
baas.co,unavailable
bade.co,unavailable
badge.co,unavailable
bael.co,unavailable
baels.co,16.99
baff.co,171.29
baffs.co,unavailable
bag.co,46118.7
bags.co,32941.1
baht.co,unavailable
bahts.co,85.64
bail.co,unavailable
