abacuses.app,unavailable
abalone.app,unavailable
abalones.app,21.49
abandonee.app,21.49
abandonees.app,21.49
abandonment.app,21.49
abandonments.app,21.49
abattises.app,21.49
abdication.app,21.49
abdications.app,21.49
abdicator.app,21.49
abdicators.app,21.49
aberrancies.app,21.49
aberrancy.app,21.49
aberration.app,21.49
aberrations.app,21.49
abeyances.app,21.49
abhorrences.app,21.49
abidances.app,21.49
abilities.app,unavailable
ability.app,unavailable
abiosis.app,21.49
abjuration.app,21.49
abjurations.app,21.49
ablactation.app,21.49
abnegation.app,21.49
abnegations.app,21.49
abnegator.app,21.49
abnegators.app,21.49
abnormities.app,21.49
abnormity.app,21.49
abolisher.app,21.49
abolishers.app,21.49
abolishment.app,21.49
abolishments.app,21.49
abolition.app,21.49
abolitions.app,21.49
abomasum.app,21.49
abomasus.app,21.49
abondances.app,21.49
aborticide.app,21.49
aborticides.app,21.49
abortionist.app,21.49
abortionists.app,21.49
abortiveness.app,21.49
aboulia.app,21.49
abraxases.app,21.49
abreaction.app,21.49
abreactions.app,21.49
abrogation.app,21.49
abrogations.app,21.49
abrogator.app,21.49
abrogators.app,21.49
absenteeism.app,21.49
absoluteness.app,21.49
absolution.app,21.49
absolutions.app,21.49
absolutism.app,21.49
absolutist.app,21.49
absolutists.app,21.49
absorbencies.app,21.49
absorbency.app,21.49
absorptiveness.app,21.49
abstinences.app,21.49
abstractedness.app,21.49
abstractionism.app,21.49
abstractionist.app,21.49
abstractionists.app,21.49
absurdities.app,21.49
absurdity.app,21.49
absurdnesses.app,21.49
abulia.app,21.49
abundances.app,21.49
abusages.app,21.49
abusiveness.app,21.49
abutilon.app,21.49
abutilons.app,21.49
academism.app,21.49
acalephes.app,21.49
acanthuses.app,21.49
acapnia.app,21.49
acaricide.app,21.49
acaricides.app,21.49
acaridan.app,21.49
acaridans.app,21.49
accedences.app,21.49
accelerant.app,unavailable
accelerants.app,21.49
acceptances.app,21.49
acceptancy.app,21.49
acceptation.app,21.49
acceptations.app,21.49
accessaries.app,21.49
accessary.app,21.49
accidental.app,18.43
accidentals.app,21.49
accipiter.app,21.49
accipiters.app,21.49
acclamation.app,21.49
acclamations.app,21.49
acclimation.app,21.49
acclimations.app,21.49
acclivities.app,21.49
acclivity.app,21.49
accompanist.app,21.49
accompanists.app,21.49
accomplices.app,21.49
accomplisher.app,unavailable
accomplishers.app,21.49
accomplishment.app,21.49
accomplishments.app,21.49
accordances.app,21.49
accoucheuses.app,21.49
accountancies.app,21.49
accountancy.app,unavailable
accountantship.app,21.49
accouterment.app,21.49
accouterments.app,21.49
accoutrement.app,21.49
accoutrements.app,unavailable
accumbency.app,21.49
accuracies.app,21.49
accuracy.app,79.5
accurateness.app,21.49
accursedness.app,21.49
accusation.app,21.49
accusations.app,21.49
accusative.app,21.49
accusatives.app,21.49
accustomedness.app,21.49
acedia.app,21.49
acerbities.app,21.49
acerbity.app,21.49
acescency.app,21.49
acetamide.app,21.49
acetylene.app,21.49
achimenes.app,21.49
achromatin.app,21.49
achromatins.app,21.49
achromatism.app,21.49
acidity.app,21.49
acidosis.app,21.49
acidulent.app,21.49
acknowledgement.app,21.49
acknowledgements.app,unavailable
acknowledgment.app,21.49
acknowledgments.app,21.49
aconitum.app,21.49
aconitums.app,21.49
acouchies.app,21.49
acoustician.app,21.49
acousticians.app,21.49
acquaintances.app,unavailable
acquaintanceship.app,21.49
acquaintanceships.app,21.49
acquiescence.app,21.49
acquisition.app,79.5
acquisitions.app,171.29
acquittances.app,21.49
acridity.app,21.49
acrimony.app,21.49
acrobatics.app,21.49
acrolein.app,21.49
acromion.app,21.49
acrophony.app,21.49
actinia.app,21.49
actinian.app,21.49
actinians.app,21.49
actinias.app,21.49
actinolite.app,21.49
activating.app,21.49
activation.app,unavailable
activations.app,21.49
activator.app,unavailable
activators.app,21.49
activities.app,unavailable
activity.app,unavailable
actualist.app,21.49
actualists.app,21.49
actuaries.app,unavailable
actuary.app,unavailable
actuation.app,21.49
actuations.app,21.49
actuator.app,18.43
actuators.app,21.49
acuity.app,unavailable
aculeus.app,21.49
acupuncture.app,unavailable
acutenesses.app,21.49
adagio.app,unavailable
adagios.app,21.49
adaptation.app,unavailable
adaptations.app,21.49
adaptiveness.app,21.49
addictedness.app,21.49
additament.app,21.49
additaments.app,21.49
adenitis.app,21.49
adenoma.app,21.49
adenomas.app,21.49
adequacies.app,21.49
adequacy.app,unavailable
adequateness.app,21.49
adherences.app,21.49
adhesiveness.app,21.49
adhibition.app,21.49
adhibitions.app,21.49
adipocere.app,21.49
adjacency.app,21.49
adjuration.app,21.49
adjurations.app,21.49
adjutancies.app,21.49
adjutancy.app,21.49
admeasurement.app,21.49
admeasurements.app,21.49
adminicle.app,21.49
adminicles.app,21.49
admiralship.app,21.49
admiralships.app,21.49
admiration.app,21.49
admittances.app,21.49
admonishment.app,21.49
admonishments.app,21.49
admonition.app,21.49
admonitions.app,21.49
admonitor.app,21.49
admonitors.app,21.49
adnominal.app,21.49
adolescence.app,21.49
adolescent.app,154.14
adolescents.app,21.49
adoration.app,unavailable
adorations.app,21.49
adrenaline.app,154.14
adulation.app,21.49
adulations.app,21.49
adulator.app,21.49
adulators.app,21.49
adulterant.app,21.49
adulterants.app,21.49
adulterer.app,21.49
adulterers.app,21.49
adulteress.app,21.49
adulteries.app,21.49
adultery.app,unavailable
adumbration.app,21.49
adumbrations.app,21.49
aduncity.app,21.49
advantages.app,unavailable
adventurer.app,329.41
adventurers.app,21.49
adventuress.app,21.49
adventurism.app,21.49
adverbial.app,21.49
adversaries.app,21.49
adversary.app,21.49
adversative.app,21.49
adversities.app,21.49
adversity.app,21.49
advertency.app,21.49
advertisement.app,8565.2
advertisements.app,unavailable
advertiser.app,unavailable
advertisers.app,329.41
advertising.app,unavailable
advertizer.app,21.49
advertizing.app,unavailable
advisedness.app,21.49
advisership.app,21.49
advocacies.app,21.49
advocacy.app,158.11
advocation.app,21.49
advocations.app,21.49
aecidium.app,21.49
aeciospore.app,21.49
aeciospores.app,21.49
aeolipile.app,21.49
aeolipiles.app,21.49
aerenchyma.app,21.49
aerenchymas.app,21.49
aerialist.app,21.49
aerialists.app,21.49
aerobatics.app,21.49
aerography.app,21.49
aerologist.app,21.49
aerologists.app,21.49
aerology.app,unavailable
aeromancy.app,21.49
aerometer.app,21.49
aerometers.app,21.49
aerometry.app,21.49
aeronautics.app,unavailable
aeronomy.app,21.49
aeroplankton.app,21.49
aerostatics.app,21.49
aerostation.app,21.49
aerotropism.app,21.49
aesthesia.app,21.49
aesthetician.app,21.49
aestheticians.app,21.49
aestheticism.app,21.49
aestivation.app,21.49
aestivations.app,21.49
affectation.app,unavailable
affectations.app,21.49
affectedness.app,21.49
affenpinscher.app,21.49
affenpinschers.app,21.49
affiances.app,21.49
affidavit.app,21.49
affidavits.app,21.49
affiliate.app,32941.1
affiliates.app,unavailable
affinities.app,21.49
affinity.app,unavailable
affirmation.app,unavailable
affirmations.app,unavailable
affirmative.app,unavailable
affirmatives.app,21.49
afflatuses.app,21.49
affranchisement.app,21.49
affrication.app,21.49
affrications.app,21.49
affricative.app,21.49
aflatoxin.app,21.49
afterburner.app,unavailable
afterburners.app,21.49
afterburning.app,21.49
afterpieces.app,21.49
agapanthus.app,21.49
ageratum.app,21.49
agglomerate.app,21.49
agglomerates.app,21.49
agglutinant.app,21.49
agglutinants.app,21.49
agglutinin.app,21.49
aggradation.app,21.49
aggradations.app,21.49
aggrandizement.app,21.49
aggrandizements.app,21.49
aggravation.app,21.49
aggravations.app,21.49
aggregation.app,21.49
aggregations.app,21.49
aggressiveness.app,21.49
agility.app,unavailable
agiotage.app,21.49
agitation.app,21.49
agitations.app,21.49
agitator.app,21.49
agitators.app,21.49
aglossia.app,21.49
agnosticism.app,21.49
agonistes.app,21.49
agraphia.app,21.49
agrarian.app,21.49
agribusiness.app,21.49
agriculture.app,unavailable
agrimonies.app,21.49
agrimony.app,21.49
agrology.app,21.49
agronomics.app,21.49
agronomist.app,21.49
agronomists.app,21.49
agronomy.app,21.49
aguardiente.app,unavailable
aguardientes.app,21.49
ailanthuses.app,21.49
ailurophile.app,21.49
ailurophiles.app,21.49
ailurophobe.app,21.49
ailurophobes.app,21.49
aircraftswoman.app,21.49
airworthiness.app,21.49
akinesia.app,21.49
akinesias.app,21.49
akinesis.app,21.49
alabamine.app,21.49
alabandite.app,21.49
alabaster.app,15.4
alabasters.app,21.49
alacrity.app,21.49
alalia.app,21.49
albarello.app,21.49
albarellos.app,21.49
albatrosses.app,21.49
albuminate.app,21.49
albuminates.app,21.49
albuminoid.app,21.49
albuminoids.app,21.49
alcheringa.app,21.49
alcoholic.app,158.11
alcoholics.app,21.49
alcoholism.app,21.49
aldermanry.app,21.49
aldermanship.app,21.49
aldermanships.app,21.49
aldohexose.app,21.49
alerces.app,21.49
alerion.app,21.49
alerions.app,21.49
alexanders.app,unavailable
alexandrine.app,21.49
alexandrines.app,21.49
alexandrite.app,21.49
alexia.app,15.4
algarroba.app,21.49
algarrobas.app,21.49
algebraist.app,21.49
algebraists.app,21.49
algesia.app,21.49
algidity.app,21.49
algologist.app,21.49
algologists.app,21.49
algology.app,21.49
aliases.app,21.49
alienation.app,21.49
alienator.app,21.49
alienators.app,21.49
alimonies.app,21.49
alimony.app,unavailable
alizarin.app,21.49
alizarine.app,21.49
alkalescence.app,21.49
alkalosis.app,21.49
allantois.app,21.49
allegation.app,21.49
allegations.app,21.49
allegiances.app,21.49
allegories.app,21.49
allegorist.app,21.49
allegorists.app,21.49
allegory.app,unavailable
allegretto.app,21.49
allegrettos.app,21.49
allelomorph.app,21.49
allelomorphs.app,21.49
alleluia.app,unavailable
alleluias.app,21.49
allocation.app,18.43
allocations.app,21.49
allocution.app,21.49
allocutions.app,21.49
allodium.app,21.49
allodiums.app,21.49
allogamy.app,21.49
allometry.app,21.49
allopathy.app,393.99
allotropism.app,21.49
allotropy.app,21.49
allowances.app,171.29
allusiveness.app,21.49
alluvion.app,21.49
alluvions.app,21.49
alluvium.app,unavailable
alluviums.app,21.49
almucantar.app,21.49
almucantars.app,21.49
alodium.app,21.49
alodiums.app,21.49
altarpieces.app,21.49
altazimuth.app,21.49
altazimuths.app,21.49
alteration.app,unavailable
alterations.app,unavailable
alterative.app,21.49
altercation.app,21.49
altercations.app,21.49
alternative.app,unavailable
alternatives.app,unavailable
alternator.app,21.49
alternators.app,21.49
altimeter.app,18.43
altimeters.app,21.49
altimetry.app,21.49
altissimo.app,21.49
altogether.app,21.49
altostratus.app,unavailable
alumina.app,unavailable
aluminate.app,21.49
aluminates.app,21.49
aluminum.app,329.41
alveolar.app,21.49
alveolus.app,21.49
amadavat.app,21.49
amadavats.app,21.49
amanita.app,21.49
amanitas.app,21.49
amateurism.app,21.49
amativeness.app,21.49
amaurosis.app,21.49
amazedness.app,21.49
amazonite.app,21.49
ambassador.app,unavailable
ambassadors.app,unavailable
ambassadress.app,21.49
ambergrises.app,21.49
ambidexter.app,21.49
ambidexters.app,21.49
ambitiousness.app,21.49
ambivalence.app,21.49
ambiversion.app,21.49
amboceptor.app,21.49
ambulacrum.app,21.49
ambulation.app,21.49
ambulations.app,21.49
ambulator.app,21.49
ambulators.app,21.49
ambuscado.app,21.49
ambuscados.app,21.49
ameiosis.app,21.49
amenities.app,unavailable
amenity.app,unavailable
amianthus.app,21.49
amitosis.app,21.49
ammoniac.app,21.49
ammunition.app,21.49
ammunitions.app,21.49
amnesia.app,3951.77
amnesiac.app,21.49
amnesiacs.app,21.49
amoretto.app,unavailable
amorino.app,unavailable
amoroso.app,21.49
amorosos.app,21.49
amorousness.app,21.49
amorphousness.app,21.49
amortizement.app,21.49
ampelopsis.app,21.49
amperages.app,21.49
amphetamine.app,21.49
amphetamines.app,21.49
amphibian.app,21.49
amphibians.app,21.49
amphibolies.app,21.49
amphibolite.app,21.49
amphiboly.app,21.49
amphigories.app,21.49
amphigory.app,21.49
amphimacer.app,21.49
amphimacers.app,21.49
amphimixis.app,21.49
amphioxus.app,21.49
amphisbaena.app,21.49
amphisbaenas.app,21.49
ampliation.app,21.49
ampliations.app,21.49
amplifier.app,unavailable
amplifiers.app,18.43
amputation.app,21.49
amputations.app,21.49
amputator.app,21.49
amputators.app,21.49
amusiveness.app,21.49
amygdala.app,21.49
amygdalas.app,21.49
amygdalin.app,21.49
amygdaloid.app,21.49
amygdaloids.app,21.49
amylases.app,21.49
amylopsin.app,21.49
anabaptism.app,21.49
anabaptisms.app,21.49
anabaptist.app,21.49
anabaptists.app,21.49
anabases.app,21.49
anabasis.app,21.49
anablepses.app,21.49
anabolism.app,21.49
anabolite.app,21.49
anabolites.app,21.49
anabranches.app,21.49
anachronism.app,21.49
anachronisms.app,21.49
anacrusis.app,21.49
anaemia.app,21.49
anaesthesia.app,unavailable
anaesthesias.app,21.49
anaesthetic.app,21.49
anaesthetics.app,unavailable
anaesthetist.app,unavailable
anaesthetists.app,21.49
anaglypta.app,21.49
anaglyptas.app,21.49
anagoge.app,21.49
analecta.app,21.49
analemma.app,21.49
analemmas.app,21.49
analeptic.app,21.49
analgesic.app,21.49
analgesics.app,21.49
analogies.app,21.49
analogist.app,21.49
analogists.app,21.49
analogy.app,18.43
analysand.app,21.49
analysands.app,21.49
analyser.app,unavailable
analysers.app,21.49
analytics.app,unavailable
analyzer.app,unavailable
analyzers.app,unavailable
anamnesis.app,unavailable
anaphora.app,unavailable
anaphoras.app,21.49
anaplasty.app,21.49
anaptyxis.app,21.49
anarthrousness.app,21.49
anasarca.app,21.49
anastasis.app,21.49
anastigmat.app,21.49
anastigmats.app,21.49
anastrophe.app,21.49
anastrophes.app,21.49
anathema.app,21.49
anathemas.app,21.49
anatomies.app,21.49
anatomist.app,21.49
anatomists.app,21.49
anatomy.app,unavailable
ancestresses.app,21.49
anchoresses.app,21.49
anchoveta.app,21.49
anchylosis.app,21.49
ancillaries.app,21.49
ancillary.app,21.49
andalusite.app,21.49
andantino.app,21.49
andantinos.app,21.49
androecium.app,21.49
androgyny.app,21.49
androsterone.app,21.49
anecdotage.app,21.49
anecdotist.app,21.49
anecdotists.app,21.49
anelaces.app,21.49
anemia.app,21.49
anemogram.app,21.49
anemograms.app,21.49
anemograph.app,21.49
anemographs.app,21.49
anesthesia.app,unavailable
anesthesias.app,21.49
anesthetic.app,21.49
anesthetics.app,21.49
anesthetist.app,21.49
anesthetists.app,21.49
angelica.app,211.73
angelicas.app,21.49
angioma.app,21.49
angiomas.app,21.49
angiosperm.app,21.49
angiosperms.app,21.49
angledozer.app,21.49
angledozers.app,21.49
anglophiles.app,21.49
angulation.app,21.49
angwantibo.app,21.49
angwantibos.app,21.49
aniconism.app,21.49
aniconisms.app,21.49
anility.app,21.49
animalcule.app,21.49
animalcules.app,21.49
animalism.app,21.49
animalisms.app,21.49
animalist.app,21.49
animalists.app,21.49
animation.app,171.29
animations.app,329.41
animatism.app,21.49
animator.app,unavailable
animators.app,21.49
animuses.app,21.49
anionic.app,21.49
ankylosaur.app,21.49
ankylosaurs.app,21.49
ankylosis.app,21.49
anlages.app,21.49
annabergite.app,21.49
annexation.app,21.49
annexations.app,21.49
annotating.app,21.49
annotation.app,unavailable
annotations.app,21.49
annotator.app,21.49
annotators.app,21.49
annoyances.app,21.49
annuitant.app,21.49
annuitants.app,21.49
annuities.app,154.14
annuity.app,unavailable
annulation.app,21.49
annulations.app,21.49
anoesis.app,21.49
anomalies.app,18.43
anomaly.app,unavailable
anopheles.app,21.49
anorectic.app,21.49
anorectics.app,21.49
anorthosite.app,21.49
anosmia.app,21.49
anoxia.app,21.49
antagonism.app,21.49
antagonist.app,21.49
antagonists.app,21.49
antarthritic.app,21.49
antasthmatic.app,21.49
antecedence.app,21.49
antecedent.app,21.49
antecedents.app,21.49
antecessor.app,21.49
antecessors.app,21.49
antechamber.app,21.49
antechambers.app,21.49
antechapel.app,21.49
antechapels.app,21.49
antefixes.app,21.49
antenatal.app,21.49
antepenult.app,21.49
antepenults.app,21.49
anterior.app,21.49
anteversion.app,21.49
anthelion.app,21.49
anthelminthic.app,21.49
anthelminthics.app,21.49
anthelmintic.app,21.49
anthelmintics.app,21.49
anthemion.app,21.49
anthologies.app,21.49
anthologist.app,21.49
anthologists.app,21.49
anthology.app,unavailable
anthophyllite.app,21.49
anthracosis.app,21.49
anthurium.app,21.49
anthuriums.app,21.49
antibodies.app,18.43
antibody.app,unavailable
anticathode.app,21.49
anticathodes.app,21.49
antichristian.app,21.49
anticipant.app,21.49
anticipants.app,21.49
anticlimax.app,21.49
anticyclone.app,21.49
anticyclones.app,21.49
antifouling.app,21.49
antifriction.app,21.49
antihelix.app,21.49
antilogies.app,21.49
antilogy.app,21.49
antimonate.app,21.49
antimonates.app,21.49
antimonide.app,21.49
antimonides.app,21.49
antineutron.app,21.49
antineutrons.app,21.49
antinomies.app,21.49
antinomy.app,21.49
antipasto.app,21.49
antipastos.app,21.49
antipathies.app,21.49
antipathist.app,21.49
antipathists.app,21.49
antipathy.app,21.49
antiphonal.app,21.49
antiphonals.app,21.49
antiphonies.app,21.49
antiphony.app,21.49
antiphrasis.app,21.49
antipodal.app,21.49
antiproton.app,21.49
antiprotons.app,21.49
antiquaries.app,21.49
antiquary.app,21.49
antiquation.app,21.49
antiquations.app,21.49
antiquities.app,21.49
antiquity.app,unavailable
antirrhinum.app,21.49
antirrhinums.app,21.49
antisepsis.app,21.49
antiseptic.app,21.49
antiseptics.app,21.49
antiserum.app,21.49
antiserums.app,21.49
antistrophe.app,21.49
antistrophes.app,21.49
antithesis.app,21.49
antitoxin.app,21.49
antitoxins.app,21.49
antitragus.app,21.49
antitussive.app,21.49
antitussives.app,21.49
antivenin.app,21.49
antivenins.app,21.49
antiviral.app,unavailable
anuria.app,21.49
anxieties.app,21.49
anxiety.app,unavailable
anybody.app,184.46
aortitis.app,21.49
apagoge.app,21.49
apanages.app,21.49
aparejo.app,21.49
aparejos.app,21.49
aperient.app,21.49
aperients.app,21.49
aperitif.app,21.49
aperitifs.app,21.49
aperitive.app,21.49
apetaly.app,21.49
aphaeresis.app,21.49
aphagia.app,21.49
aphasia.app,unavailable
aphasiac.app,21.49
aphelion.app,unavailable
apheresis.app,21.49
aphidian.app,21.49
aphidians.app,21.49
aphonia.app,21.49
aphorizer.app,21.49
aphorizers.app,21.49
aphrodisia.app,unavailable
apiaries.app,21.49
apiarist.app,unavailable
apiarists.app,21.49
apiary.app,unavailable
apiculture.app,21.49
aplanospore.app,21.49
aplanospores.app,21.49
aplasia.app,21.49
apochromat.app,21.49
apochromats.app,21.49
apocope.app,21.49
apodosis.app,21.49
apoenzyme.app,21.49
apoenzymes.app,21.49
apogamy.app,21.49
apologies.app,unavailable
apologist.app,unavailable
apologists.app,21.49
apology.app,unavailable
apomixis.app,21.49
apomorphine.app,21.49
apopemptic.app,21.49
apophasis.app,21.49
apophyge.app,21.49
apophyllite.app,21.49
apophysis.app,21.49
apoplectic.app,21.49
apoplexy.app,21.49
aporia.app,21.49
apospory.app,21.49
apostasies.app,21.49
apostasy.app,21.49
apostleship.app,21.49
apostolate.app,21.49
apostolates.app,21.49
apostrophe.app,unavailable
apostrophes.app,21.49
appanages.app,21.49
apparatchik.app,21.49
apparatchiks.app,21.49
apparentness.app,21.49
apparition.app,21.49
apparitions.app,21.49
apparitor.app,21.49
apparitors.app,21.49
appealingness.app,21.49
appearances.app,21.49
appellation.app,unavailable
appellations.app,21.49
appellative.app,21.49
appendages.app,21.49
appendixes.app,21.49
apperception.app,21.49
apperceptions.app,21.49
appetency.app,21.49
appetizer.app,unavailable
appetizers.app,21.49
appliances.app,unavailable
application.app,unavailable
applications.app,unavailable
applicator.app,21.49
applicators.app,21.49
apportionment.app,unavailable
apportionments.app,21.49
appositeness.app,21.49
apposition.app,21.49
appositions.app,21.49
appositive.app,21.49
apprehension.app,21.49
apprehensions.app,21.49
apprenticehood.app,21.49
apprentices.app,unavailable
apprenticeship.app,unavailable
apprenticeships.app,unavailable
approbation.app,21.49
approbations.app,21.49
appurtenance.app,21.49
appurtenant.app,21.49
appurtenants.app,21.49
apraxia.app,21.49
apriorism.app,21.49
apriorisms.app,21.49
apriorist.app,21.49
apriorists.app,21.49
apsidiole.app,21.49
apsidioles.app,21.49
apterium.app,21.49
apteryxes.app,21.49
aquaculture.app,21.49
aquamarine.app,21.49
aquamarines.app,21.49
aquaplaner.app,21.49
aquaplaners.app,21.49
aquarellist.app,21.49
aquarellists.app,21.49
aquarium.app,154.14
aquariums.app,21.49
aquiculture.app,21.49
arabinose.app,21.49
arachnidan.app,21.49
arachnidans.app,21.49
aragonite.app,21.49
araneid.app,21.49
araneids.app,21.49
arapaima.app,21.49
arapaimas.app,21.49
araroba.app,21.49
arbalester.app,21.49
arbalesters.app,21.49
arbalister.app,21.49
arbalisters.app,21.49
arbitrager.app,21.49
arbitragers.app,21.49
arbitrages.app,21.49
arbitrageur.app,21.49
arbitrageurs.app,21.49
arbitrament.app,21.49
arbitraments.app,21.49
arbitrary.app,18.43
arbitration.app,1442.87
arbitrations.app,21.49
arbitrator.app,21.49
arbitrators.app,21.49
arbitrement.app,21.49
arbitrements.app,21.49
arbitresses.app,21.49
arborescence.app,21.49
arboretum.app,unavailable
arboretums.app,21.49
arborvitae.app,21.49
arbutuses.app,21.49
archaicism.app,21.49
archaizer.app,21.49
archaizers.app,21.49
archbishopric.app,21.49
archbishoprics.app,21.49
archdeaconries.app,21.49
archdeaconry.app,21.49
archdiocese.app,21.49
archduchesses.app,21.49
archenteron.app,21.49
archenterons.app,21.49
archimages.app,21.49
archimandrite.app,21.49
archimandrites.app,21.49
architecture.app,unavailable
architectures.app,21.49
arcuation.app,21.49
arcuations.app,21.49
arduousness.app,21.49
areaway.app,21.49
areaways.app,21.49
areola.app,unavailable
arfvedsonite.app,21.49
argufier.app,21.49
argufiers.app,21.49
argumentum.app,21.49
argyrodite.app,21.49
arhythmia.app,21.49
aridity.app,21.49
arietta.app,21.49
ariettas.app,21.49
arioso.app,21.49
ariosos.app,21.49
aristocrat.app,unavailable
aristocrats.app,21.49
armadillo.app,unavailable
armadillos.app,21.49
armorial.app,21.49
aromatic.app,unavailable
aromatics.app,21.49
arpeggio.app,18.43
arpeggios.app,21.49
arquebuses.app,21.49
arquebusier.app,21.49
arquebusiers.app,21.49
arrearages.app,21.49
arrhythmia.app,21.49
arrises.app,21.49
arrogances.app,21.49
arrogation.app,21.49
arrogations.app,21.49
arrondissement.app,21.49
arrondissements.app,21.49
arsenical.app,21.49
arsphenamine.app,21.49
arteriole.app,21.49
arterioles.app,21.49
arteritis.app,21.49
artificer.app,unavailable
artificers.app,21.49
artifices.app,21.49
aryballos.app,21.49
arytaenoid.app,21.49
arytaenoids.app,21.49
arytenoid.app,21.49
arytenoids.app,21.49
asbestosis.app,21.49
ascarides.app,21.49
ascendances.app,21.49
ascendancies.app,21.49
ascendancy.app,unavailable
ascendences.app,21.49
ascendencies.app,21.49
ascendency.app,21.49
ascertainment.app,21.49
asceticism.app,21.49
ascidian.app,21.49
ascidians.app,21.49
ascidium.app,21.49
ascomycete.app,21.49
ascomycetes.app,21.49
aseity.app,21.49
asepticism.app,21.49
ashamedness.app,21.49
asparagine.app,21.49
asparagus.app,154.14
aspergillum.app,21.49
aspergillums.app,21.49
aspergillus.app,21.49
asperities.app,21.49
asperity.app,21.49
asphyxia.app,21.49
asphyxiant.app,21.49
asphyxiants.app,21.49
aspidistra.app,21.49
aspidistras.app,21.49
aspiration.app,unavailable
aspirations.app,unavailable
aspirator.app,21.49
aspirators.app,21.49
assemblages.app,21.49
assemblyman.app,21.49
assentation.app,21.49
assentient.app,21.49
assentiveness.app,21.49
assertiveness.app,21.49
assessorship.app,21.49
assessorships.app,21.49
assignation.app,21.49
assignations.app,21.49
assistances.app,unavailable
assistantship.app,21.49
assistantships.app,21.49
assonances.app,21.49
assurances.app,unavailable
assuredness.app,21.49
assurgency.app,21.49
asthenia.app,21.49
asthenosphere.app,21.49
astigmatic.app,21.49
astigmatism.app,21.49
astigmia.app,21.49
astonishment.app,21.49
astonishments.app,21.49
astragalus.app,21.49
astringencies.app,21.49
astringency.app,21.49
astrologer.app,unavailable
astrologers.app,21.49
astrology.app,unavailable
astrometry.app,21.49
astronautics.app,21.49
astronomer.app,15.4
astronomers.app,21.49
astronomy.app,1976.53
astrophysics.app,21.49
astucity.app,21.49
asymmetries.app,21.49
asymmetry.app,unavailable
asynchronism.app,21.49
asyndeton.app,21.49
asyndetons.app,21.49
asynergia.app,21.49
asynergy.app,21.49
atacamite.app,21.49
ataractic.app,21.49
ataraxic.app,21.49
ataxia.app,21.49
athermancy.app,21.49
atheroma.app,21.49
atheromas.app,21.49
athetosis.app,21.49
athleticism.app,21.49
atmolysis.app,21.49
atmometer.app,21.49
atmometers.app,21.49
atmospherics.app,21.49
atomiser.app,21.49
atomisers.app,21.49
atomizer.app,21.49
atomizers.app,21.49
atonalism.app,21.49
atrociousness.app,21.49
atrocities.app,21.49
atrocity.app,21.49
attentiveness.app,21.49
attenuant.app,21.49
attenuants.app,21.49
attestation.app,unavailable
attestations.app,21.49
attorneyship.app,21.49
attorneyships.app,21.49
attractiveness.app,21.49
attribution.app,unavailable
attributions.app,21.49
attributive.app,21.49
audaciousness.app,21.49
audacity.app,unavailable
audibleness.app,21.49
audiences.app,unavailable
audiogram.app,unavailable
audiograms.app,21.49
audiophile.app,unavailable
audiophiles.app,21.49
auditories.app,21.49
auditorship.app,21.49
auditorships.app,21.49
auditory.app,unavailable
auditresses.app,21.49
augmentation.app,18.43
augmentations.app,21.49
augmentative.app,21.49
aurelia.app,unavailable
aurelias.app,21.49
auricula.app,21.49
auricular.app,21.49
auriculas.app,21.49
auscultation.app,21.49
auscultator.app,21.49
auscultators.app,21.49
auspiciousness.app,21.49
austerities.app,21.49
austerity.app,21.49
authoresses.app,21.49
authorities.app,18.43
authority.app,unavailable
autobuses.app,unavailable
autochanger.app,21.49
autochangers.app,21.49
autochthones.app,21.49
autochthonism.app,21.49
autochthony.app,21.49
autocracies.app,21.49
autocracy.app,unavailable
autocrosses.app,21.49
autocycle.app,21.49
autocycles.app,21.49
autodidact.app,unavailable
autodidacts.app,21.49
autogamy.app,21.49
autogeny.app,21.49
autogiro.app,21.49
autogiros.app,21.49
autography.app,21.49
autogyro.app,21.49
autogyros.app,21.49
autolysis.app,21.49
automata.app,unavailable
automates.app,21.49
automation.app,unavailable
automations.app,unavailable
automatism.app,21.49
automatist.app,21.49
automatists.app,21.49
automaton.app,unavailable
automatons.app,21.49
automobile.app,unavailable
automobiles.app,unavailable
automorphism.app,21.49
autonomies.app,21.49
autonomist.app,21.49
autonomists.app,21.49
autonomy.app,unavailable
autopilot.app,unavailable
autopilots.app,21.49
autopista.app,unavailable
autopistas.app,unavailable
autoplasty.app,21.49
autostrada.app,21.49
autostradas.app,21.49
autotimer.app,21.49
autotimers.app,21.49
autotomy.app,21.49
autotoxin.app,21.49
autotoxins.app,21.49
avadavat.app,21.49
avadavats.app,21.49
avarices.app,21.49
aventailes.app,21.49
aventurine.app,21.49
aviaries.app,21.49
aviary.app,unavailable
aviator.app,unavailable
aviators.app,21.49
aviatrix.app,21.49
aviculture.app,21.49
avidity.app,unavailable
avifauna.app,21.49
avifaunas.app,21.49
avionics.app,18.43
avizandum.app,21.49
avizandums.app,21.49
avocado.app,unavailable
avocados.app,unavailable
avocation.app,unavailable
avocations.app,21.49
avoidances.app,21.49
awakening.app,unavailable
awakenings.app,21.49
axillary.app,21.49
azeotrope.app,21.49
azeotropes.app,21.49
azobenzene.app,21.49
azulejo.app,21.49
azulejos.app,unavailable
babiroussa.app,21.49
babiroussas.app,21.49
babirusa.app,21.49
babirusas.app,21.49
babirussa.app,21.49
babirussas.app,21.49
babooneries.app,21.49
baboonery.app,21.49
bachelordom.app,21.49
bachelorhood.app,21.49
bachelorism.app,21.49
bacitracin.app,21.49
backwardation.app,21.49
bactericide.app,21.49
bactericides.app,21.49
bacterioid.app,21.49
bacterioids.app,21.49
bacterium.app,21.49
baddeleyite.app,21.49
bahuvrihi.app,21.49
bahuvrihis.app,21.49
balalaika.app,21.49
balalaikas.app,21.49
balderdashes.app,21.49
balibuntal.app,21.49
balibuntals.app,21.49
balladmonger.app,21.49
balladmongers.app,21.49
ballerina.app,15.4
ballerinas.app,21.49
balletomane.app,21.49
balletomanes.app,21.49
bamboozlement.app,21.49
banalities.app,21.49
banality.app,21.49
banderilla.app,21.49
banderillas.app,21.49
bandersnatches.app,21.49
baptisteries.app,21.49
baptistery.app,21.49
barathea.app,21.49
barbarian.app,unavailable
barbarians.app,unavailable
barbarities.app,21.49
barbarity.app,21.49
barbarousness.app,21.49
barbecuing.app,21.49
barbiturate.app,21.49
barbiturates.app,21.49
bardolatry.app,21.49
barefacedness.app,21.49
barometer.app,unavailable
barometers.app,21.49
barometries.app,21.49
barometry.app,21.49
baronages.app,21.49
baronesses.app,21.49
baronetage.app,21.49
baronetcies.app,21.49
baronetcy.app,21.49
barracouta.app,21.49
barracoutas.app,21.49
barracuda.app,unavailable
barracudas.app,21.49
barramunda.app,21.49
barramundas.app,21.49
barramundi.app,21.49
barramundis.app,21.49
barricado.app,21.49
barricados.app,21.49
barytones.app,21.49
basicity.app,21.49
basidium.app,21.49
basilica.app,21.49
basilicas.app,21.49
bastinado.app,21.49
bastinados.app,21.49
bathometer.app,21.49
bathometers.app,21.49
bathymeter.app,21.49
bathymeters.app,21.49
bathymetry.app,21.49
batrachian.app,21.49
batrachians.app,21.49
battalion.app,21.49
battalions.app,21.49
battologies.app,21.49
battology.app,21.49
bavardages.app,21.49
bearableness.app,21.49
beauteousness.app,21.49
beautifier.app,21.49
beautifiers.app,21.49
beccafico.app,21.49
beccaficos.app,21.49
becomingness.app,21.49
bedazzlement.app,21.49
bedevilment.app,21.49
bedizenment.app,21.49
beggarliness.app,21.49
behaviorism.app,21.49
behaviorist.app,unavailable
behaviorists.app,21.49
belatedness.app,21.49
belittlement.app,21.49
belligerence.app,21.49
belligerent.app,21.49
belligerents.app,21.49
bellyacher.app,21.49
bellyachers.app,21.49
belomancies.app,21.49
belomancy.app,21.49
benediction.app,21.49
benedictions.app,21.49
benefaction.app,21.49
benefactions.app,21.49
benefactor.app,unavailable
benefactors.app,21.49
benefactress.app,21.49
beneficence.app,21.49
benefices.app,21.49
benevolence.app,unavailable
benightedness.app,21.49
benignancy.app,21.49
benignity.app,21.49
benzaldehyde.app,21.49
berberises.app,21.49
beriberi.app,21.49
berkelium.app,21.49
bersagliere.app,21.49
beryllium.app,unavailable
beseechingness.app,21.49
besottedness.app,21.49
bestiaries.app,21.49
bestiary.app,21.49
beverages.app,unavailable
bewilderment.app,21.49
bewitchery.app,21.49
bezonian.app,21.49
bibliophile.app,unavailable
bibliophiles.app,21.49
bibliopole.app,21.49
bibliopoles.app,21.49
bibulousness.app,21.49
biennial.app,21.49
biennials.app,21.49
bifurcation.app,21.49
bifurcations.app,21.49
bijouterie.app,21.49
bilabial.app,21.49
bilabials.app,21.49
bilharzia.app,21.49
bilingualism.app,21.49
bilirubin.app,21.49
biliverdin.app,21.49
bilocation.app,21.49
bimetallism.app,21.49
bimetallist.app,21.49
bimetallists.app,21.49
binocular.app,unavailable
binoculars.app,unavailable
biochemist.app,21.49
biochemists.app,21.49
biofeedback.app,unavailable
biogeny.app,21.49
biographee.app,21.49
biographer.app,21.49
biographers.app,21.49
biographies.app,21.49
biography.app,unavailable
biologist.app,21.49
biologists.app,21.49
biology.app,unavailable
biolysis.app,21.49
biomasses.app,21.49
biometrics.app,unavailable
biometry.app,21.49
bionomics.app,21.49
biophysics.app,21.49
bipartition.app,21.49
bipartitions.app,21.49
bipropellant.app,21.49
bipyramid.app,21.49
bipyramids.app,21.49
biquadratic.app,21.49
biracialism.app,21.49
birefringence.app,21.49
biriani.app,21.49
birianis.app,21.49
bisexual.app,7247.32
bisexuals.app,unavailable
bivalences.app,21.49
bivouacking.app,21.49
blamableness.app,21.49
blameableness.app,21.49
blameworthiness.app,21.49
blepharitis.app,21.49
blepharospasm.app,21.49
bloodthirstiness.app,21.49
blunderbusses.app,21.49
bobbysoxer.app,21.49
bobbysoxers.app,21.49
boilermaker.app,21.49
boilermakers.app,21.49
boisterousness.app,21.49
boletuses.app,21.49
boliviano.app,21.49
bolivianos.app,21.49
bolometer.app,21.49
bolometers.app,21.49
bookbinderies.app,21.49
bookbindery.app,21.49
borborygmus.app,21.49
boronia.app,21.49
boronias.app,21.49
botargoes.app,21.49
botheration.app,21.49
bottlebrushes.app,21.49
bouillabaisses.app,21.49
boulevardier.app,unavailable
boulevardiers.app,21.49
bounteousness.app,21.49
bountifulness.app,21.49
boustrophedon.app,21.49
boysenberries.app,21.49
boysenberry.app,21.49
brachiation.app,21.49
brachiations.app,21.49
brachiopod.app,21.49
brachiopods.app,21.49
brachistochrone.app,21.49
brachylogy.app,21.49
branchiopod.app,21.49
branchiopods.app,21.49
bravadoes.app,21.49
brazilein.app,21.49
breakableness.app,21.49
breathalyser.app,21.49
breathalysers.app,21.49
breathalyzer.app,18.43
breathalyzers.app,21.49
breviaries.app,21.49
breviary.app,21.49
brokerages.app,unavailable
bromeliad.app,21.49
bromeliads.app,21.49
bromidrosis.app,21.49
bromination.app,21.49
bronchoscopies.app,21.49
bronchoscopy.app,21.49
brontosaurus.app,21.49
brotherliness.app,21.49
brucellosis.app,21.49
brutalities.app,21.49
brutality.app,21.49
bryologist.app,21.49
bryologists.app,21.49
bryology.app,21.49
bubonocele.app,21.49
bubonoceles.app,21.49
buccinator.app,21.49
buccinators.app,21.49
budgerigar.app,21.49
budgerigars.app,21.49
buffoonery.app,21.49
bufotenine.app,21.49
bulimia.app,21.49
buoyages.app,21.49
bureaucracies.app,21.49
bureaucracy.app,21.49
burgomaster.app,21.49
burgomasters.app,21.49
businesswoman.app,21.49
busybodies.app,21.49
busybody.app,21.49
butadiene.app,21.49
butlerages.app,21.49
butteriness.app,21.49
buttonholer.app,21.49
buttonholers.app,21.49
byssinosis.app,21.49
caballero.app,unavailable
caballeros.app,21.49
cabinetwork.app,21.49
cabriolet.app,21.49
cabriolets.app,21.49
cachexia.app,21.49
cachinnation.app,21.49
cacodaemon.app,21.49
cacodaemons.app,21.49
cacodemon.app,21.49
cacodemons.app,21.49
cacoepies.app,21.49
cacoepy.app,21.49
cacoethes.app,21.49
cacogenics.app,21.49
cacographer.app,21.49
cacographers.app,21.49
cacography.app,21.49
cacology.app,21.49
cacomistle.app,21.49
cacomistles.app,21.49
cacophonies.app,21.49
cacophony.app,unavailable
cacuminal.app,21.49
caduceus.app,unavailable
caducities.app,21.49
caducity.app,21.49
caecilian.app,21.49
caecilians.app,21.49
cajolery.app,21.49
calabashes.app,21.49
calabooses.app,21.49
caladium.app,21.49
caladiums.app,21.49
calamanco.app,21.49
calamancos.app,21.49
calamander.app,21.49
calamanders.app,21.49
calamaries.app,21.49
calamary.app,21.49
calamities.app,21.49
calamity.app,21.49
calamuses.app,21.49
calandria.app,21.49
calandrias.app,21.49
calcaneum.app,21.49
calcaneums.app,21.49
calcaneus.app,21.49
calciferol.app,21.49
calcination.app,21.49
calcinations.app,21.49
calcitonin.app,21.49
calculation.app,unavailable
calculations.app,unavailable
calculator.app,unavailable
calculators.app,79.5
caldarium.app,21.49
calefacient.app,21.49
calefacients.app,21.49
calefaction.app,21.49
calefactions.app,21.49
calendula.app,unavailable
calendulas.app,21.49
calibration.app,unavailable
calibrations.app,unavailable
calibrator.app,21.49
calibrators.app,21.49
calipashes.app,21.49
calisaya.app,21.49
calisayas.app,21.49
calisthenics.app,unavailable
calligrapher.app,158.11
calligraphers.app,21.49
calligraphist.app,21.49
calligraphists.app,21.49
calligraphy.app,unavailable
callisthenics.app,21.49
callosities.app,21.49
callosity.app,21.49
calorescence.app,21.49
calvaria.app,21.49
calvities.app,21.49
calyculus.app,21.49
calyptrogen.app,21.49
calyptrogens.app,21.49
camarilla.app,21.49
camarillas.app,21.49
camellia.app,unavailable
camellias.app,21.49
camelopard.app,21.49
camelopards.app,21.49
cameraman.app,21.49
camerlengo.app,21.49
camerlengos.app,21.49
camerlingo.app,21.49
camerlingos.app,21.49
camisado.app,21.49
camisados.app,21.49
camouflages.app,21.49
campanile.app,unavailable
campaniles.app,21.49
campesino.app,21.49
campesinos.app,21.49
campodeid.app,21.49
cancellation.app,unavailable
cancellations.app,21.49
candelabra.app,21.49
candelabras.app,21.49
candelabrum.app,21.49
candescences.app,21.49
candidacies.app,21.49
candidacy.app,unavailable
candidature.app,21.49
candidatures.app,21.49
canephora.app,21.49
canephoras.app,21.49
canescences.app,21.49
caninity.app,21.49
cannelloni.app,21.49
cannibalism.app,21.49
canonesses.app,21.49
canonicate.app,21.49
canorousness.app,21.49
cantabile.app,21.49
cantaloupes.app,21.49
cantatrice.app,21.49
cantatrices.app,21.49
cantilena.app,21.49
cantilenas.app,21.49
cantilever.app,21.49
cantilevers.app,21.49
cantillation.app,21.49
cantillations.app,21.49
capableness.app,21.49
capaciousness.app,21.49
capacitance.app,21.49
capacities.app,21.49
capacitor.app,unavailable
capacitors.app,21.49
capacity.app,unavailable
caparison.app,21.49
caparisons.app,21.49
capelines.app,21.49
capercaillie.app,21.49
capercaillies.app,21.49
capercailzie.app,21.49
capercailzies.app,21.49
capiases.app,21.49
capillaries.app,21.49
capillary.app,65.87
capitalism.app,unavailable
capitalist.app,unavailable
capitalists.app,21.49
capitation.app,21.49
capitations.app,21.49
capitulant.app,21.49
capitulants.app,21.49
capitulum.app,21.49
capotasto.app,21.49
capotastos.app,21.49
cappuccino.app,unavailable
cappuccinos.app,21.49
capriccio.app,unavailable
capriccios.app,21.49
capriciousness.app,21.49
capsaicin.app,unavailable
captivation.app,21.49
captivator.app,21.49
captivators.app,21.49
captivities.app,21.49
captivity.app,21.49
capybara.app,unavailable
capybaras.app,21.49
carabao.app,21.49
carabaos.app,21.49
carabineer.app,21.49
carabineers.app,21.49
carabiner.app,unavailable
carabiners.app,21.49
carabines.app,21.49
carabinier.app,21.49
carabiniers.app,21.49
caracara.app,21.49
caracaras.app,21.49
caracoles.app,21.49
carambola.app,21.49
carambolas.app,21.49
carapaces.app,21.49
caravaner.app,21.49
caravaners.app,21.49
caravanning.app,21.49
carbanion.app,21.49
carbanions.app,21.49
carbohydrate.app,21.49
carbohydrates.app,21.49
carbonado.app,21.49
carbonados.app,21.49
carbonation.app,21.49
carburation.app,21.49
carburetion.app,21.49
carburetor.app,21.49
carburetors.app,21.49
carburettor.app,21.49
carburettors.app,21.49
carcinogen.app,21.49
carcinogens.app,21.49
carcinoma.app,21.49
carcinomas.app,21.49
cardinalate.app,21.49
cardinalship.app,21.49
cardinalships.app,21.49
cardiogram.app,21.49
cardiograms.app,21.49
cardiograph.app,21.49
cardiographs.app,21.49
careenages.app,21.49
cariama.app,21.49
cariamas.app,21.49
caricature.app,unavailable
caricatures.app,21.49
carillonneur.app,21.49
carillonneurs.app,21.49
carminative.app,21.49
carminatives.app,21.49
carnalities.app,21.49
carnality.app,21.49
carnassial.app,21.49
carnosities.app,21.49
carnosity.app,21.49
carotenoid.app,21.49
carotenoids.app,21.49
carpentering.app,21.49
carpetbagger.app,21.49
carpetbaggers.app,21.49
carphology.app,21.49
carpology.app,21.49
cartographer.app,unavailable
cartographers.app,21.49
cartography.app,unavailable
cartomancy.app,21.49
cartularies.app,21.49
cartulary.app,21.49
caryatid.app,21.49
caryatids.app,21.49
caryopsis.app,21.49
cascarilla.app,21.49
cascarillas.app,21.49
caseation.app,21.49
caseinogen.app,21.49
cassiterite.app,21.49
cassowaries.app,21.49
cassowary.app,unavailable
castigation.app,21.49
castigations.app,21.49
castigator.app,21.49
castigators.app,21.49
castoreum.app,21.49
castoreums.app,21.49
casualism.app,21.49
casualisms.app,21.49
casualness.app,21.49
casualties.app,21.49
casualty.app,unavailable
casuistries.app,21.49
casuistry.app,21.49
catabasis.app,21.49
catabolism.app,21.49
catacaustic.app,21.49
catacaustics.app,21.49
catachresis.app,21.49
cataclasis.app,21.49
catalepsy.app,21.49
cataleptic.app,21.49
cataleptics.app,21.49
cataloes.app,21.49
cataloger.app,21.49
catalogers.app,21.49
cataloguer.app,21.49
cataloguers.app,21.49
catalysis.app,18.43
catalyzer.app,unavailable
catalyzers.app,21.49
catamaran.app,unavailable
catamarans.app,unavailable
catamountain.app,21.49
catamountains.app,21.49
cataplexy.app,21.49
catastasis.app,21.49
catastrophe.app,21.49
catastrophes.app,21.49
catastrophism.app,21.49
catastrophist.app,21.49
catastrophists.app,21.49
catatonic.app,21.49
catatonics.app,21.49
catechesis.app,21.49
catechiser.app,21.49
catechisers.app,21.49
catechizer.app,unavailable
catechizers.app,21.49
catechumen.app,21.49
catechumens.app,21.49
categories.app,658.84
categorist.app,21.49
categorists.app,21.49
category.app,171.29
catenaries.app,21.49
catenary.app,21.49
catenation.app,21.49
catenations.app,21.49
cathetuses.app,21.49
catholicism.app,unavailable
catholicon.app,21.49
catholicons.app,21.49
catholicos.app,21.49
cattaloes.app,21.49
cauliculus.app,21.49
cauliflory.app,21.49
causalities.app,21.49
causality.app,unavailable
causationism.app,21.49
causationist.app,21.49
causationists.app,21.49
causticities.app,21.49
causticity.app,21.49
cavalierism.app,21.49
cavalryman.app,21.49
cavatina.app,21.49
cavatinas.app,21.49
caviares.app,21.49
cavitation.app,21.49
cavitations.app,21.49
ceilometer.app,21.49
celebration.app,unavailable
celebrations.app,unavailable
celebrator.app,21.49
celebrators.app,21.49
celebrities.app,1317.68
celebrity.app,329.41
celeriac.app,21.49
celeriacs.app,21.49
celerity.app,unavailable
celibacy.app,21.49
cellarages.app,21.49
cellobiose.app,21.49
cellulitis.app,21.49
cellulosic.app,21.49
cementation.app,21.49
cementations.app,21.49
cemeteries.app,21.49
cemetery.app,154.14
cenesthesia.app,21.49
cenospecies.app,21.49
centennial.app,15.4
centennials.app,21.49
centesimal.app,21.49
centesimo.app,21.49
centiliter.app,21.49
centiliters.app,21.49
centilitre.app,21.49
centilitres.app,21.49
centimeter.app,21.49
centimetre.app,21.49
centimetres.app,21.49
centralities.app,21.49
centrality.app,unavailable
centralizer.app,21.49
centricities.app,21.49
centricity.app,unavailable
centrifuges.app,21.49
centuplicate.app,21.49
centuplicates.app,21.49
centurion.app,unavailable
centurions.app,21.49
ceroplastics.app,21.49
certifier.app,21.49
certifiers.app,21.49
cerulean.app,unavailable
cervicitis.app,21.49
cessionaries.app,21.49
cessionary.app,21.49
cetology.app,21.49
chalcedony.app,21.49
chalcographer.app,21.49
chalcographers.app,21.49
chalcographist.app,21.49
chalcographists.app,21.49
chalcography.app,21.49
chalcopyrite.app,21.49
chalicothere.app,21.49
chalicotheres.app,21.49
chalybeate.app,21.49
chalybeates.app,21.49
chamaeleon.app,21.49
chamaeleons.app,21.49
chameleon.app,unavailable
chameleons.app,unavailable
championship.app,unavailable
championships.app,unavailable
chancelleries.app,21.49
chancellery.app,21.49
chancellorship.app,21.49
chancellorships.app,21.49
changeableness.app,21.49
chaperonage.app,21.49
chaperones.app,21.49
characteries.app,21.49
charactery.app,21.49
charcuterie.app,unavailable
charcuteries.app,21.49
chargeableness.app,21.49
charioteer.app,21.49
charioteers.app,21.49
charivari.app,21.49
charivaris.app,21.49
charlatanism.app,21.49
charlatanry.app,21.49
chartography.app,21.49
chartularies.app,21.49
chartulary.app,21.49
chasmogamy.app,21.49
chatoyancy.app,21.49
chatterboxes.app,21.49
chechakoes.app,21.49
cheechakoes.app,21.49
chelicera.app,21.49
chelicerate.app,21.49
chelonian.app,21.49
chelonians.app,21.49
chemisorption.app,21.49
chemotaxis.app,21.49
chemotropism.app,21.49
cherimoya.app,21.49
cherimoyas.app,21.49
chersoneses.app,21.49
chiasmuses.app,21.49
chiastolite.app,21.49
chicaneries.app,21.49
chicanery.app,21.49
chiliarchy.app,21.49
chincherinchee.app,21.49
chincherinchees.app,21.49
chinoiserie.app,21.49
chipolata.app,21.49
chipolatas.app,21.49
chirimoya.app,unavailable
chirimoyas.app,21.49
chirographer.app,21.49
chirographers.app,21.49
chirography.app,21.49
chiromancy.app,21.49
chiropodist.app,21.49
chiropodists.app,21.49
chiropody.app,21.49
chiropractic.app,unavailable
chiropractor.app,16.93
chiropractors.app,18.43
chiropteran.app,21.49
chiropterans.app,21.49
chirurgery.app,21.49
chitarrone.app,21.49
chivalrousness.app,21.49
chlamydospore.app,21.49
chlamydospores.app,21.49
chlorambucil.app,21.49
chlorargyrite.app,21.49
chlorination.app,21.49
chlorinator.app,21.49
chlorpromazine.app,21.49
choanocyte.app,21.49
cholesterol.app,unavailable
chondriosome.app,21.49
chondriosomes.app,21.49
choraguses.app,21.49
choreguses.app,21.49
choriambus.app,21.49
chorographer.app,21.49
chorography.app,21.49
choroiditis.app,21.49
chorology.app,21.49
chorusmaster.app,21.49
chorusmasters.app,21.49
chrestomathies.app,21.49
chrestomathy.app,21.49
chrismatories.app,21.49
chrismatory.app,21.49
chromaticism.app,21.49
chromatogram.app,21.49
chromatograms.app,21.49
chromatophore.app,21.49
chromatophores.app,21.49
chrominances.app,21.49
chronicity.app,21.49
chronographer.app,21.49
chronographers.app,21.49
chronologies.app,21.49
chronologist.app,unavailable
chronologists.app,21.49
chronology.app,unavailable
chronometer.app,18.43
chronometers.app,21.49
chronometry.app,unavailable
chrysalides.app,21.49
chrysalises.app,21.49
chrysanthemum.app,21.49
chrysanthemums.app,21.49
chrysarobin.app,21.49
chrysoberyl.app,21.49
chrysocolla.app,21.49
chymotrypsin.app,21.49
ciborium.app,21.49
cicatrices.app,21.49
cicatricle.app,21.49
cicatricles.app,21.49
cicatrixes.app,21.49
cicerone.app,unavailable
cicerones.app,21.49
cicisbeism.app,21.49
cicisbeo.app,21.49
cigarillo.app,21.49
cigarillos.app,21.49
cinematheque.app,21.49
cinematheques.app,21.49
cineration.app,21.49
cinerations.app,21.49
cinerator.app,21.49
cinerators.app,21.49
cinquecento.app,21.49
circuities.app,21.49
circuity.app,21.49
circulation.app,9881.41
circulations.app,21.49
circulator.app,21.49
circulators.app,21.49
circumciser.app,21.49
circumcisers.app,21.49
circumcision.app,21.49
circumcisions.app,21.49
circumference.app,21.49
circumflexes.app,21.49
circumfluence.app,21.49
circumfusion.app,21.49
circumfusions.app,21.49
circumscriber.app,21.49
circumscribers.app,21.49
circumscription.app,21.49
circumscriptions.app,21.49
circumspection.app,21.49
circumspections.app,21.49
circumspectness.app,21.49
circumstances.app,21.49
circumvention.app,21.49
circumventions.app,21.49
cirripedes.app,21.49
citizenries.app,21.49
citizenry.app,unavailable
citizenship.app,unavailable
citizenships.app,21.49
citronella.app,unavailable
citronellal.app,21.49
citronellas.app,21.49
civiliser.app,21.49
civilisers.app,21.49
civilities.app,21.49
civility.app,unavailable
civilizer.app,21.49
civilizers.app,21.49
clairaudience.app,21.49
clamorousness.app,21.49
clandestineness.app,21.49
clapperclawer.app,21.49
clapperclawers.app,21.49
clarabella.app,21.49
clarabellas.app,21.49
clarifier.app,21.49
clarifiers.app,21.49
clarinetist.app,21.49
clarinetists.app,21.49
clarinettist.app,21.49
clarinettists.app,21.49
classicalness.app,21.49
classifier.app,unavailable
classifiers.app,21.49
claudication.app,21.49
claytonia.app,21.49
cleistogamy.app,21.49
clematises.app,21.49
clericalism.app,21.49
clericalist.app,21.49
clericalists.app,21.49
clianthuses.app,21.49
clientages.app,21.49
climacteric.app,21.49
clinometer.app,unavailable
clinometers.app,21.49
clinometry.app,21.49
clishmaclaver.app,21.49
clitorises.app,21.49
clonicity.app,21.49
clostridia.app,21.49
clostridium.app,21.49
clypeuses.app,21.49
cnidarian.app,21.49
coacervate.app,21.49
coacervates.app,21.49
coadjutant.app,21.49
coadjutants.app,21.49
coadjutor.app,21.49
coadjutors.app,21.49
coadjutress.app,21.49
coadjutrix.app,21.49
coagulant.app,21.49
coagulants.app,21.49
coagulase.app,21.49
coagulate.app,21.49
coagulates.app,21.49
coagulum.app,21.49
coagulums.app,21.49
coalescence.app,21.49
coalition.app,unavailable
coalitions.app,unavailable
coaptation.app,21.49
coarctation.app,21.49
coarctations.app,21.49
cockalorum.app,21.49
cockalorums.app,21.49
cockatrices.app,21.49
coconsciousness.app,21.49
codifier.app,21.49
codifiers.app,21.49
coeditor.app,21.49
coeditors.app,21.49
coefficient.app,unavailable
coefficients.app,21.49
coelenterate.app,21.49
coelenterates.app,21.49
coenesthesia.app,21.49
coenobitism.app,21.49
coercionist.app,21.49
coercionists.app,21.49
coerciveness.app,21.49
cogitation.app,21.49
cogitations.app,21.49
cogitator.app,21.49
cogitators.app,21.49
cognoscenti.app,21.49
cohabitant.app,21.49
cohabitants.app,21.49
coherences.app,21.49
coherencies.app,21.49
coherency.app,21.49
cohesiveness.app,21.49
coincidence.app,unavailable
colatitude.app,21.49
colatitudes.app,21.49
coldheartedness.app,21.49
colectomy.app,21.49
coleoptile.app,21.49
coleoptiles.app,21.49
coleuses.app,21.49
coliseum.app,unavailable
coliseums.app,21.49
collagenase.app,21.49
collateral.app,525.76
collaterals.app,21.49
collectedness.app,21.49
collectivism.app,21.49
collectivist.app,21.49
collectivists.app,21.49
collectorate.app,21.49
collectorates.app,21.49
collectorship.app,21.49
collectorships.app,21.49
collegian.app,21.49
collegium.app,21.49
collegiums.app,21.49
collembolan.app,21.49
collembolans.app,21.49
collenchyma.app,21.49
collieshangie.app,21.49
collieshangies.app,21.49
colligation.app,21.49
colligations.app,21.49
collimation.app,21.49
collimations.app,21.49
collimator.app,21.49
collimators.app,21.49
collocation.app,21.49
collocations.app,21.49
collocutor.app,21.49
collocutors.app,21.49
collodion.app,21.49
colloquium.app,unavailable
colloquiums.app,21.49
collyrium.app,21.49
collyriums.app,21.49
colobuses.app,21.49
cologarithm.app,21.49
cologarithms.app,21.49
coloniser.app,21.49
colonisers.app,21.49
colonitis.app,21.49
colonizer.app,21.49
colonizers.app,21.49
colophony.app,21.49
coloration.app,21.49
colorations.app,21.49
colostomies.app,21.49
colostomy.app,21.49
colotomies.app,21.49
colotomy.app,21.49
colportages.app,21.49
columbaries.app,21.49
columbary.app,21.49
columbium.app,21.49
columella.app,21.49
columellas.app,21.49
comatulid.app,21.49
comatulids.app,21.49
combativeness.app,21.49
combustible.app,21.49
combustibles.app,unavailable
comedian.app,171.29
comedians.app,184.46
comedienne.app,21.49
comediennes.app,21.49
comestible.app,21.49
comestibles.app,21.49
comeuppances.app,21.49
comfortlessness.app,21.49
comicalness.app,21.49
comitative.app,21.49
comitatives.app,21.49
comitia.app,21.49
commanderies.app,21.49
commandership.app,21.49
commanderships.app,21.49
commandery.app,21.49
commandoes.app,21.49
commendation.app,21.49
commendations.app,21.49
commensalism.app,21.49
commentaries.app,21.49
commentary.app,unavailable
commentator.app,unavailable
commentators.app,21.49
commercialism.app,21.49
commercialist.app,21.49
commercialists.app,21.49
commination.app,21.49
comminations.app,21.49
comminution.app,21.49
comminutions.app,21.49
commissaries.app,21.49
commissary.app,21.49
commissionaire.app,21.49
commissionaires.app,21.49
committeeman.app,21.49
committeeship.app,21.49
committeeships.app,21.49
commodities.app,329.41
commodity.app,unavailable
commonages.app,21.49
commonalties.app,21.49
commonalty.app,21.49
communalism.app,21.49
communalist.app,21.49
communalists.app,21.49
communicant.app,21.49
communicants.app,21.49
communique.app,1152.84
communiques.app,21.49
commutator.app,21.49
commutators.app,21.49
compactedness.app,21.49
companionship.app,unavailable
companionships.app,21.49
comparative.app,18.43
comparator.app,unavailable
comparators.app,unavailable
comparison.app,unavailable
comparisons.app,unavailable
compatriot.app,21.49
compatriots.app,21.49
compellation.app,21.49
compellations.app,21.49
compendium.app,unavailable
compendiums.app,21.49
compensation.app,unavailable
compensations.app,21.49
compensator.app,21.49
compensators.app,21.49
competences.app,21.49
competencies.app,21.49
competency.app,unavailable
competition.app,19764.13
competitions.app,unavailable
competitor.app,unavailable
competitors.app,unavailable
complacency.app,21.49
complanation.app,21.49
complanations.app,21.49
complexities.app,21.49
complexity.app,154.14
compliances.app,21.49
compliancies.app,21.49
compliancy.app,3953.9
complicacy.app,21.49
complicating.app,21.49
complication.app,21.49
complications.app,21.49
complicities.app,21.49
complicity.app,21.49
complimenter.app,21.49
complimenters.app,21.49
compluvium.app,21.49
compluviums.app,21.49
composedness.app,21.49
compositeness.app,21.49
compositor.app,unavailable
compositors.app,21.49
compotation.app,21.49
compotations.app,21.49
compotator.app,21.49
compotators.app,21.49
compradores.app,unavailable
comprehension.app,21.49
comprehensions.app,21.49
compromises.app,21.49
compulsiveness.app,21.49
compurgation.app,21.49
compurgations.app,21.49
compurgator.app,21.49
compurgators.app,21.49
computation.app,21.49
computations.app,21.49
comstockery.app,21.49
concavities.app,21.49
concavity.app,21.49
conceitedness.app,21.49
concentrator.app,21.49
concentrators.app,21.49
conceptacle.app,21.49
concernedness.app,21.49
concertante.app,21.49
concertantes.app,21.49
concertgoer.app,21.49
concertgoers.app,21.49
concertina.app,21.49
concertinas.app,21.49
concertino.app,unavailable
concertinos.app,21.49
concessionaire.app,21.49
concessionaires.app,21.49
conchiolin.app,21.49
conchologist.app,21.49
conchologists.app,21.49
conchology.app,unavailable
concierges.app,unavailable
concinnity.app,21.49
conclusiveness.app,21.49
concomitance.app,21.49
concomitant.app,21.49
concomitants.app,21.49
concordances.app,21.49
concrescences.app,21.49
concubinage.app,21.49
concupiscence.app,21.49
concurrences.app,21.49
condemnation.app,21.49
condemnations.app,21.49
condenseries.app,21.49
condensery.app,21.49
condescendence.app,21.49
condescension.app,21.49
condescensions.app,21.49
condisciple.app,21.49
condisciples.app,21.49
conditioner.app,18.43
conditioners.app,21.49
conditioning.app,21.49
conditionings.app,21.49
condolences.app,unavailable
condonation.app,21.49
condonations.app,21.49
condottiere.app,21.49
conductances.app,21.49
conductorship.app,21.49
conductorships.app,21.49
conductresses.app,21.49
condyloma.app,21.49
condylomas.app,21.49
confectioner.app,21.49
confectioners.app,21.49
conferences.app,unavailable
confessional.app,unavailable
confessionals.app,21.49
confidantes.app,21.49
confirmation.app,unavailable
confirmations.app,unavailable
confiscation.app,21.49
confiscations.app,21.49
confiscator.app,21.49
confiscators.app,21.49
conflagration.app,21.49
conflagrations.app,21.49
confluences.app,21.49
conformation.app,21.49
conformations.app,21.49
conformities.app,21.49
conformity.app,21.49
confrontation.app,unavailable
confrontations.app,21.49
confusedness.app,21.49
confutation.app,21.49
confutations.app,21.49
congelation.app,21.49
congelations.app,21.49
conglobation.app,21.49
conglobations.app,21.49
conglomerate.app,unavailable
conglomerates.app,21.49
congratulant.app,21.49
congratulants.app,21.49
congregating.app,21.49
congregation.app,unavailable
congregations.app,21.49
congruences.app,21.49
congruencies.app,21.49
congruency.app,21.49
congruities.app,21.49
congruity.app,unavailable
congruousness.app,21.49
conidium.app,21.49
conjecturer.app,21.49
conjugation.app,21.49
conjugations.app,21.49
conjunctiva.app,21.49
conjunctivas.app,21.49
conjuration.app,21.49
conjurations.app,21.49
conjurator.app,21.49
conjurators.app,21.49
connectionism.app,21.49
connoisseurship.app,21.49
connotation.app,21.49
connotations.app,21.49
conquistador.app,21.49
conquistadors.app,21.49
conscriptionist.app,21.49
consecration.app,21.49
consecrations.app,21.49
consecrator.app,21.49
consecrators.app,21.49
consecution.app,21.49
consecutions.app,21.49
consensuses.app,21.49
consequences.app,21.49
conservancies.app,21.49
conservancy.app,21.49
conservatoire.app,21.49
conservatoires.app,21.49
conservator.app,unavailable
conservatories.app,unavailable
conservators.app,unavailable
conservatory.app,18.43
considerance.app,21.49
consignation.app,21.49
consignations.app,21.49
consistences.app,21.49
consistencies.app,21.49
consistency.app,unavailable
consistories.app,21.49
consistory.app,21.49
consociate.app,21.49
consociates.app,21.49
consonances.app,21.49
consortium.app,unavailable
consortiums.app,21.49
conspectuses.app,21.49
conspiracies.app,21.49
conspiracy.app,unavailable
conspirator.app,21.49
conspirators.app,21.49
conspiratress.app,21.49
constableship.app,21.49
constableships.app,21.49
constatation.app,21.49
constatations.app,21.49
constellation.app,unavailable
constellations.app,unavailable
consternation.app,21.49
consternations.app,21.49
constipation.app,21.49
constituent.app,unavailable
constituents.app,unavailable
constitution.app,unavailable
constitutions.app,21.49
constitutor.app,21.49
constringencies.app,21.49
constringency.app,21.49
constructionism.app,21.49
constructionist.app,21.49
constructionists.app,21.49
constructiveness.app,21.49
consultation.app,unavailable
consultations.app,21.49
consumable.app,unavailable
consumables.app,unavailable
consumerism.app,unavailable
consummation.app,21.49
consummations.app,21.49
consummator.app,21.49
consummators.app,21.49
consumptiveness.app,21.49
contagiousness.app,21.49
contagium.app,21.49
contagiums.app,21.49
contaminant.app,21.49
contaminants.app,21.49
contemplation.app,21.49
contemplations.app,unavailable
contemplative.app,21.49
contemplator.app,21.49
contemplators.app,21.49
contentedness.app,21.49
contentiousness.app,21.49
contestation.app,21.49
contestations.app,21.49
continency.app,21.49
contingences.app,21.49
contingencies.app,21.49
contingency.app,unavailable
continuance.app,21.49
continuant.app,21.49
continuants.app,21.49
continuedness.app,21.49
continuer.app,21.49
continuers.app,21.49
continuo.app,unavailable
continuos.app,21.49
continuum.app,unavailable
continuums.app,21.49
contortionist.app,21.49
contortionists.app,21.49
contrabandism.app,21.49
contrabandist.app,21.49
contrabandists.app,21.49
contrabasses.app,21.49
contrabassoon.app,21.49
contrabassoons.app,21.49
contraception.app,unavailable
contraceptions.app,21.49
contraceptive.app,unavailable
contraceptives.app,unavailable
contractedness.app,21.49
contradiction.app,21.49
contradictions.app,21.49
contradictor.app,21.49
contradictors.app,21.49
contrapposto.app,21.49
contrappostos.app,21.49
contrapuntist.app,21.49
contrapuntists.app,21.49
contrariness.app,21.49
contravention.app,21.49
contraventions.app,21.49
contrayerva.app,21.49
contrayervas.app,21.49
contribution.app,8.33
contributions.app,21.49
contributor.app,unavailable
contributors.app,21.49
contrivances.app,21.49
controllership.app,21.49
controllerships.app,21.49
controversies.app,21.49
controversy.app,154.14
controvertist.app,21.49
controvertists.app,21.49
contumacies.app,21.49
contumacy.app,21.49
contumelies.app,21.49
contumely.app,21.49
conurbation.app,21.49
conurbations.app,21.49
convalescence.app,21.49
convalescent.app,21.49
convalescents.app,21.49
convenances.app,21.49
conveniences.app,21.49
conveniencies.app,21.49
conveniency.app,21.49
conventicle.app,21.49
conventicler.app,21.49
conventiclers.app,21.49
conventicles.app,21.49
conventional.app,1317.68
conventioneer.app,21.49
conventioneers.app,21.49
conventioner.app,21.49
conventioners.app,21.49
conventual.app,21.49
conventuals.app,21.49
convergences.app,unavailable
convergencies.app,21.49
convergency.app,21.49
conversancy.app,21.49
convertible.app,unavailable
convertibles.app,21.49
convertiplane.app,21.49
convertiplanes.app,21.49
convexities.app,21.49
convexity.app,unavailable
conveyancer.app,unavailable
conveyancers.app,21.49
conveyances.app,21.49
conveyancing.app,unavailable
convocation.app,unavailable
convocations.app,21.49
convolution.app,unavailable
convolutions.app,21.49
convolvulus.app,21.49
convulsiveness.app,21.49
cooperages.app,21.49
coordinate.app,unavailable
coordinates.app,unavailable
coparcener.app,21.49
coparceners.app,21.49
copartnership.app,21.49
copartnerships.app,21.49
copiousness.app,21.49
coprology.app,21.49
coprophagist.app,21.49
coprophagists.app,21.49
coprophagy.app,21.49
coprosterol.app,21.49
copulation.app,21.49
copulations.app,21.49
copulative.app,21.49
copulatives.app,21.49
copyholder.app,21.49
copyholders.app,21.49
copyreader.app,21.49
copyreaders.app,21.49
copywriter.app,unavailable
copywriters.app,unavailable
coquettishness.app,21.49
corantoes.app,21.49
corbicula.app,21.49
corbiculas.app,21.49
cordialities.app,21.49
cordiality.app,21.49
cordierite.app,21.49
cordillera.app,unavailable
cordilleras.app,21.49
cordwainery.app,21.49
coreopsis.app,21.49
coriander.app,unavailable
corianders.app,21.49
cornelian.app,21.49
cornelians.app,21.49
cornemuses.app,21.49
corollaries.app,21.49
corollary.app,21.49
coronagraph.app,21.49
coronagraphs.app,21.49
coronation.app,unavailable
coronations.app,21.49
coronograph.app,21.49
coronographs.app,21.49
corporalship.app,21.49
corporalships.app,21.49
corporateness.app,21.49
corporation.app,85.64
corporations.app,329.41
corporatism.app,21.49
corporator.app,21.49
corporators.app,21.49
correctitude.app,21.49
correctitudes.app,21.49
correlative.app,21.49
correlatives.app,21.49
correspondent.app,21.49
correspondents.app,21.49
corrigendum.app,21.49
corrivalry.app,21.49
corroborant.app,21.49
corroboree.app,21.49
corroborees.app,21.49
corrosiveness.app,21.49
corrugation.app,21.49
corrugations.app,21.49
corrugator.app,21.49
corrugators.app,21.49
corruptionist.app,21.49
corruptionists.app,21.49
coruscation.app,21.49
coruscations.app,21.49
coryphaeus.app,21.49
cosmetician.app,21.49
cosmeticians.app,21.49
cosmogonies.app,21.49
cosmogonist.app,21.49
cosmogonists.app,21.49
cosmogony.app,21.49
cosmographer.app,21.49
cosmographers.app,21.49
cosmography.app,21.49
cosmologies.app,21.49
cosmologist.app,21.49
cosmologists.app,21.49
cosmology.app,unavailable
cosmonautics.app,21.49
cosmopolis.app,21.49
cosmopolite.app,unavailable
cosmopolites.app,unavailable
cosmorama.app,21.49
cosmoramas.app,21.49
costermonger.app,21.49
costermongers.app,21.49
costumier.app,21.49
costumiers.app,21.49
cothurnuses.app,21.49
cotyledon.app,21.49
cotyledons.app,21.49
coulibiaca.app,21.49
coulometer.app,21.49
coulometers.app,21.49
councilwoman.app,21.49
counsellorship.app,21.49
counsellorships.app,21.49
counselorship.app,21.49
countenancer.app,21.49
countenancers.app,21.49
countenances.app,21.49
counteraction.app,21.49
counteractions.app,21.49
counterbalance.app,unavailable
countercharges.app,21.49
counterculture.app,unavailable
counterfeiter.app,21.49
counterfeiters.app,21.49
countermarches.app,21.49
counteroffer.app,21.49
counteroffers.app,21.49
counterpoises.app,21.49
countershading.app,21.49
countrywoman.app,21.49
courageousness.app,21.49
courteousness.app,21.49
cousinages.app,21.49
couturier.app,21.49
couturiers.app,21.49
covalencies.app,21.49
covalency.app,21.49
covariance.app,21.49
covenantee.app,21.49
covenantees.app,21.49
covenantor.app,21.49
covenantors.app,21.49
covetousness.app,21.49
cowardliness.app,21.49
coxalgia.app,21.49
coyotillo.app,21.49
coyotillos.app,21.49
cracovienne.app,21.49
cracoviennes.app,21.49
creatinine.app,21.49
creationism.app,21.49
creationist.app,21.49
creationists.app,21.49
creativeness.app,21.49
creatorship.app,21.49
creatorships.app,21.49
credibleness.app,21.49
credulities.app,21.49
credulity.app,21.49
credulousness.app,21.49
cremationist.app,21.49
cremationists.app,21.49
crematories.app,21.49
crematory.app,unavailable
crenelation.app,21.49
crenelations.app,21.49
crenellation.app,21.49
crenellations.app,21.49
crepitation.app,21.49
crepitations.app,21.49
crepituses.app,21.49
criminalist.app,21.49
criminalists.app,21.49
crimination.app,21.49
criminations.app,21.49
cristobalite.app,21.49
criterion.app,1574.65
criterions.app,21.49
criticalness.app,21.49
criticaster.app,21.49
criticasters.app,21.49
criticiser.app,21.49
criticisers.app,21.49
criticizer.app,21.49
criticizers.app,21.49
crocidolite.app,21.49
crucifier.app,21.49
crucifiers.app,21.49
crucifixes.app,21.49
cruzadoes.app,21.49
cryogenics.app,unavailable
cryometer.app,21.49
cryometers.app,21.49
cryoscopy.app,21.49
cryptanalyst.app,21.49
cryptanalysts.app,21.49
cryptogamist.app,21.49
cryptogamists.app,21.49
cryptogamy.app,21.49
cryptographer.app,21.49
cryptographers.app,21.49
cryptographist.app,21.49
cryptographists.app,21.49
cryptography.app,171.29
cryptologist.app,21.49
cryptologists.app,21.49
cryptology.app,21.49
cryptorchidism.app,21.49
ctenophoran.app,21.49
ctenophorans.app,21.49
cubicalness.app,21.49
cubituses.app,21.49
culmination.app,21.49
culminations.app,21.49
culpableness.app,21.49
cultivation.app,6588.48
cultivations.app,21.49
cultivator.app,unavailable
cultivators.app,21.49
cumbersomeness.app,21.49
cummingtonite.app,21.49
cumulation.app,21.49
cumulations.app,21.49
cuneiform.app,21.49
cunnilinctus.app,21.49
cunnilingus.app,21.49
cupellation.app,21.49
cupidity.app,unavailable
curableness.app,21.49
curatorship.app,21.49
curatorships.app,21.49
curatrixes.app,21.49
curculio.app,21.49
curculios.app,21.49
curettages.app,21.49
curiosa.app,unavailable
curiousness.app,21.49
cursoriness.app,21.49
curtilages.app,21.49
cuspidores.app,21.49
custodial.app,21.49
custodian.app,unavailable
custodians.app,21.49
customaries.app,21.49
customary.app,21.49
cuttlefishes.app,21.49
cyanamide.app,21.49
cyanamides.app,21.49
cyanogen.app,21.49
cyanosis.app,21.49
cyanotype.app,21.49
cyanotypes.app,21.49
cyathium.app,21.49
cyathiums.app,21.49
cyathuses.app,21.49
cybernetics.app,unavailable
cyclicity.app,21.49
cyclohexane.app,21.49
cyclometer.app,21.49
cyclometers.app,21.49
cyclopropane.app,21.49
cyclorama.app,21.49
cycloramas.app,21.49
cymatium.app,21.49
cymatiums.app,21.49
cymbaloes.app,21.49
cymotrichy.app,21.49
cynicalness.app,21.49
cystectomies.app,21.49
cystectomy.app,21.49
cysticercus.app,21.49
cystoscopy.app,21.49
cystostomy.app,21.49
cystotomies.app,21.49
cystotomy.app,21.49
cytologist.app,21.49
cytologists.app,21.49
cytology.app,unavailable
cytolysis.app,21.49
cytotoxin.app,21.49
cytotoxins.app,21.49
czarevitches.app,21.49
dactylogram.app,21.49
dactylograms.app,21.49
daffodillies.app,21.49
daffodilly.app,21.49
daguerreotype.app,21.49
daguerreotypes.app,21.49
dairywoman.app,21.49
dalliances.app,21.49
damaskeening.app,21.49
damnableness.app,21.49
dandelion.app,172.45
dandelions.app,21.49
dangerousness.app,21.49
dastardliness.app,21.49
daughterliness.app,21.49
dauphines.app,21.49
deaconesses.app,21.49
debarkation.app,21.49
debarkations.app,21.49
debasedness.app,21.49
debauchedness.app,21.49
debaucheries.app,21.49
debauchery.app,21.49
debility.app,21.49
debonairness.app,21.49
decadences.app,21.49
decahedron.app,21.49
decahedrons.app,21.49
decalescence.app,21.49
decantation.app,21.49
decantations.app,21.49
decarbonize.app,unavailable
deceitfulness.app,21.49
decemvirate.app,21.49
decemvirates.app,21.49
decennaries.app,21.49
decennary.app,21.49
decennial.app,21.49
decennium.app,21.49
decenniums.app,21.49
deceptiveness.app,21.49
decerebrate.app,21.49
decerebrates.app,21.49
decidua.app,21.49
deciduas.app,21.49
deciliter.app,21.49
deciliters.app,21.49
decilitre.app,21.49
decilitres.app,21.49
decimation.app,21.49
decimations.app,21.49
decimator.app,21.49
decimators.app,21.49
decimeter.app,21.49
decimeters.app,21.49
decimetre.app,21.49
decimetres.app,21.49
decipherer.app,21.49
decipherers.app,21.49
decipherment.app,21.49
decipherments.app,21.49
decisiveness.app,21.49
declamation.app,21.49
declamations.app,21.49
declarative.app,unavailable
declarator.app,21.49
declarators.app,21.49
declination.app,21.49
declinations.app,21.49
declinature.app,21.49
declinatures.app,21.49
declivities.app,21.49
declivity.app,21.49
decollation.app,21.49
decollations.app,21.49
decollator.app,21.49
decolorant.app,21.49
decolorants.app,21.49
decomposer.app,21.49
decomposers.app,21.49
decongestant.app,21.49
decongestants.app,21.49
decoration.app,329.41
decorations.app,658.84
decorator.app,unavailable
decorators.app,unavailable
decorousness.app,21.49
decrepitude.app,21.49
decrescendo.app,21.49
decrescendos.app,21.49
decubitus.app,21.49
decumbences.app,21.49
decumbencies.app,21.49
decumbency.app,21.49
decurion.app,21.49
decurions.app,21.49
decurrencies.app,21.49
decurrency.app,21.49
decussation.app,21.49
decussations.app,21.49
dedication.app,unavailable
dedications.app,21.49
dedicator.app,21.49
dedicators.app,21.49
deductible.app,unavailable
defalcation.app,21.49
defalcations.app,21.49
defalcator.app,21.49
defalcators.app,21.49
defamation.app,unavailable
defamations.app,21.49
defeasances.app,21.49
defecation.app,21.49
defecations.app,21.49
defectiveness.app,21.49
defencelessness.app,21.49
defenselessness.app,21.49
defensiveness.app,21.49
deferable.app,21.49
deferences.app,21.49
deferrable.app,21.49
defervescence.app,21.49
defiances.app,21.49
defiantness.app,21.49
deficiences.app,21.49
definiens.app,21.49
definiteness.app,21.49
definition.app,362.11
definitions.app,unavailable
definitive.app,1317.68
definitives.app,21.49
definitude.app,21.49
deflagration.app,21.49
deflagrations.app,21.49
deflationist.app,21.49
deflationists.app,21.49
defloration.app,21.49
deflorations.app,21.49
deflowerer.app,21.49
deflowerers.app,21.49
defoliant.app,21.49
defoliants.app,21.49
deformation.app,18.43
deformations.app,21.49
deformedness.app,21.49
deformities.app,21.49
deformity.app,21.49
defraudation.app,21.49
defraudations.app,21.49
degenerate.app,unavailable
degenerates.app,21.49
deglutition.app,21.49
deglutitions.app,21.49
degradation.app,18.43
degradations.app,21.49
degustation.app,21.49
degustations.app,21.49
dehiscences.app,21.49
dehortation.app,21.49
dehortations.app,21.49
dehortative.app,21.49
dehydration.app,21.49
dehydrations.app,21.49
dehydrator.app,21.49
dehydrators.app,21.49
deifier.app,21.49
deifiers.app,21.49
deipnosophist.app,21.49
deipnosophists.app,21.49
dejectedness.app,21.49
delectation.app,21.49
delectations.app,21.49
delegacies.app,21.49
delegacy.app,21.49
delegating.app,21.49
delegation.app,unavailable
delegations.app,21.49
delicacies.app,21.49
delicacy.app,21.49
delicateness.app,21.49
deliciousness.app,21.49
delightedness.app,21.49
delightfulness.app,21.49
delinquencies.app,21.49
delinquency.app,21.49
deliquescence.app,21.49
deliration.app,21.49
delirations.app,21.49
delitescence.app,21.49
deliverance.app,unavailable
deliverer.app,21.49
deliverers.app,21.49
delphinium.app,21.49
delphiniums.app,21.49
delusiveness.app,21.49
demagnetize.app,21.49
demagoguism.app,21.49
demagogy.app,21.49
demarcation.app,21.49
demarcations.app,21.49
dementedness.app,21.49
demitasses.app,21.49
demiurges.app,21.49
demivoltes.app,21.49
democracies.app,21.49
democracy.app,unavailable
demographer.app,21.49
demographers.app,21.49
demographic.app,21.49
demographics.app,unavailable
demography.app,21.49
demolisher.app,21.49
demolishers.app,21.49
demolishment.app,21.49
demolishments.app,21.49
demolition.app,8.33
demolitions.app,21.49
demoniac.app,21.49
demoniacs.app,21.49
demonstration.app,unavailable
demonstrations.app,21.49
demonstrative.app,21.49
demonstrator.app,unavailable
demonstrators.app,21.49
demurrages.app,21.49
denarius.app,unavailable
denaturant.app,21.49
denaturants.app,21.49
dendrologist.app,21.49
dendrologists.app,21.49
dendrology.app,21.49
denegation.app,21.49
denegations.app,21.49
denigration.app,21.49
denigrations.app,21.49
denigrator.app,21.49
denigrators.app,21.49
denitration.app,21.49
denitrations.app,21.49
denization.app,21.49
denizations.app,21.49
denizenship.app,21.49
denotation.app,21.49
denotations.app,21.49
densifier.app,21.49
densimeter.app,21.49
densimeters.app,21.49
densimetry.app,21.49
dentalium.app,21.49
dentaliums.app,21.49
dentifrices.app,21.49
dentilingual.app,21.49
denudation.app,21.49
denudations.app,21.49
deodorant.app,21.49
deodorants.app,21.49
dependences.app,21.49
dependencies.app,21.49
dependency.app,unavailable
depilation.app,21.49
depilations.app,21.49
depilator.app,21.49
depilators.app,21.49
deploration.app,21.49
deplorations.app,21.49
deplumation.app,21.49
deportation.app,21.49
deportations.app,21.49
depositor.app,21.49
depositors.app,21.49
depravation.app,21.49
depravations.app,21.49
depravities.app,21.49
depravity.app,21.49
deprecation.app,21.49
deprecations.app,21.49
deprecator.app,21.49
deprecators.app,21.49
depredation.app,21.49
depredations.app,21.49
depredator.app,21.49
depredators.app,21.49
deprivation.app,21.49
deprivations.app,21.49
depuration.app,21.49
depurations.app,21.49
depurative.app,21.49
depuratives.app,21.49
depurator.app,21.49
depurators.app,21.49
deputation.app,21.49
deputations.app,21.49
dereliction.app,21.49
derelictions.app,21.49
derisiveness.app,21.49
derivation.app,18.43
derivations.app,unavailable
derivative.app,unavailable
derivatives.app,unavailable
dermabrasion.app,21.49
dermatitis.app,21.49
dermatogen.app,21.49
dermatogens.app,21.49
dermatophyte.app,21.49
dermatophytes.app,21.49
dermatosis.app,21.49
derogation.app,21.49
derogations.app,21.49
descriptiveness.app,21.49
descriptivism.app,21.49
desecrater.app,21.49
desecraters.app,21.49
desecration.app,21.49
desecrations.app,21.49
desecrator.app,21.49
desecrators.app,21.49
deservedness.app,21.49
desiccation.app,21.49
desiccations.app,21.49
desiccator.app,21.49
desiccators.app,21.49
designation.app,unavailable
designations.app,21.49
designator.app,21.49
designators.app,21.49
desinences.app,21.49
desirable.app,unavailable
desirousness.app,21.49
desistances.app,21.49
desistences.app,21.49
desolateness.app,21.49
desolater.app,21.49
desolaters.app,21.49
desolation.app,21.49
desolations.app,21.49
desolator.app,21.49
desolators.app,21.49
desperado.app,21.49
desperados.app,21.49
desperateness.app,21.49
desperation.app,21.49
despitefulness.app,21.49
despondency.app,21.49
despumation.app,21.49
despumations.app,21.49
desquamation.app,21.49
dessertspoonful.app,21.49
dessertspoonfuls.app,21.49
destination.app,329.41
destinations.app,329.41
destitution.app,21.49
destructionist.app,21.49
destructionists.app,21.49
destructiveness.app,21.49
desuetude.app,21.49
desuetudes.app,21.49
detachedness.app,21.49
detergency.app,21.49
determinant.app,unavailable
determinants.app,18.43
determiner.app,18.43
determiners.app,21.49
determinism.app,21.49
determinist.app,21.49
determinists.app,21.49
deterrences.app,21.49
detestation.app,21.49
detestations.app,21.49
detonation.app,21.49
detonations.app,unavailable
detonator.app,21.49
detonators.app,21.49
detoxicant.app,21.49
detoxicants.app,21.49
detoxicate.app,21.49
detoxicates.app,21.49
detruncation.app,21.49
detruncations.app,21.49
detumescence.app,21.49
deuteranope.app,21.49
deuteranopes.app,21.49
deuterium.app,21.49
devastation.app,21.49
devastations.app,21.49
devastator.app,21.49
devastators.app,21.49
developer.app,unavailable
developers.app,1713.4
developing.app,525.76
development.app,unavailable
developments.app,unavailable
deviances.app,21.49
deviation.app,unavailable
deviations.app,21.49
deviator.app,21.49
deviators.app,21.49
devilishness.app,21.49
deviousness.app,21.49
devolution.app,unavailable
devolutions.app,unavailable
devotedness.app,21.49
devotional.app,unavailable
dexterities.app,21.49
dexterity.app,21.49
dexterousness.app,21.49
dextrality.app,21.49
diabases.app,21.49
diabetic.app,unavailable
diabetics.app,21.49
diablerie.app,21.49
diableries.app,21.49
diablery.app,21.49
diabolism.app,21.49
diabolisms.app,21.49
diabolist.app,21.49
diabolo.app,21.49
diacaustic.app,21.49
diachylon.app,21.49
diachylons.app,21.49
diaconate.app,21.49
diaconates.app,21.49
diacritic.app,21.49
diacritics.app,21.49
diaeresis.app,21.49
diagnosing.app,21.49
diagnosis.app,158.11
diagnostic.app,unavailable
diagnostics.app,unavailable
diagonal.app,unavailable
diagonals.app,21.49
dialectic.app,unavailable
dialectics.app,21.49
diallages.app,21.49
dialogist.app,21.49
dialogists.app,21.49
dialogite.app,21.49
dialyser.app,21.49
dialysers.app,21.49
dialysis.app,unavailable
dialyzer.app,21.49
dialyzers.app,21.49
diamagnet.app,21.49
diamagnets.app,21.49
diameter.app,unavailable
diameters.app,21.49
diamondback.app,21.49
diamorphine.app,21.49
dianetics.app,21.49
dianthuses.app,21.49
diapason.app,21.49
diapasons.app,21.49
diapauses.app,21.49
diapente.app,21.49
diapentes.app,21.49
diaphysis.app,21.49
diarrhea.app,21.49
diarrhoea.app,21.49
diarthrosis.app,21.49
diaspora.app,unavailable
diasporas.app,unavailable
diastasis.app,21.49
diastema.app,21.49
diastole.app,21.49
diastoles.app,21.49
diastrophism.app,21.49
diathermy.app,21.49
diathesis.app,21.49
diatomite.app,21.49
diatropism.app,21.49
diazoes.app,21.49
dibranchiate.app,21.49
dicasteries.app,21.49
dicastery.app,21.49
dichasium.app,21.49
dichogamies.app,21.49
dichogamy.app,21.49
dichotomies.app,21.49
dichotomist.app,21.49
dichotomists.app,21.49
dichotomy.app,21.49
dichromatism.app,21.49
dictatorship.app,21.49
dictatorships.app,21.49
dicynodont.app,21.49
dicynodonts.app,21.49
didacticism.app,21.49
didgeridoo.app,21.49
didgeridoos.app,21.49
didymium.app,21.49
dieresis.app,21.49
dietary.app,unavailable
dietetics.app,21.49
dietician.app,unavailable
dieticians.app,21.49
dietitian.app,6587.17
dietitians.app,21.49
differences.app,unavailable
difficulties.app,21.49
difficulty.app,21.49
diffusedness.app,21.49
diffusiveness.app,21.49
digitalin.app,21.49
digitation.app,21.49
digitations.app,21.49
digitigrade.app,21.49
dignitaries.app,21.49
dignitary.app,21.49
dilatancy.app,21.49
dilatation.app,21.49
dilatations.app,21.49
dilettante.app,21.49
dilettantes.app,21.49
dilettantism.app,21.49
diligences.app,21.49
diluvium.app,21.49
diluviums.app,21.49
diminution.app,21.49
diminutions.app,21.49
diminutive.app,21.49
diminutives.app,21.49
dinanderie.app,21.49
diocesan.app,unavailable
diocesans.app,21.49
dioceses.app,21.49
dioestruses.app,21.49
diorama.app,unavailable
dioramas.app,21.49
diorthosis.app,21.49
diosgenin.app,21.49
diphtheria.app,21.49
diplococcus.app,21.49
diplomacies.app,21.49
diplomacy.app,unavailable
diplomates.app,21.49
diplomatics.app,6581.89
diplomatist.app,unavailable
diplomatists.app,21.49
diplopia.app,21.49
diprotodont.app,21.49
diprotodonts.app,21.49
dipteroses.app,21.49
directorate.app,21.49
directorates.app,21.49
directorship.app,21.49
directorships.app,21.49
directresses.app,21.49
directrixes.app,21.49
dirigible.app,21.49
dirigibles.app,21.49
disaccharide.app,21.49
disaccharides.app,21.49
disadvantage.app,21.49
disaffection.app,21.49
disagreement.app,21.49
disagreements.app,21.49
disallowance.app,21.49
disannuller.app,21.49
disannullers.app,21.49
disannulment.app,21.49
disannulments.app,21.49
disappearance.app,21.49
disappointment.app,21.49
disappointments.app,21.49
disapproval.app,21.49
disapprovals.app,21.49
disarmament.app,21.49
disarrangement.app,21.49
disarrangements.app,21.49
disassembly.app,21.49
disavowal.app,21.49
disavowals.app,21.49
disbeliever.app,21.49
disbelievers.app,21.49
disceptation.app,21.49
disceptations.app,21.49
discipleship.app,unavailable
discipleships.app,21.49
disciplinant.app,21.49
disciplinants.app,21.49
discipliner.app,21.49
discipliners.app,21.49
disclamation.app,21.49
disclamations.app,21.49
discobolus.app,21.49
discographer.app,21.49
discographers.app,21.49
discographies.app,21.49
discography.app,unavailable
discomfiture.app,21.49
discomfitures.app,21.49
discomposure.app,21.49
disconcertion.app,21.49
disconcertions.app,21.49
disconcertment.app,21.49
disconcertments.app,21.49
disconnection.app,21.49
disconnections.app,21.49
discontentment.app,21.49
discontentments.app,21.49
discordances.app,21.49
discordancies.app,21.49
discordancy.app,21.49
discountenance.app,21.49
discouragement.app,21.49
discouragements.app,21.49
discourtesies.app,21.49
discourtesy.app,21.49
discoverer.app,21.49
discoverers.app,21.49
discoverture.app,21.49
discovertures.app,21.49
discrepancies.app,21.49
discrepancy.app,21.49
discriminant.app,21.49
discriminants.app,21.49
discursiveness.app,21.49
discutient.app,21.49
disdainfulness.app,21.49
diseasedness.app,21.49
disemboguement.app,21.49
disemboguements.app,21.49
disenchanter.app,21.49
disenchanters.app,21.49
disenchantment.app,21.49
disenchantments.app,21.49
disendowment.app,21.49
disengagement.app,21.49
disengagements.app,21.49
disenthrallment.app,21.49
disenthralment.app,21.49
disenthralments.app,21.49
disentrancement.app,21.49
disfavourer.app,21.49
disfavourers.app,21.49
disfigurement.app,21.49
disfigurements.app,21.49
disfranchisement.app,21.49
disfranchisements.app,21.49
disfurnishment.app,21.49
disgracefulness.app,21.49
disgregation.app,21.49
disgruntlement.app,21.49
disguisedness.app,21.49
disgustedness.app,21.49
disgustingness.app,21.49
disharmonies.app,21.49
disharmony.app,21.49
disherison.app,21.49
disheritor.app,21.49
disheritors.app,21.49
dishevelment.app,21.49
dishonesties.app,21.49
dishonesty.app,21.49
dishonorer.app,21.49
dishonorers.app,21.49
disillusion.app,21.49
disillusions.app,21.49
disincentive.app,21.49
disincentives.app,21.49
