abb.com,unavailable
abbs.com,unavailable
ace.com,unavailable
ache.com,unavailable
aches.com,unavailable
adz.com,171.29
adze.com,unavailable
aid.com,unavailable
aide.com,unavailable
aides.com,79.5
aids.com,unavailable
ail.com,unavailable
ails.com,unavailable
aim.com,unavailable
aims.com,unavailable
ain.com,unavailable
ain't.com,unavailable
airs.com,unavailable
airt.com,unavailable
airts.com,unavailable
aisle.com,unavailable
aisles.com,unavailable
ait.com,unavailable
aitch.com,unavailable
aits.com,unavailable
ake.com,unavailable
akes.com,unavailable
alb.com,unavailable
albs.com,unavailable
ale.com,unavailable
ales.com,525.76
alfa.com,unavailable
alfas.com,unavailable
alias.com,unavailable
all.com,unavailable
alms.com,unavailable
alp.com,unavailable
alps.com,unavailable
alt.com,unavailable
alts.com,3814.73
alum.com,unavailable
alums.com,unavailable
amp.com,unavailable
amps.com,176.29
and.com,unavailable
ands.com,2635.39
ane.com,unavailable
anes.com,unavailable
angst.com,unavailable
angsts.com,unavailable
ankh.com,unavailable
ankhs.com,unavailable
ant.com,unavailable
ants.com,unavailable
ape.com,unavailable
apes.com,unavailable
apse.com,18.43
arch.com,unavailable
arcs.com,unavailable
are.com,unavailable
aren't.com,unavailable
ares.com,unavailable
ark.com,unavailable
arks.com,unavailable
arm.com,unavailable
arms.com,unavailable
arts.com,unavailable
asp.com,unavailable
asps.com,unavailable
ate.com,unavailable
aught.com,unavailable
aughts.com,unavailable
auk.com,unavailable
auks.com,unavailable
aune.com,unavailable
aunes.com,3551.19
auto.com,unavailable
autos.com,unavailable
awe.com,unavailable
awes.com,unavailable
awl.com,unavailable
awls.com,unavailable
awn.com,unavailable
awns.com,unavailable
axe.com,unavailable
aye.com,unavailable
ayes.com,unavailable
ayre.com,unavailable
ayres.com,393.99
baas.com,unavailable
bade.com,unavailable
badge.com,unavailable
bael.com,unavailable
baels.com,5269.47
baff.com,unavailable
baffs.com,3419.42
bag.com,unavailable
bags.com,unavailable
baht.com,unavailable
bahts.com,unavailable
bail.com,unavailable
bails.com,6588.48
bairn.com,unavailable
bairns.com,unavailable
bait.com,unavailable
baits.com,unavailable
baize.com,18.43
bake.com,unavailable
bakes.com,unavailable
bale.com,unavailable
bales.com,unavailable
balk.com,unavailable
balks.com,138.47
ban.com,unavailable
banc.com,unavailable
bancs.com,unavailable
bane.com,unavailable
banes.com,unavailable
bang.com,unavailable
bangs.com,18.43
banns.com,unavailable
bans.com,unavailable
bant.com,unavailable
bants.com,unavailable
bap.com,unavailable
baps.com,unavailable
barb.com,unavailable
barbe.com,unavailable
barbes.com,unavailable
barbs.com,unavailable
barm.com,unavailable
barms.com,unavailable
barque.com,unavailable
barques.com,1975.23
barre.com,unavailable
barred.com,unavailable
barres.com,197.65
bash.com,unavailable
bast.com,unavailable
baste.com,unavailable
bastes.com,unavailable
basts.com,19764.13
bate.com,unavailable
bates.com,unavailable
bathe.com,unavailable
bathes.com,18.43
batt.com,unavailable
batts.com,unavailable
baud.com,unavailable
bauds.com,3946.5
baulk.com,237.17
baulks.com,unavailable
bawd.com,unavailable
bawds.com,5929.63
bawl.com,unavailable
bawls.com,unavailable
bead.com,unavailable
beads.com,164.7
beak.com,unavailable
beaks.com,unavailable
beaut.com,324.11
beauts.com,unavailable
beaux.com,unavailable
beech.com,unavailable
beep.com,unavailable
beeps.com,unavailable
beeves.com,unavailable
beg.com,unavailable
begs.com,unavailable
beige.com,unavailable
belch.com,unavailable
belt.com,unavailable
belts.com,unavailable
bends.com,unavailable
bene.com,unavailable
benes.com,5264.2
bent.com,unavailable
bents.com,unavailable
berk.com,unavailable
berks.com,unavailable
berm.com,unavailable
berms.com,unavailable
berth.com,unavailable
berths.com,18.43
bet.com,unavailable
bets.com,unavailable
bey.com,224.
beys.com,unavailable
bhang.com,unavailable
bice.com,unavailable
bid.com,unavailable
bids.com,unavailable
bield.com,5123.2
bields.com,3155.88
bier.com,unavailable
biers.com,unavailable
biff.com,358.17
biffs.com,unavailable
bigg.com,unavailable
biggs.com,unavailable
bight.com,unavailable
bights.com,645.59
bike.com,unavailable
bikes.com,unavailable
bile.com,unavailable
biles.com,unavailable
bilge.com,421.4
bilk.com,unavailable
bilks.com,unavailable
bin.com,685.19
bine.com,unavailable
bines.com,unavailable
binge.com,unavailable
bins.com,unavailable
biog.com,unavailable
biogs.com,unavailable
birch.com,unavailable
birk.com,unavailable
birks.com,unavailable
birl.com,2497.4
birls.com,65883.52
birr.com,unavailable
birrs.com,5123.2
birse.com,96.58
bise.com,18.43
bish.com,unavailable
bisque.com,unavailable
bisques.com,5929.63
bit.com,unavailable
bitch.com,unavailable
bite.com,unavailable
bites.com,unavailable
bits.com,unavailable
bitt.com,unavailable
bitts.com,unavailable
biz.com,unavailable
blab.com,unavailable
blabs.com,unavailable
blague.com,unavailable
blagues.com,unavailable
blah.com,unavailable
blahs.com,unavailable
blain.com,unavailable
blains.com,unavailable
blame.com,unavailable
blames.com,18.43
blare.com,unavailable
blares.com,unavailable
bleach.com,unavailable
bleak.com,unavailable
bleaks.com,5929.63
bleat.com,unavailable
bleats.com,18.43
bleb.com,unavailable
blebs.com,unavailable
bleed.com,unavailable
bleeds.com,unavailable
bleep.com,unavailable
bleeps.com,unavailable
blend.com,unavailable
blende.com,unavailable
blends.com,3689.55
blet.com,unavailable
blets.com,unavailable
blight.com,unavailable
blights.com,18.43
blimp.com,unavailable
blimps.com,unavailable
blink.com,unavailable
blinks.com,unavailable
blintz.com,unavailable
blintze.com,unavailable
blip.com,unavailable
blips.com,unavailable
bloat.com,unavailable
bloats.com,unavailable
blob.com,unavailable
blobs.com,18.43
bloc.com,3195.41
blocs.com,unavailable
bloke.com,unavailable
blokes.com,unavailable
blond.com,unavailable
blonde.com,unavailable
blondes.com,unavailable
blonds.com,unavailable
bloom.com,unavailable
blooms.com,unavailable
blot.com,unavailable
blotch.com,18.43
blots.com,unavailable
blouse.com,unavailable
bludge.com,324.11
blues.com,unavailable
bluet.com,unavailable
bluff.com,unavailable
bluffs.com,154.26
blur.com,unavailable
blurb.com,unavailable
blurbs.com,18.43
blurs.com,3419.42
blush.com,unavailable
boar.com,154.14
boars.com,unavailable
boart.com,unavailable
boarts.com,unavailable
boast.com,unavailable
boasts.com,unavailable
boat.com,unavailable
boats.com,unavailable
bobs.com,unavailable
boche.com,unavailable
bock.com,unavailable
bocks.com,unavailable
boff.com,unavailable
boffs.com,65883.52
bold.com,unavailable
bole.com,unavailable
boles.com,unavailable
bolt.com,unavailable
bolts.com,unavailable
bombe.com,unavailable
bombes.com,3195.41
bonce.com,unavailable
bong.com,unavailable
bongs.com,unavailable
bonne.com,16.54
bonze.com,unavailable
boo.com,unavailable
boob.com,85.64
boobs.com,unavailable
boom.com,unavailable
booms.com,unavailable
boon.com,unavailable
boons.com,unavailable
boor.com,18.43
boors.com,unavailable
boos.com,unavailable
boost.com,unavailable
boosts.com,unavailable
boot.com,unavailable
boots.com,unavailable
booze.com,unavailable
bor.com,unavailable
bord.com,421.4
bore.com,unavailable
bores.com,unavailable
bors.com,unavailable
borsch.com,unavailable
borscht.com,461.62
borschts.com,14.99
bort.com,unavailable
borts.com,unavailable
bosh.com,unavailable
bosk.com,unavailable
bosks.com,unavailable
botch.com,unavailable
bots.com,unavailable
bott.com,unavailable
botte.com,32935.83
botts.com,unavailable
bouche.com,unavailable
bough.com,18.43
boughs.com,unavailable
bouk.com,unavailable
bouks.com,3419.42
boule.com,unavailable
boules.com,3951.77
boulle.com,unavailable
boulles.com,5929.63
bounce.com,unavailable
bound.com,unavailable
bounds.com,unavailable
bourg.com,unavailable
bourgs.com,unavailable
bourn.com,unavailable
bourne.com,unavailable
bournes.com,unavailable
bourns.com,unavailable
bourse.com,unavailable
bout.com,9866.91
bouts.com,unavailable
bowls.com,unavailable
boy.com,unavailable
boys.com,unavailable
br'er.com,unavailable
bra.com,unavailable
brace.com,unavailable
brach.com,unavailable
bract.com,unavailable
bracts.com,18.43
brae.com,unavailable
braes.com,645.59
brag.com,unavailable
brags.com,unavailable
braid.com,unavailable
braids.com,unavailable
brail.com,112.42
brails.com,unavailable
bras.com,unavailable
brash.com,unavailable
brass.com,unavailable
brat.com,unavailable
brats.com,unavailable
brave.com,unavailable
braves.com,unavailable
brawl.com,unavailable
brawls.com,unavailable
brawn.com,unavailable
bray.com,unavailable
brays.com,unavailable
breadth.com,18.43
breadths.com,unavailable
breast.com,unavailable
breasts.com,unavailable
breath.com,134.52
breaths.com,18.43
brede.com,unavailable
bredes.com,1317.38
bree.com,unavailable
breed.com,unavailable
breeds.com,unavailable
brees.com,unavailable
breeze.com,unavailable
breve.com,unavailable
breves.com,unavailable
brew.com,unavailable
brews.com,unavailable
bribe.com,unavailable
bribes.com,unavailable
brief.com,unavailable
briefs.com,unavailable
brim.com,unavailable
brims.com,unavailable
brine.com,unavailable
brines.com,unavailable
brink.com,unavailable
brinks.com,unavailable
bro.com,unavailable
broach.com,unavailable
broch.com,unavailable
brochs.com,46118.7
brock.com,unavailable
brocks.com,unavailable
brogh.com,6588.48
broghs.com,unavailable
brogue.com,unavailable
brogues.com,unavailable
broil.com,unavailable
broils.com,5269.47
broo.com,unavailable
brooch.com,unavailable
brood.com,unavailable
broods.com,18.43
broom.com,unavailable
brooms.com,unavailable
broos.com,unavailable
bros.com,unavailable
brose.com,unavailable
broth.com,unavailable
broths.com,18.43
brough.com,unavailable
broughs.com,unavailable
brow.com,unavailable
brows.com,unavailable
browse.com,unavailable
bruise.com,18.43
bruit.com,unavailable
bruits.com,5929.63
brume.com,unavailable
brumes.com,658848.33
brunch.com,658.85
brunt.com,unavailable
brunts.com,66.9
brute.com,unavailable
brutes.com,unavailable
buff.com,unavailable
buffs.com,unavailable
bulb.com,unavailable
bulbs.com,unavailable
bum.com,unavailable
bumf.com,unavailable
bumfs.com,3937.28
bumph.com,unavailable
bumphs.com,14.99
bums.com,7231.52
bun.com,unavailable
bunch.com,unavailable
bung.com,unavailable
bungs.com,unavailable
bunk.com,unavailable
bunks.com,654.9
buns.com,unavailable
bunt.com,unavailable
bunts.com,unavailable
buoy.com,unavailable
buoys.com,unavailable
burd.com,575.63
burds.com,unavailable
burg.com,unavailable
burgh.com,unavailable
burghs.com,unavailable
burgs.com,unavailable
burk.com,unavailable
burks.com,unavailable
burn.com,unavailable
burns.com,unavailable
burp.com,unavailable
burps.com,18.43
burse.com,unavailable
burst.com,unavailable
bursts.com,unavailable
busk.com,unavailable
busks.com,unavailable
buss.com,unavailable
bust.com,unavailable
busts.com,18.43
but.com,unavailable
buts.com,unavailable
buzz.com,unavailable
bye.com,unavailable
byes.com,unavailable
byre.com,unavailable
byres.com,unavailable
byte.com,unavailable
bytes.com,unavailable
cache.com,unavailable
caches.com,13175.65
cadge.com,unavailable
caff.com,8622.96
caffs.com,7767.82
cairn.com,unavailable
cairns.com,unavailable
cake.com,unavailable
cakes.com,unavailable
calf.com,unavailable
calfs.com,2628.8
calif.com,unavailable
califs.com,unavailable
calk.com,unavailable
calks.com,3155.88
calm.com,unavailable
calms.com,unavailable
calque.com,3419.42
calques.com,unavailable
calves.com,154.14
calx.com,unavailable
came.com,unavailable
cames.com,unavailable
cangue.com,unavailable
cangues.com,unavailable
caps.com,922.37
cards.com,unavailable
cark.com,unavailable
carks.com,unavailable
carp.com,unavailable
carps.com,2892.34
carse.com,unavailable
cart.com,324.11
carts.com,unavailable
cask.com,unavailable
casks.com,unavailable
casque.com,unavailable
casques.com,unavailable
caste.com,644.9
castes.com,unavailable
cate.com,922.37
cates.com,unavailable
caul.com,18.43
cauld.com,11857.95
caulds.com,14.99
cauls.com,6587.17
cave.com,unavailable
caves.com,158.11
caw.com,unavailable
caws.com,18.43
cay.com,unavailable
cays.com,unavailable
cease.com,18.43
cent.com,unavailable
cento.com,unavailable
centos.com,unavailable
cents.com,unavailable
ceorl.com,6587.17
ceorls.com,14.99
cep.com,unavailable
ceps.com,unavailable
cere.com,unavailable
ceres.com,unavailable
cert.com,unavailable
certs.com,unavailable
cess.com,18.43
cete.com,unavailable
cetes.com,314.89
chafe.com,unavailable
chafes.com,unavailable
chaff.com,unavailable
chaffs.com,unavailable
chair.com,unavailable
chairs.com,unavailable
chaise.com,18.43
chalk.com,unavailable
chalks.com,unavailable
champ.com,unavailable
champs.com,unavailable
chance.com,unavailable
chant.com,unavailable
chants.com,unavailable
chap.com,3946.5
chape.com,unavailable
chapes.com,3419.42
chaps.com,unavailable
chard.com,unavailable
chards.com,unavailable
chark.com,395.31
charks.com,unavailable
charm.com,unavailable
charms.com,unavailable
charr.com,unavailable
charrs.com,unavailable
chart.com,unavailable
charts.com,unavailable
chasm.com,unavailable
chasms.com,unavailable
chat.com,unavailable
chats.com,unavailable
chaunt.com,unavailable
chaunts.com,645.59
chaw.com,unavailable
chaws.com,2892.34
chay.com,184.46
chays.com,unavailable
cheap.com,unavailable
cheat.com,unavailable
cheats.com,unavailable
check.com,unavailable
checks.com,unavailable
cheek.com,unavailable
cheeks.com,unavailable
cheep.com,18.43
cheeps.com,465.35
cheer.com,unavailable
cheers.com,unavailable
chef.com,unavailable
chefs.com,unavailable
cheque.com,unavailable
cheques.com,unavailable
chert.com,unavailable
chess.com,unavailable
chi.com,unavailable
chiao.com,unavailable
chiaus.com,unavailable
chic.com,unavailable
chield.com,unavailable
chields.com,14.99
chill.com,unavailable
chills.com,unavailable
chimb.com,6587.17
chimbs.com,unavailable
chime.com,unavailable
chimes.com,unavailable
chimp.com,644.9
chimps.com,18.43
chinch.com,3419.42
chine.com,unavailable
chines.com,unavailable
chintz.com,unavailable
chirm.com,unavailable
chirms.com,6588.48
chirp.com,unavailable
chirps.com,unavailable
chirr.com,unavailable
chirre.com,unavailable
chirres.com,14.99
chirrs.com,11793.39
chis.com,unavailable
chit.com,unavailable
chits.com,unavailable
chiv.com,unavailable
chive.com,unavailable
chives.com,unavailable
chivs.com,unavailable
chock.com,unavailable
chocks.com,unavailable
choice.com,unavailable
choir.com,unavailable
choirs.com,18.43
choke.com,unavailable
chokes.com,unavailable
chomp.com,unavailable
chomps.com,unavailable
chon.com,unavailable
chook.com,unavailable
chooks.com,3953.9
choom.com,unavailable
chooms.com,59296.35
chore.com,379.5
chores.com,unavailable
chose.com,unavailable
chott.com,unavailable
chotts.com,19765.45
chough.com,unavailable
choughs.com,unavailable
chouse.com,unavailable
chrism.com,unavailable
chrisms.com,1317.7
chub.com,unavailable
chubs.com,unavailable
chuff.com,unavailable
chuffs.com,unavailable
chug.com,unavailable
chugs.com,3551.19
chum.com,276.57
chump.com,unavailable
chumps.com,unavailable
chums.com,unavailable
chunk.com,unavailable
chunks.com,unavailable
churl.com,unavailable
churls.com,276.57
churn.com,unavailable
churns.com,18.43
churr.com,unavailable
churrs.com,unavailable
chute.com,18.43
chutes.com,unavailable
chyle.com,164.71
chyme.com,395.31
chypre.com,unavailable
chypres.com,unavailable
ciao.com,unavailable
ciaos.com,6581.89
cig.com,unavailable
cigs.com,unavailable
cinch.com,unavailable
cinque.com,unavailable
cinques.com,478.27
cirque.com,unavailable
cirques.com,unavailable
cist.com,4596.13
cists.com,32941.1
cit.com,unavailable
cits.com,171.29
clack.com,unavailable
clacks.com,1761.76
claim.com,unavailable
claims.com,unavailable
clam.com,unavailable
clamp.com,unavailable
clamps.com,unavailable
clams.com,65.87
clan.com,unavailable
clang.com,unavailable
clangs.com,unavailable
clank.com,unavailable
clanks.com,18.43
clans.com,unavailable
clap.com,unavailable
claps.com,18.43
claque.com,unavailable
claques.com,421.4
clash.com,unavailable
clasp.com,unavailable
clasps.com,unavailable
clause.com,171.29
clave.com,unavailable
claves.com,unavailable
clean.com,unavailable
cleans.com,unavailable
cleat.com,4341.81
cleats.com,unavailable
cleck.com,465.35
clecks.com,unavailable
cleek.com,unavailable
cleeks.com,unavailable
clef.com,unavailable
clefs.com,unavailable
cleg.com,5.66
clegs.com,461.62
clench.com,unavailable
clerk.com,unavailable
clerks.com,unavailable
clew.com,unavailable
clews.com,177.88
clift.com,unavailable
clifts.com,unavailable
climb.com,unavailable
climbs.com,unavailable
clime.com,18.43
climes.com,unavailable
clinch.com,unavailable
cline.com,unavailable
clines.com,unavailable
cling.com,unavailable
clings.com,unavailable
clink.com,unavailable
clinks.com,18.43
clip.com,unavailable
clips.com,unavailable
clique.com,unavailable
cliques.com,unavailable
cloak.com,unavailable
cloaks.com,unavailable
cloche.com,unavailable
cloches.com,unavailable
clock.com,unavailable
clocks.com,unavailable
clod.com,unavailable
clods.com,18.43
clog.com,unavailable
clogs.com,unavailable
cloke.com,unavailable
clokes.com,291.57
clomp.com,unavailable
clomps.com,3946.5
clone.com,unavailable
clones.com,unavailable
clonk.com,unavailable
clonks.com,6587.17
cloot.com,unavailable
cloots.com,unavailable
clop.com,unavailable
clops.com,1185.93
clot.com,unavailable
cloth.com,unavailable
clothes.com,unavailable
cloths.com,unavailable
clots.com,unavailable
clou.com,unavailable
clous.com,unavailable
clout.com,unavailable
clouts.com,1677.43
clove.com,unavailable
cloves.com,unavailable
clown.com,unavailable
clowns.com,unavailable
cluck.com,unavailable
clucks.com,unavailable
clue.com,unavailable
clues.com,unavailable
clump.com,unavailable
clumps.com,unavailable
clunk.com,unavailable
clunks.com,unavailable
clutch.com,unavailable
coach.com,unavailable
coax.com,unavailable
coif.com,unavailable
coifs.com,unavailable
coigne.com,unavailable
coignes.com,unavailable
coil.com,unavailable
coils.com,1316.38
coin.com,unavailable
coins.com,unavailable
coir.com,unavailable
coit.com,unavailable
coll.com,unavailable
combe.com,unavailable
combes.com,unavailable
comp.com,unavailable
comps.com,unavailable
compt.com,unavailable
conch.com,unavailable
conchs.com,unavailable
cone.com,unavailable
cones.com,unavailable
conk.com,unavailable
conks.com,5659.51
conte.com,unavailable
contes.com,unavailable
coo.com,329.41
coof.com,unavailable
coofs.com,unavailable
cool.com,unavailable
cools.com,unavailable
coolth.com,unavailable
coom.com,unavailable
coomb.com,unavailable
coombs.com,unavailable
cooms.com,unavailable
coon.com,85.64
coons.com,unavailable
coos.com,211.73
coot.com,unavailable
coots.com,unavailable
cop.com,unavailable
cope.com,777.43
copes.com,unavailable
cops.com,unavailable
copse.com,unavailable
cord.com,unavailable
cords.com,196.73
corf.com,unavailable
corm.com,unavailable
corms.com,unavailable
corpse.com,unavailable
corves.com,unavailable
cose.com,unavailable
cosh.com,unavailable
coss.com,unavailable
cote.com,unavailable
cotes.com,unavailable
coth.com,unavailable
coths.com,39383.32
couch.com,unavailable
coupe.com,unavailable
coupes.com,unavailable
course.com,unavailable
cove.com,unavailable
coves.com,unavailable
coz.com,unavailable
coze.com,unavailable
crabs.com,unavailable
crack.com,unavailable
cracks.com,unavailable
crake.com,unavailable
crakes.com,unavailable
cramp.com,unavailable
cramps.com,unavailable
cran.com,unavailable
crank.com,unavailable
cranks.com,3946.5
crans.com,3161.15
crap.com,unavailable
craps.com,unavailable
crare.com,unavailable
crares.com,19764.13
cratch.com,unavailable
crate.com,unavailable
crates.com,unavailable
craw.com,unavailable
crawl.com,154.14
crawls.com,unavailable
craws.com,5.66
cray.com,unavailable
crays.com,unavailable
craze.com,unavailable
creak.com,unavailable
creaks.com,18.43
crease.com,unavailable
creed.com,unavailable
creeds.com,unavailable
creep.com,unavailable
creeps.com,unavailable
creese.com,unavailable
creesh.com,57.25
creole.com,unavailable
creoles.com,18.43
cress.com,unavailable
crest.com,unavailable
crests.com,unavailable
crew.com,unavailable
crews.com,unavailable
crib.com,unavailable
cribs.com,unavailable
cries.com,922.37
crimp.com,unavailable
crimps.com,unavailable
crine.com,6587.17
crines.com,6588.48
cringe.com,unavailable
crisp.com,unavailable
crisps.com,2619.58
crit.com,unavailable
crits.com,18.43
croak.com,6572.67
croaks.com,18.43
crock.com,158.11
crocks.com,unavailable
croft.com,unavailable
crofts.com,unavailable
crone.com,28.11
crones.com,unavailable
crook.com,unavailable
crooks.com,2626.35
croon.com,unavailable
croons.com,unavailable
crore.com,unavailable
crores.com,unavailable
crosse.com,unavailable
crotch.com,unavailable
crouch.com,unavailable
croup.com,unavailable
croupe.com,unavailable
croupes.com,14.99
croups.com,unavailable
croze.com,unavailable
cru.com,unavailable
cruck.com,unavailable
crucks.com,2371.85
crud.com,unavailable
crude.com,32794.83
cruds.com,unavailable
crumb.com,158.11
crumbs.com,unavailable
crump.com,unavailable
crumps.com,unavailable
crunch.com,unavailable
cruse.com,18.43
crust.com,unavailable
crusts.com,18.43
crutch.com,18.43
crwth.com,unavailable
crwths.com,14.99
cry.com,unavailable
crypt.com,unavailable
crypts.com,unavailable
cube.com,unavailable
cubes.com,unavailable
cud.com,unavailable
cuds.com,unavailable
cue.com,unavailable
cues.com,131.77
cuff.com,unavailable
cuffs.com,unavailable
cuif.com,unavailable
cuifs.com,unavailable
cuisse.com,6587.17
culch.com,unavailable
cull.com,unavailable
culls.com,unavailable
cult.com,unavailable
cultch.com,5256.28
cults.com,341.2
cur.com,unavailable
curb.com,unavailable
curbs.com,unavailable
curch.com,unavailable
curd.com,3278.43
curds.com,unavailable
cure.com,unavailable
cures.com,unavailable
curl.com,unavailable
curls.com,unavailable
curn.com,unavailable
curns.com,unavailable
curs.com,unavailable
curse.com,unavailable
curve.com,368.94
curves.com,unavailable
cusk.com,3278.43
cusks.com,unavailable
cusp.com,unavailable
cusps.com,18.43
cuss.com,unavailable
cwm.com,unavailable
cwms.com,2466.73
cyme.com,unavailable
cymes.com,unavailable
cyst.com,26352.62
cysts.com,unavailable
czar.com,unavailable
czars.com,unavailable
dab.com,unavailable
dabs.com,unavailable
dace.com,unavailable
dad.com,unavailable
dads.com,unavailable
daff.com,unavailable
daffs.com,6588.48
dah.com,unavailable
dahs.com,unavailable
damn.com,unavailable
damned.com,unavailable
damns.com,unavailable
damp.com,unavailable
damps.com,unavailable
dance.com,unavailable
dap.com,unavailable
daps.com,unavailable
darg.com,3287.65
dargs.com,324.11
darn.com,unavailable
darns.com,85.64
dart.com,unavailable
darts.com,unavailable
dash.com,unavailable
date.com,unavailable
dates.com,unavailable
daub.com,unavailable
daube.com,unavailable
daubs.com,unavailable
daud.com,unavailable
dauds.com,6588.48
daw.com,unavailable
dawk.com,3146.66
dawks.com,32935.83
daws.com,unavailable
days.com,unavailable
daze.com,unavailable
deaf.com,unavailable
deal.com,unavailable
deals.com,unavailable
dearth.com,922.37
dearths.com,26353.93
deed.com,unavailable
deeds.com,unavailable
deer.com,unavailable
def.com,unavailable
deil.com,unavailable
deils.com,65737.25
deme.com,unavailable
demes.com,unavailable
dene.com,unavailable
denes.com,unavailable
dens.com,unavailable
dent.com,18.43
dents.com,unavailable
derv.com,unavailable
desk.com,unavailable
desks.com,unavailable
deuce.com,unavailable
dey.com,unavailable
deys.com,unavailable
dhak.com,5132.43
dhaks.com,unavailable
dhal.com,unavailable
dhals.com,6587.17
dhole.com,1969.96
dholes.com,421.4
dhow.com,unavailable
dhows.com,unavailable
dial.com,unavailable
dials.com,unavailable
dice.com,unavailable
dict.com,unavailable
die.com,unavailable
dies.com,18.43
dig.com,unavailable
digs.com,unavailable
dike.com,unavailable
dikes.com,unavailable
ding.com,unavailable
dinge.com,unavailable
dings.com,unavailable
dint.com,unavailable
dints.com,unavailable
dirge.com,unavailable
dish.com,unavailable
disk.com,unavailable
disks.com,1975.23
dit.com,unavailable
ditch.com,unavailable
dits.com,unavailable
div.com,unavailable
divs.com,unavailable
doc.com,unavailable
dock.com,unavailable
docks.com,unavailable
docs.com,unavailable
doek.com,unavailable
doeks.com,314.89
doge.com,unavailable
doh.com,unavailable
dohs.com,276.57
doit.com,unavailable
doits.com,3922.78
dole.com,unavailable
doles.com,unavailable
dolt.com,unavailable
dolts.com,16982.47
dome.com,unavailable
domes.com,unavailable
don't.com,unavailable
dong.com,unavailable
dongs.com,unavailable
dook.com,unavailable
dooks.com,unavailable
doom.com,unavailable
dooms.com,unavailable
door.com,unavailable
doors.com,unavailable
dop.com,unavailable
dope.com,unavailable
dopes.com,unavailable
dops.com,158.11
dor.com,unavailable
dorm.com,unavailable
dorms.com,unavailable
dorp.com,unavailable
dorps.com,unavailable
dors.com,unavailable
dorse.com,unavailable
dos.com,unavailable
dose.com,unavailable
doss.com,unavailable
doubt.com,unavailable
doubts.com,unavailable
douc.com,unavailable
douche.com,unavailable
douches.com,unavailable
doucs.com,unavailable
dough.com,unavailable
doughs.com,18.43
doup.com,unavailable
doups.com,1649.76
douse.com,unavailable
dowse.com,unavailable
doze.com,unavailable
drab.com,unavailable
drabs.com,18.43
drachm.com,3292.92
drachms.com,6713.66
draff.com,276.57
draffs.com,unavailable
drag.com,unavailable
drags.com,unavailable
drail.com,unavailable
drails.com,unavailable
drain.com,unavailable
drains.com,644.9
dram.com,unavailable
drams.com,unavailable
drape.com,unavailable
drapes.com,unavailable
draught.com,5782.5
draughts.com,unavailable
draw.com,unavailable
drawl.com,unavailable
drawls.com,3814.73
draws.com,unavailable
dray.com,unavailable
drays.com,324.11
dread.com,unavailable
dreads.com,18.43
dream.com,unavailable
dreams.com,unavailable
dreck.com,18.43
dredge.com,unavailable
dreg.com,unavailable
dregs.com,unavailable
drench.com,unavailable
drib.com,unavailable
dribs.com,18.43
drill.com,unavailable
drills.com,4596.13
drink.com,unavailable
drinks.com,unavailable
drip.com,unavailable
drips.com,unavailable
drive.com,unavailable
drives.com,unavailable
drogue.com,13.45
drogues.com,13175.65
drone.com,unavailable
drones.com,unavailable
droob.com,unavailable
droobs.com,65883.52
drool.com,349.18
drools.com,unavailable
droop.com,unavailable
droops.com,6581.89
dross.com,unavailable
drought.com,unavailable
droughts.com,18.43
drove.com,unavailable
droves.com,unavailable
drowse.com,unavailable
drub.com,unavailable
drubs.com,3292.92
drudge.com,unavailable
drunk.com,unavailable
drunks.com,unavailable
drupe.com,unavailable
drupes.com,3551.19
dryer.com,unavailable
dryers.com,unavailable
dub.com,unavailable
dubs.com,unavailable
duck.com,unavailable
ducks.com,unavailable
duct.com,13176.97
ducts.com,unavailable
dud.com,unavailable
dude.com,unavailable
dudes.com,unavailable
duds.com,unavailable
due.com,unavailable
dues.com,unavailable
dug.com,unavailable
dugs.com,39383.32
dulse.com,unavailable
dump.com,unavailable
dumps.com,unavailable
dunce.com,unavailable
dunch.com,unavailable
dune.com,unavailable
dunes.com,unavailable
dunk.com,unavailable
dunks.com,unavailable
dunt.com,unavailable
dunts.com,unavailable
dupe.com,unavailable
dupes.com,unavailable
dusk.com,unavailable
dusks.com,unavailable
dux.com,unavailable
dwale.com,unavailable
dwales.com,4941.36
dwalm.com,unavailable
dwalms.com,unavailable
dwell.com,unavailable
dwells.com,unavailable
