abb.io,unavailable
abbs.io,71.14
ace.io,unavailable
ache.io,unavailable
aches.io,unavailable
adz.io,unavailable
adze.io,unavailable
aid.io,unavailable
aide.io,1976.53
aides.io,unavailable
aids.io,unavailable
ail.io,unavailable
ails.io,71.14
aim.io,unavailable
aims.io,unavailable
ain.io,unavailable
ain't.io,unavailable
airs.io,3814.73
airt.io,71.14
airts.io,71.14
aisle.io,unavailable
aisles.io,unavailable
ait.io,unavailable
aitch.io,unavailable
aits.io,3419.42
ake.io,69.82
akes.io,71.14
alb.io,685.19
albs.io,71.14
ale.io,unavailable
ales.io,unavailable
alfa.io,unavailable
alfas.io,71.14
alias.io,unavailable
all.io,unavailable
alms.io,unavailable
alp.io,unavailable
alps.io,unavailable
alt.io,unavailable
alts.io,2174.19
alum.io,unavailable
alums.io,71.14
amp.io,unavailable
amps.io,unavailable
and.io,unavailable
ands.io,unavailable
ane.io,3426.
anes.io,unavailable
angst.io,unavailable
angsts.io,71.14
ankh.io,unavailable
ankhs.io,71.14
ant.io,unavailable
ants.io,922.37
ape.io,unavailable
apes.io,unavailable
apse.io,unavailable
arch.io,unavailable
arcs.io,922.37
are.io,unavailable
aren't.io,unavailable
ares.io,unavailable
ark.io,unavailable
arks.io,unavailable
arm.io,unavailable
arms.io,262.22
arts.io,unavailable
asp.io,unavailable
asps.io,71.14
ate.io,unavailable
aught.io,unavailable
aughts.io,71.14
auk.io,3426.
auks.io,unavailable
aune.io,unavailable
aunes.io,71.14
auto.io,1317.68
autos.io,unavailable
awe.io,unavailable
awes.io,unavailable
awl.io,15.4
awls.io,71.14
awn.io,5386.74
awns.io,71.14
axe.io,unavailable
aye.io,unavailable
ayes.io,unavailable
ayre.io,unavailable
ayres.io,unavailable
baas.io,unavailable
bade.io,unavailable
badge.io,unavailable
bael.io,unavailable
baels.io,71.14
baff.io,unavailable
baffs.io,71.14
bag.io,unavailable
bags.io,unavailable
baht.io,unavailable
bahts.io,71.14
bail.io,unavailable
bails.io,unavailable
bairn.io,71.14
bairns.io,71.14
bait.io,unavailable
baits.io,525.76
baize.io,unavailable
bake.io,1844.76
bakes.io,unavailable
bale.io,unavailable
bales.io,unavailable
balk.io,1383.57
balks.io,71.14
ban.io,unavailable
banc.io,unavailable
bancs.io,71.14
bane.io,525.76
banes.io,71.14
bang.io,9223.86
bangs.io,unavailable
banns.io,71.14
bans.io,unavailable
bant.io,unavailable
bants.io,unavailable
bap.io,3426.
baps.io,3292.92
barb.io,unavailable
barbe.io,unavailable
barbes.io,unavailable
barbs.io,unavailable
barm.io,71.14
barms.io,71.14
barque.io,71.14
barques.io,71.14
barre.io,unavailable
barred.io,unavailable
barres.io,71.14
bash.io,unavailable
bast.io,unavailable
baste.io,unavailable
bastes.io,71.14
basts.io,71.14
bate.io,unavailable
bates.io,unavailable
bathe.io,3951.77
bathes.io,71.14
batt.io,unavailable
batts.io,unavailable
baud.io,unavailable
bauds.io,71.14
baulk.io,71.14
baulks.io,71.14
bawd.io,71.14
bawds.io,71.14
bawl.io,unavailable
bawls.io,71.14
bead.io,unavailable
beads.io,unavailable
beak.io,5.66
beaks.io,unavailable
beaut.io,324.11
beauts.io,71.14
beaux.io,unavailable
beech.io,unavailable
beep.io,unavailable
beeps.io,unavailable
beeves.io,71.14
beg.io,unavailable
begs.io,unavailable
beige.io,1316.38
belch.io,unavailable
belt.io,unavailable
belts.io,16471.21
bends.io,71.14
bene.io,unavailable
benes.io,unavailable
bent.io,unavailable
bents.io,71.14
berk.io,unavailable
berks.io,71.14
berm.io,71.14
berms.io,71.14
berth.io,unavailable
berths.io,unavailable
bet.io,unavailable
bets.io,unavailable
bey.io,unavailable
beys.io,71.14
bhang.io,unavailable
bice.io,unavailable
bid.io,unavailable
bids.io,unavailable
bield.io,71.14
bields.io,71.14
bier.io,unavailable
biers.io,71.14
biff.io,362.11
biffs.io,71.14
bigg.io,6587.17
biggs.io,unavailable
bight.io,unavailable
bights.io,71.14
bike.io,unavailable
bikes.io,unavailable
bile.io,3292.92
biles.io,71.14
bilge.io,unavailable
bilk.io,71.14
bilks.io,71.14
bin.io,unavailable
bine.io,unavailable
bines.io,71.14
binge.io,unavailable
bins.io,unavailable
biog.io,71.14
biogs.io,71.14
birch.io,368.94
birk.io,unavailable
birks.io,unavailable
birl.io,unavailable
birls.io,71.14
birr.io,71.14
birrs.io,71.14
birse.io,71.14
bise.io,unavailable
bish.io,unavailable
bisque.io,unavailable
bisques.io,71.14
bit.io,unavailable
bitch.io,unavailable
bite.io,unavailable
bites.io,unavailable
bits.io,unavailable
bitt.io,unavailable
bitts.io,2356.4
biz.io,unavailable
blab.io,unavailable
blabs.io,unavailable
blague.io,71.14
blagues.io,unavailable
blah.io,224.
blahs.io,71.14
blain.io,unavailable
blains.io,71.14
blame.io,5269.47
blames.io,71.14
blare.io,unavailable
blares.io,71.14
bleach.io,unavailable
bleak.io,unavailable
bleaks.io,71.14
bleat.io,unavailable
bleats.io,unavailable
bleb.io,71.14
blebs.io,71.14
bleed.io,unavailable
bleeds.io,71.14
bleep.io,639.13
bleeps.io,71.14
blend.io,unavailable
blende.io,unavailable
blends.io,461.18
blet.io,71.14
blets.io,71.14
blight.io,unavailable
blights.io,71.14
blimp.io,unavailable
blimps.io,71.14
blink.io,unavailable
blinks.io,unavailable
blintz.io,unavailable
blintze.io,71.14
blip.io,unavailable
blips.io,unavailable
bloat.io,unavailable
bloats.io,71.14
blob.io,unavailable
blobs.io,unavailable
bloc.io,unavailable
blocs.io,unavailable
bloke.io,unavailable
blokes.io,71.14
blond.io,221.16
blonde.io,922.37
blondes.io,224.
blonds.io,71.14
bloom.io,unavailable
blooms.io,1311.11
blot.io,unavailable
blotch.io,unavailable
blots.io,71.14
blouse.io,23718.54
bludge.io,71.14
blues.io,unavailable
bluet.io,71.14
bluff.io,525.76
bluffs.io,71.14
blur.io,unavailable
blurb.io,unavailable
blurbs.io,unavailable
blurs.io,71.14
blush.io,5269.47
boar.io,unavailable
boars.io,71.14
boart.io,71.14
boarts.io,71.14
boast.io,unavailable
boasts.io,71.14
boat.io,unavailable
boats.io,unavailable
bobs.io,164.7
boche.io,71.14
bock.io,unavailable
bocks.io,71.14
boff.io,unavailable
boffs.io,71.14
bold.io,unavailable
bole.io,unavailable
boles.io,unavailable
bolt.io,unavailable
bolts.io,unavailable
bombe.io,71.14
bombes.io,71.14
bonce.io,71.14
bong.io,unavailable
bongs.io,218.51
bonne.io,unavailable
bonze.io,71.14
boo.io,unavailable
boob.io,unavailable
boobs.io,131.88
boom.io,unavailable
booms.io,unavailable
boon.io,unavailable
boons.io,unavailable
boor.io,unavailable
boors.io,71.14
boos.io,unavailable
boost.io,unavailable
boosts.io,unavailable
boot.io,unavailable
boots.io,unavailable
booze.io,unavailable
bor.io,unavailable
bord.io,unavailable
bore.io,1.99
bores.io,71.14
bors.io,unavailable
borsch.io,unavailable
borscht.io,71.14
borschts.io,71.14
bort.io,unavailable
borts.io,71.14
bosh.io,unavailable
bosk.io,525.76
bosks.io,71.14
botch.io,unavailable
bots.io,5123.2
bott.io,unavailable
botte.io,71.14
botts.io,unavailable
bouche.io,71.14
bough.io,71.14
boughs.io,71.14
bouk.io,71.14
bouks.io,71.14
boule.io,71.14
boules.io,71.14
boulle.io,71.14
boulles.io,71.14
bounce.io,unavailable
bound.io,unavailable
bounds.io,18.43
bourg.io,71.14
bourgs.io,71.14
bourn.io,unavailable
bourne.io,unavailable
bournes.io,71.14
bourns.io,71.14
bourse.io,575.63
bout.io,3689.54
bouts.io,unavailable
bowls.io,unavailable
boy.io,unavailable
boys.io,unavailable
br'er.io,unavailable
bra.io,unavailable
brace.io,unavailable
brach.io,unavailable
bract.io,71.14
bracts.io,71.14
brae.io,unavailable
braes.io,71.14
brag.io,unavailable
brags.io,71.14
braid.io,224.
braids.io,unavailable
brail.io,71.14
brails.io,71.14
bras.io,unavailable
brash.io,unavailable
brass.io,unavailable
brat.io,1514.3
brats.io,71.14
brave.io,unavailable
braves.io,922.37
brawl.io,unavailable
brawls.io,unavailable
brawn.io,unavailable
bray.io,unavailable
brays.io,71.14
breadth.io,unavailable
breadths.io,71.14
breast.io,33.6
breasts.io,unavailable
breath.io,368.94
breaths.io,71.14
brede.io,71.14
bredes.io,71.14
bree.io,unavailable
breed.io,46119.38
breeds.io,71.14
brees.io,71.14
breeze.io,unavailable
breve.io,unavailable
breves.io,71.14
brew.io,unavailable
brews.io,unavailable
bribe.io,unavailable
bribes.io,71.14
brief.io,unavailable
briefs.io,unavailable
brim.io,unavailable
brims.io,71.14
brine.io,unavailable
brines.io,71.14
brink.io,4282.5
brinks.io,unavailable
bro.io,unavailable
broach.io,unavailable
broch.io,unavailable
brochs.io,71.14
brock.io,unavailable
brocks.io,71.14
brogh.io,71.14
broghs.io,71.14
brogue.io,71.14
brogues.io,71.14
broil.io,unavailable
broils.io,71.14
broo.io,unavailable
brooch.io,2569.51
brood.io,unavailable
broods.io,71.14
broom.io,1713.1
brooms.io,71.14
broos.io,71.14
bros.io,unavailable
brose.io,unavailable
broth.io,65.87
broths.io,71.14
brough.io,unavailable
broughs.io,71.14
brow.io,164.52
brows.io,unavailable
browse.io,unavailable
bruise.io,18.43
bruit.io,unavailable
bruits.io,71.14
brume.io,unavailable
brumes.io,71.14
brunch.io,unavailable
brunt.io,unavailable
brunts.io,71.14
brute.io,unavailable
brutes.io,unavailable
buff.io,unavailable
buffs.io,unavailable
bulb.io,unavailable
bulbs.io,unavailable
bum.io,unavailable
bumf.io,unavailable
bumfs.io,71.14
bumph.io,71.14
bumphs.io,71.14
bums.io,7231.52
bun.io,unavailable
bunch.io,unavailable
bung.io,4596.13
bungs.io,71.14
bunk.io,unavailable
bunks.io,unavailable
buns.io,unavailable
bunt.io,6587.17
bunts.io,unavailable
buoy.io,unavailable
buoys.io,unavailable
burd.io,unavailable
burds.io,71.14
burg.io,96.58
burgh.io,unavailable
burghs.io,71.14
burgs.io,71.14
burk.io,unavailable
burks.io,unavailable
burn.io,unavailable
burns.io,unavailable
burp.io,unavailable
burps.io,71.14
burse.io,3155.88
burst.io,unavailable
bursts.io,71.14
busk.io,unavailable
busks.io,71.14
buss.io,unavailable
bust.io,69.82
busts.io,unavailable
but.io,unavailable
buts.io,4859.67
buzz.io,unavailable
bye.io,unavailable
byes.io,3155.88
byre.io,71.14
byres.io,71.14
byte.io,unavailable
bytes.io,unavailable
cache.io,1233.74
caches.io,71.14
cadge.io,71.14
caff.io,unavailable
caffs.io,71.14
cairn.io,4596.13
cairns.io,unavailable
cake.io,unavailable
cakes.io,32941.1
calf.io,3292.92
calfs.io,71.14
calif.io,154.14
califs.io,71.14
calk.io,unavailable
calks.io,71.14
calm.io,unavailable
calms.io,71.14
calque.io,unavailable
calques.io,71.14
calves.io,71.14
calx.io,unavailable
came.io,unavailable
cames.io,unavailable
cangue.io,71.14
cangues.io,71.14
caps.io,unavailable
cards.io,unavailable
cark.io,unavailable
carks.io,71.14
carp.io,unavailable
carps.io,71.14
carse.io,71.14
cart.io,unavailable
carts.io,unavailable
cask.io,unavailable
casks.io,unavailable
casque.io,71.14
casques.io,71.14
caste.io,unavailable
castes.io,71.14
cate.io,69.82
cates.io,unavailable
caul.io,unavailable
cauld.io,71.14
caulds.io,71.14
cauls.io,71.14
cave.io,unavailable
caves.io,unavailable
caw.io,171.29
caws.io,unavailable
cay.io,unavailable
cays.io,71.14
cease.io,unavailable
cent.io,unavailable
cento.io,unavailable
centos.io,3946.5
cents.io,unavailable
ceorl.io,71.14
ceorls.io,71.14
cep.io,unavailable
ceps.io,unavailable
cere.io,unavailable
ceres.io,unavailable
cert.io,unavailable
certs.io,unavailable
cess.io,184.46
cete.io,unavailable
cetes.io,71.14
chafe.io,71.14
chafes.io,71.14
chaff.io,unavailable
chaffs.io,71.14
chair.io,unavailable
chairs.io,unavailable
chaise.io,unavailable
chalk.io,unavailable
chalks.io,unavailable
champ.io,unavailable
champs.io,unavailable
chance.io,unavailable
chant.io,8565.2
chants.io,unavailable
chap.io,unavailable
chape.io,71.14
chapes.io,71.14
chaps.io,unavailable
chard.io,unavailable
chards.io,71.14
chark.io,unavailable
charks.io,71.14
charm.io,unavailable
charms.io,unavailable
charr.io,71.14
charrs.io,71.14
chart.io,unavailable
charts.io,unavailable
chasm.io,unavailable
chasms.io,71.14
chat.io,unavailable
chats.io,unavailable
chaunt.io,71.14
chaunts.io,71.14
chaw.io,71.14
chaws.io,unavailable
chay.io,unavailable
chays.io,71.14
cheap.io,unavailable
cheat.io,unavailable
cheats.io,187.35
check.io,unavailable
checks.io,218.51
cheek.io,unavailable
cheeks.io,unavailable
cheep.io,unavailable
cheeps.io,71.14
cheer.io,unavailable
cheers.io,unavailable
chef.io,unavailable
chefs.io,unavailable
cheque.io,15.4
cheques.io,2619.58
chert.io,71.14
chess.io,unavailable
chi.io,unavailable
chiao.io,71.14
chiaus.io,71.14
chic.io,unavailable
chield.io,71.14
chields.io,71.14
chill.io,unavailable
chills.io,unavailable
chimb.io,71.14
chimbs.io,71.14
chime.io,unavailable
chimes.io,3953.9
chimp.io,unavailable
chimps.io,unavailable
chinch.io,71.14
chine.io,71.14
chines.io,71.14
chintz.io,71.14
chirm.io,71.14
chirms.io,71.14
chirp.io,unavailable
chirps.io,unavailable
chirr.io,unavailable
chirre.io,71.14
chirres.io,71.14
chirrs.io,71.14
chis.io,184.46
chit.io,unavailable
chits.io,71.14
chiv.io,unavailable
chive.io,1343.88
chives.io,unavailable
chivs.io,71.14
chock.io,unavailable
chocks.io,71.14
choice.io,unavailable
choir.io,unavailable
choirs.io,71.14
choke.io,69.82
chokes.io,71.14
chomp.io,922.37
chomps.io,71.14
chon.io,unavailable
chook.io,71.14
chooks.io,71.14
choom.io,71.14
chooms.io,71.14
chore.io,unavailable
chores.io,unavailable
chose.io,unavailable
chott.io,unavailable
chotts.io,71.14
chough.io,71.14
choughs.io,71.14
chouse.io,71.14
chrism.io,unavailable
chrisms.io,71.14
chub.io,unavailable
chubs.io,71.14
chuff.io,71.14
chuffs.io,71.14
chug.io,unavailable
chugs.io,71.14
chum.io,unavailable
chump.io,unavailable
chumps.io,unavailable
chums.io,unavailable
chunk.io,unavailable
chunks.io,unavailable
churl.io,71.14
churls.io,71.14
churn.io,unavailable
churns.io,71.14
churr.io,71.14
churrs.io,71.14
chute.io,unavailable
chutes.io,71.14
chyle.io,71.14
chyme.io,unavailable
chypre.io,71.14
chypres.io,71.14
ciao.io,unavailable
ciaos.io,71.14
cig.io,3426.
cigs.io,224.
cinch.io,unavailable
cinque.io,unavailable
cinques.io,71.14
cirque.io,355.76
cirques.io,71.14
cist.io,71.14
cists.io,71.14
cit.io,unavailable
cits.io,unavailable
clack.io,unavailable
clacks.io,71.14
claim.io,unavailable
claims.io,unavailable
clam.io,unavailable
clamp.io,unavailable
clamps.io,71.14
clams.io,unavailable
clan.io,unavailable
clang.io,unavailable
clangs.io,71.14
clank.io,154.14
clanks.io,71.14
clans.io,unavailable
clap.io,unavailable
claps.io,unavailable
claque.io,71.14
claques.io,71.14
clash.io,unavailable
clasp.io,unavailable
clasps.io,71.14
clause.io,unavailable
clave.io,unavailable
claves.io,71.14
clean.io,unavailable
cleans.io,71.14
cleat.io,unavailable
cleats.io,71.14
cleck.io,71.14
clecks.io,71.14
cleek.io,unavailable
cleeks.io,71.14
clef.io,unavailable
clefs.io,unavailable
cleg.io,71.14
clegs.io,71.14
clench.io,unavailable
clerk.io,unavailable
clerks.io,unavailable
clew.io,unavailable
clews.io,unavailable
clift.io,unavailable
clifts.io,71.14
climb.io,922.37
climbs.io,unavailable
clime.io,unavailable
climes.io,71.14
clinch.io,unavailable
cline.io,unavailable
clines.io,71.14
cling.io,13175.65
clings.io,unavailable
clink.io,unavailable
clinks.io,71.14
clip.io,unavailable
clips.io,unavailable
clique.io,unavailable
cliques.io,unavailable
cloak.io,unavailable
cloaks.io,unavailable
cloche.io,unavailable
cloches.io,71.14
clock.io,unavailable
clocks.io,69.82
clod.io,unavailable
clods.io,71.14
clog.io,unavailable
clogs.io,13175.65
cloke.io,71.14
clokes.io,71.14
clomp.io,71.14
clomps.io,71.14
clone.io,2174.19
clones.io,unavailable
clonk.io,71.14
clonks.io,71.14
cloot.io,71.14
cloots.io,71.14
clop.io,1185.93
clops.io,unavailable
clot.io,19765.45
cloth.io,unavailable
clothes.io,unavailable
cloths.io,395.31
clots.io,71.14
clou.io,unavailable
clous.io,unavailable
clout.io,unavailable
clouts.io,71.14
clove.io,39372.78
cloves.io,71.14
clown.io,unavailable
clowns.io,154.14
cluck.io,unavailable
clucks.io,71.14
clue.io,unavailable
clues.io,6581.89
clump.io,unavailable
clumps.io,71.14
clunk.io,unavailable
clunks.io,71.14
clutch.io,unavailable
coach.io,unavailable
coax.io,unavailable
coif.io,71.14
coifs.io,71.14
coigne.io,71.14
coignes.io,71.14
coil.io,unavailable
coils.io,unavailable
coin.io,unavailable
coins.io,unavailable
coir.io,unavailable
coit.io,71.14
coll.io,324.11
combe.io,unavailable
combes.io,71.14
comp.io,unavailable
comps.io,unavailable
compt.io,unavailable
conch.io,unavailable
conchs.io,71.14
cone.io,unavailable
cones.io,unavailable
conk.io,unavailable
conks.io,71.14
conte.io,unavailable
contes.io,71.14
coo.io,unavailable
coof.io,unavailable
coofs.io,71.14
cool.io,unavailable
cools.io,unavailable
coolth.io,71.14
coom.io,unavailable
coomb.io,71.14
coombs.io,unavailable
cooms.io,71.14
coon.io,355.76
coons.io,71.14
coos.io,unavailable
coot.io,unavailable
coots.io,71.14
cop.io,unavailable
cope.io,69.82
copes.io,71.14
cops.io,69.82
copse.io,71.14
cord.io,unavailable
cords.io,unavailable
corf.io,71.14
corm.io,unavailable
corms.io,71.14
corpse.io,unavailable
corves.io,71.14
cose.io,18.43
cosh.io,unavailable
coss.io,unavailable
cote.io,unavailable
cotes.io,unavailable
coth.io,unavailable
coths.io,71.14
couch.io,unavailable
coupe.io,164.7
coupes.io,71.14
course.io,32942.42
cove.io,unavailable
coves.io,unavailable
coz.io,unavailable
coze.io,unavailable
crabs.io,224.
crack.io,unavailable
cracks.io,unavailable
crake.io,unavailable
crakes.io,71.14
cramp.io,unavailable
cramps.io,71.14
cran.io,3161.15
crank.io,unavailable
cranks.io,unavailable
crans.io,71.14
crap.io,1844.76
craps.io,1442.88
crare.io,71.14
crares.io,71.14
cratch.io,71.14
crate.io,unavailable
crates.io,unavailable
craw.io,unavailable
crawl.io,unavailable
crawls.io,unavailable
craws.io,71.14
cray.io,unavailable
crays.io,71.14
craze.io,2935.56
creak.io,71.14
creaks.io,71.14
crease.io,unavailable
creed.io,unavailable
creeds.io,71.14
creep.io,unavailable
creeps.io,71.14
creese.io,71.14
creesh.io,71.14
creole.io,unavailable
creoles.io,71.14
cress.io,unavailable
crest.io,unavailable
crests.io,unavailable
crew.io,unavailable
crews.io,unavailable
crib.io,unavailable
cribs.io,unavailable
cries.io,unavailable
crimp.io,unavailable
crimps.io,71.14
crine.io,71.14
crines.io,71.14
cringe.io,131763.8
crisp.io,unavailable
crisps.io,71.14
crit.io,unavailable
crits.io,unavailable
croak.io,unavailable
croaks.io,71.14
crock.io,unavailable
crocks.io,71.14
croft.io,unavailable
crofts.io,71.14
crone.io,unavailable
crones.io,71.14
crook.io,unavailable
crooks.io,unavailable
croon.io,unavailable
croons.io,71.14
crore.io,unavailable
crores.io,71.14
crosse.io,71.14
crotch.io,unavailable
crouch.io,18.43
croup.io,71.14
croupe.io,71.14
croupes.io,71.14
croups.io,71.14
croze.io,71.14
cru.io,unavailable
cruck.io,71.14
crucks.io,71.14
crud.io,unavailable
crude.io,unavailable
cruds.io,71.14
crumb.io,unavailable
crumbs.io,525.76
crump.io,unavailable
crumps.io,71.14
crunch.io,unavailable
cruse.io,unavailable
crust.io,unavailable
crusts.io,71.14
crutch.io,unavailable
crwth.io,71.14
crwths.io,71.14
cry.io,461.18
crypt.io,unavailable
crypts.io,unavailable
cube.io,unavailable
cubes.io,unavailable
cud.io,469.5
cuds.io,71.14
cue.io,unavailable
cues.io,unavailable
cuff.io,unavailable
cuffs.io,71.14
cuif.io,71.14
cuifs.io,71.14
cuisse.io,71.14
culch.io,unavailable
cull.io,unavailable
culls.io,71.14
cult.io,unavailable
cultch.io,71.14
cults.io,341.2
cur.io,unavailable
curb.io,unavailable
curbs.io,unavailable
curch.io,71.14
curd.io,unavailable
curds.io,unavailable
cure.io,224.
cures.io,4124.39
curl.io,unavailable
curls.io,217.
curn.io,unavailable
curns.io,71.14
curs.io,unavailable
curse.io,unavailable
curve.io,unavailable
curves.io,645.67
cusk.io,71.14
cusks.io,71.14
cusp.io,unavailable
cusps.io,71.14
cuss.io,unavailable
cwm.io,unavailable
cwms.io,71.14
cyme.io,unavailable
cymes.io,71.14
cyst.io,unavailable
cysts.io,71.14
czar.io,unavailable
czars.io,unavailable
dab.io,unavailable
dabs.io,158.11
dace.io,unavailable
dad.io,unavailable
dads.io,224.
daff.io,unavailable
daffs.io,71.14
dah.io,unavailable
dahs.io,71.14
damn.io,unavailable
damned.io,unavailable
damns.io,71.14
damp.io,355.76
damps.io,71.14
dance.io,unavailable
dap.io,unavailable
daps.io,unavailable
darg.io,71.14
dargs.io,71.14
darn.io,unavailable
darns.io,71.14
dart.io,unavailable
darts.io,unavailable
dash.io,unavailable
date.io,4348.39
dates.io,unavailable
daub.io,71.14
daube.io,71.14
daubs.io,71.14
daud.io,unavailable
dauds.io,71.14
daw.io,unavailable
dawk.io,71.14
dawks.io,71.14
daws.io,unavailable
days.io,unavailable
daze.io,unavailable
deaf.io,unavailable
deal.io,unavailable
deals.io,unavailable
dearth.io,unavailable
dearths.io,71.14
deed.io,6451.25
deeds.io,unavailable
deer.io,unavailable
def.io,unavailable
deil.io,71.14
deils.io,71.14
deme.io,unavailable
demes.io,unavailable
dene.io,unavailable
denes.io,unavailable
dens.io,6177.36
dent.io,unavailable
dents.io,unavailable
derv.io,unavailable
desk.io,unavailable
desks.io,unavailable
deuce.io,unavailable
dey.io,unavailable
deys.io,71.14
dhak.io,71.14
dhaks.io,71.14
dhal.io,71.14
dhals.io,71.14
dhole.io,71.14
dholes.io,71.14
dhow.io,71.14
dhows.io,71.14
dial.io,unavailable
dials.io,unavailable
dice.io,unavailable
dict.io,unavailable
die.io,unavailable
dies.io,18.43
dig.io,unavailable
digs.io,69.82
dike.io,unavailable
dikes.io,71.14
ding.io,unavailable
dinge.io,unavailable
dings.io,unavailable
dint.io,unavailable
dints.io,71.14
dirge.io,71.14
dish.io,1844.76
disk.io,4348.39
disks.io,unavailable
dit.io,unavailable
ditch.io,unavailable
dits.io,unavailable
div.io,unavailable
divs.io,unavailable
doc.io,unavailable
dock.io,unavailable
docks.io,unavailable
docs.io,unavailable
doek.io,71.14
doeks.io,71.14
doge.io,unavailable
doh.io,unavailable
dohs.io,71.14
doit.io,unavailable
doits.io,unavailable
dole.io,unavailable
doles.io,71.14
dolt.io,71.14
dolts.io,71.14
dome.io,461.18
domes.io,unavailable
don't.io,unavailable
dong.io,unavailable
dongs.io,unavailable
dook.io,unavailable
dooks.io,71.14
doom.io,unavailable
dooms.io,unavailable
door.io,unavailable
doors.io,unavailable
dop.io,unavailable
dope.io,unavailable
dopes.io,71.14
dops.io,unavailable
dor.io,2634.8
dorm.io,unavailable
dorms.io,unavailable
dorp.io,unavailable
dorps.io,71.14
dors.io,unavailable
dorse.io,71.14
dos.io,unavailable
dose.io,unavailable
doss.io,unavailable
doubt.io,unavailable
doubts.io,71.14
douc.io,71.14
douche.io,unavailable
douches.io,71.14
doucs.io,71.14
dough.io,unavailable
doughs.io,71.14
doup.io,unavailable
doups.io,71.14
douse.io,unavailable
dowse.io,71.14
doze.io,138.34
drab.io,unavailable
drabs.io,71.14
drachm.io,unavailable
drachms.io,71.14
draff.io,71.14
draffs.io,71.14
drag.io,171.29
drags.io,71.14
drail.io,71.14
