jars.co,unavailable
jaunt.co,unavailable
jaunts.co,unavailable
jaw.co,unavailable
jaws.co,unavailable
jazz.co,unavailable
jee.co,3958.26
jeer.co,unavailable
jeers.co,85.91
jees.co,unavailable
jell.co,unavailable
jells.co,16.99
jerk.co,unavailable
jerks.co,unavailable
jest.co,unavailable
jests.co,16.99
jib.co,unavailable
jibe.co,unavailable
jibes.co,85.91
jibs.co,unavailable
jig.co,65945.8
jigs.co,171.83
jilt.co,unavailable
jilts.co,16.99
jink.co,unavailable
jinks.co,unavailable
jive.co,unavailable
jives.co,171.83
jog.co,unavailable
jogs.co,unavailable
join.co,unavailable
joins.co,unavailable
joist.co,unavailable
joists.co,16.99
joke.co,6556.51
jokes.co,26436.22
jolt.co,unavailable
jolts.co,unavailable
jook.co,unavailable
jooks.co,16.99
jot.co,unavailable
jots.co,unavailable
jouk.co,171.83
jouks.co,16.99
jounce.co,unavailable
joust.co,19828.16
jousts.co,16.99
jow.co,unavailable
jows.co,unavailable
jug.co,79164.57
jugs.co,11566.42
jump.co,unavailable
jumps.co,856.49
junk.co,unavailable
junks.co,171.83
jut.co,unavailable
juts.co,171.83
keck.co,unavailable
kecks.co,16.99
kedge.co,unavailable
keek.co,unavailable
keeks.co,unavailable
kep.co,unavailable
keps.co,171.83
kept.co,unavailable
kill.co,unavailable
kills.co,unavailable
kiln.co,unavailable
kilns.co,856.49
kilt.co,38334.43
kilts.co,38334.43
kink.co,unavailable
kinks.co,171.83
kip.co,unavailable
kips.co,unavailable
kirn.co,171.83
kirns.co,16.99
kiss.co,unavailable
kithe.co,unavailable
kithes.co,16.99
knap.co,unavailable
knaps.co,16.99
knead.co,3965.63
kneads.co,16.99
knee.co,3345.6
kneel.co,unavailable
kneels.co,16.99
knees.co,unavailable
knell.co,171.83
knells.co,16.99
knelt.co,171.83
knew.co,unavailable
knit.co,unavailable
knits.co,unavailable
knob.co,unavailable
knobs.co,unavailable
knoll.co,unavailable
knolls.co,16.99
know.co,unavailable
knows.co,unavailable
knurl.co,unavailable
knurls.co,6477.2
kraal.co,unavailable
kraals.co,16.99
kythe.co,unavailable
kythes.co,16.99
lack.co,unavailable
lacks.co,856.49
lade.co,unavailable
lades.co,unavailable
laik.co,171.83
laiks.co,16.99
lain.co,2379.38
lair.co,unavailable
lairs.co,85.91
laith.co,unavailable
lame.co,unavailable
lames.co,85.91
lapse.co,461.71
lard.co,unavailable
lards.co,16.99
lark.co,unavailable
larks.co,unavailable
larn.co,unavailable
larns.co,16.99
lase.co,unavailable
lash.co,unavailable
latch.co,unavailable
lath.co,unavailable
lathe.co,unavailable
lathes.co,unavailable
laths.co,16.99
lave.co,unavailable
laves.co,85.91
laze.co,unavailable
leach.co,1976.21
leak.co,unavailable
leaks.co,856.49
lean.co,unavailable
leans.co,unavailable
leant.co,85.91
leap.co,unavailable
leaps.co,unavailable
leapt.co,unavailable
learn.co,unavailable
learns.co,unavailable
learnt.co,unavailable
lease.co,unavailable
leash.co,unavailable
leech.co,unavailable
leer.co,unavailable
leers.co,85.91
left.co,38186.38
lefts.co,85.91
lend.co,unavailable
lends.co,unavailable
letch.co,165.23
licht.co,unavailable
lichts.co,16.99
lift.co,unavailable
lifts.co,1712.99
like.co,unavailable
likes.co,unavailable
lilt.co,unavailable
lilts.co,16.99
limb.co,unavailable
limbs.co,171.83
limn.co,unavailable
limns.co,16.99
limp.co,8444.15
limps.co,85.91
lipped.co,16.99
lisp.co,unavailable
lisps.co,16.99
lit.co,unavailable
lived.co,669.39
loaf.co,unavailable
loafs.co,unavailable
loam.co,1254.46
loams.co,85.91
loathe.co,unavailable
loathes.co,16.99
lob.co,unavailable
lobs.co,unavailable
lodged.co,13.87
loft.co,unavailable
lofts.co,39654.99
log.co,unavailable
logs.co,unavailable
loll.co,unavailable
lolls.co,16.99
loom.co,unavailable
looms.co,unavailable
loot.co,unavailable
loots.co,unavailable
lop.co,3958.26
lope.co,unavailable
lopes.co,unavailable
lops.co,846.
lose.co,unavailable
lour.co,171.83
lours.co,unavailable
louse.co,unavailable
lout.co,unavailable
louts.co,unavailable
lowe.co,unavailable
lowes.co,unavailable
lown.co,unavailable
lowns.co,16.99
lowse.co,unavailable
lube.co,unavailable
lubes.co,unavailable
luck.co,46264.38
lucks.co,58.4
luff.co,unavailable
luffs.co,16.99
luge.co,unavailable
lull.co,unavailable
lulls.co,171.83
lump.co,5723.73
lumps.co,unavailable
lunch.co,unavailable
lunge.co,669.39
lurch.co,unavailable
lure.co,unavailable
lures.co,unavailable
lurk.co,unavailable
lurks.co,85.91
lush.co,unavailable
lust.co,unavailable
lusts.co,171.83
lute.co,unavailable
lutes.co,85.91
lyse.co,unavailable
mad.co,39654.99
made.co,unavailable
mads.co,6556.51
maim.co,unavailable
maims.co,16.99
marl.co,171.83
marls.co,85.91
mash.co,unavailable
mask.co,2889.89
masks.co,11566.42
mast.co,unavailable
masts.co,unavailable
mat.co,19828.16
match.co,unavailable
mate.co,unavailable
mates.co,3346.93
mats.co,19828.16
maul.co,unavailable
mauls.co,16.99
maun.co,unavailable
mayst.co,16.99
maze.co,unavailable
meant.co,unavailable
meet.co,unavailable
meets.co,unavailable
meld.co,unavailable
melds.co,16.99
mell.co,unavailable
mells.co,unavailable
melt.co,3958.26
melts.co,unavailable
mend.co,unavailable
mends.co,85.91
mense.co,528.9
merge.co,unavailable
met.co,unavailable
metal.co,26436.22
metals.co,unavailable
mete.co,9251.82
metes.co,1966.95
mew.co,669.39
mewl.co,171.83
mewls.co,16.99
mews.co,unavailable
miche.co,unavailable
miches.co,16.99
miff.co,171.83
miffs.co,16.99
might.co,unavailable
mights.co,16.99
milt.co,171.83
milts.co,16.99
mime.co,unavailable
mimes.co,856.49
mince.co,unavailable
mind.co,unavailable
minds.co,unavailable
mire.co,unavailable
mires.co,unavailable
mist.co,unavailable
mists.co,unavailable
mitch.co,unavailable
mix.co,unavailable
mixt.co,8576.34
moan.co,unavailable
moans.co,171.83
moat.co,unavailable
moats.co,unavailable
mob.co,unavailable
mobs.co,unavailable
moil.co,171.83
moils.co,16.99
moit.co,171.83
moits.co,16.99
mold.co,3345.6
molds.co,unavailable
molt.co,unavailable
molts.co,85.91
moo.co,unavailable
mooch.co,unavailable
moos.co,unavailable
moot.co,unavailable
moots.co,unavailable
mop.co,unavailable
mope.co,171.83
mopes.co,85.91
mops.co,461.71
morph.co,3958.26
morphs.co,6477.2
mote.co,unavailable
motes.co,171.83
mould.co,unavailable
moulds.co,unavailable
moult.co,85.91
moults.co,16.99
mourn.co,unavailable
mourns.co,16.99
mouse.co,26436.22
mousse.co,333.37
move.co,unavailable
moves.co,unavailable
mow.co,unavailable
mown.co,171.83
mows.co,171.83
muff.co,unavailable
muffs.co,unavailable
mug.co,16523.46
mugs.co,unavailable
mulch.co,334.69
mulct.co,165.23
mulcts.co,16.99
mum.co,unavailable
mumm.co,unavailable
mumms.co,429.6
mump.co,171.83
mumps.co,unavailable
mums.co,3958.26
mure.co,unavailable
mures.co,16.99
murk.co,171.83
muss.co,171.83
must.co,unavailable
musts.co,171.83
mutch.co,unavailable
mute.co,19826.83
mutes.co,85.91
muzz.co,171.83
nab.co,unavailable
nabs.co,unavailable
nag.co,1712.99
nags.co,171.83
name.co,unavailable
names.co,unavailable
nark.co,unavailable
narks.co,16.99
near.co,unavailable
nears.co,85.91
neck.co,unavailable
necks.co,171.83
need.co,unavailable
needs.co,unavailable
neigh.co,6593.52
neighs.co,16.99
nest.co,unavailable
nests.co,6593.52
nett.co,unavailable
netts.co,unavailable
nib.co,unavailable
nibs.co,unavailable
niche.co,unavailable
niches.co,unavailable
niff.co,429.6
niffs.co,16.99
nill.co,429.6
nix.co,unavailable
nock.co,unavailable
nocks.co,unavailable
noise.co,unavailable
noose.co,461.71
nose.co,unavailable
nosh.co,15862.52
notch.co,unavailable
nudge.co,unavailable
nuke.co,unavailable
nukes.co,171.83
numb.co,unavailable
numbs.co,unavailable
nurl.co,unavailable
nurls.co,16.99
nurse.co,3345.6
oar.co,39654.99
oars.co,461.71
oink.co,16523.46
oinks.co,16.99
oos.co,unavailable
ope.co,3958.26
opes.co,2637.14
opt.co,unavailable
opts.co,unavailable
orb.co,unavailable
orbs.co,unavailable
ord.co,unavailable
ords.co,171.83
ought.co,171.83
oughts.co,16.99
oust.co,unavailable
ousts.co,16.99
owe.co,unavailable
owes.co,unavailable
own.co,unavailable
owns.co,unavailable
pace.co,unavailable
paced.co,668.6
pack.co,unavailable
packs.co,1712.99
pad.co,unavailable
pads.co,unavailable
paid.co,unavailable
paik.co,unavailable
paiks.co,16.99
pain.co,unavailable
pains.co,171.83
paint.co,unavailable
paints.co,unavailable
pale.co,unavailable
pales.co,171.83
pall.co,unavailable
palls.co,16.99
pant.co,unavailable
pants.co,3345.6
parch.co,unavailable
pare.co,unavailable
pares.co,unavailable
parle.co,unavailable
parles.co,16.99
parse.co,unavailable
pash.co,unavailable
paste.co,unavailable
pastes.co,unavailable
paunch.co,429.61
pause.co,unavailable
pave.co,unavailable
paves.co,171.83
paw.co,2889.89
paws.co,unavailable
pay.co,unavailable
pays.co,unavailable
peal.co,6556.51
peals.co,85.91
peck.co,unavailable
pecks.co,85.91
pee.co,662.78
peek.co,unavailable
peeks.co,unavailable
peen.co,171.83
peens.co,unavailable
peep.co,unavailable
peeps.co,unavailable
peer.co,unavailable
peers.co,6461.34
pees.co,171.83
peeve.co,unavailable
peeved.co,16.99
peeves.co,16.99
pegh.co,171.83
peghs.co,16.99
pein.co,171.83
peins.co,16.99
peise.co,645.8
pelt.co,unavailable
pelts.co,85.91
pend.co,unavailable
pends.co,unavailable
pent.co,unavailable
pents.co,16.99
perch.co,unavailable
perk.co,unavailable
perks.co,unavailable
perv.co,unavailable
pervs.co,16.99
phone.co,unavailable
phones.co,unavailable
pick.co,unavailable
picks.co,unavailable
piece.co,unavailable
pile.co,unavailable
piled.co,85.91
piles.co,unavailable
pill.co,unavailable
pills.co,unavailable
pimp.co,unavailable
pimps.co,429.6
ping.co,unavailable
pings.co,171.83
pique.co,unavailable
piques.co,unavailable
pish.co,171.83
pize.co,171.83
plague.co,152.16
plagues.co,13218.77
plait.co,171.83
plaits.co,unavailable
plan.co,unavailable
plank.co,unavailable
planks.co,unavailable
plans.co,26437.54
plash.co,unavailable
plat.co,unavailable
plats.co,171.83
pleach.co,527.43
plead.co,unavailable
pleads.co,unavailable
please.co,unavailable
pleat.co,unavailable
pleats.co,6477.2
pled.co,unavailable
pledge.co,unavailable
plies.co,1712.99
plight.co,unavailable
plights.co,16.99
plim.co,unavailable
plims.co,unavailable
plink.co,unavailable
plinks.co,unavailable
ploat.co,16.99
ploats.co,16.99
plod.co,171.83
plodge.co,16.99
plods.co,16.99
plonk.co,unavailable
plonks.co,16.99
plop.co,unavailable
plops.co,unavailable
plot.co,unavailable
plots.co,137.72
pluck.co,unavailable
plucks.co,16.99
plug.co,unavailable
plugs.co,unavailable
plumb.co,unavailable
plumbs.co,unavailable
plume.co,unavailable
plumes.co,unavailable
plump.co,unavailable
plumps.co,unavailable
plunge.co,unavailable
plunk.co,unavailable
plunks.co,unavailable
ply.co,unavailable
poach.co,unavailable
pock.co,unavailable
pocks.co,16.99
poind.co,unavailable
poinds.co,16.99
poise.co,unavailable
poke.co,unavailable
pokes.co,3238.6
poll.co,39391.94
polls.co,unavailable
pong.co,unavailable
pongs.co,unavailable
pooch.co,32898.88
poop.co,unavailable
poops.co,85.91
pore.co,4957.4
pores.co,171.83
pose.co,unavailable
poss.co,unavailable
pouch.co,unavailable
pounce.co,unavailable
pour.co,unavailable
pours.co,171.83
pout.co,32898.88
pouts.co,85.91
praise.co,unavailable
prance.co,unavailable
prang.co,171.83
prangs.co,16.99
prank.co,13217.45
pranks.co,11566.42
prate.co,171.83
prates.co,unavailable
prawn.co,unavailable
prawns.co,unavailable
pray.co,unavailable
prays.co,85.91
preach.co,unavailable
preen.co,unavailable
preens.co,16.99
prey.co,unavailable
preys.co,85.91
prick.co,461.71
pricks.co,unavailable
pries.co,99.45
priest.co,unavailable
priests.co,171.83
prig.co,unavailable
prigs.co,16.99
prill.co,unavailable
prills.co,16.99
prim.co,unavailable
primp.co,unavailable
primps.co,16.99
prims.co,429.6
prink.co,unavailable
prinks.co,6477.2
print.co,unavailable
prints.co,24785.19
prise.co,unavailable
probe.co,unavailable
probes.co,unavailable
prod.co,unavailable
prods.co,171.83
prompt.co,unavailable
prompts.co,unavailable
prong.co,856.49
prongs.co,16.99
prop.co,unavailable
props.co,unavailable
prove.co,unavailable
proves.co,66.94
prowl.co,unavailable
prowls.co,16.99
prune.co,unavailable
prunes.co,333.37
pry.co,unavailable
prys.co,171.83
psych.co,unavailable
psychs.co,unavailable
pub.co,unavailable
pubs.co,3958.26
pug.co,3345.6
pugs.co,unavailable
puke.co,unavailable
pukes.co,85.91
pule.co,171.83
pules.co,16.99
pulp.co,unavailable
pulps.co,171.83
pun.co,unavailable
punce.co,16.99
puns.co,171.83
pup.co,unavailable
pups.co,unavailable
purge.co,unavailable
purl.co,unavailable
purls.co,unavailable
purr.co,unavailable
purrs.co,unavailable
purse.co,unavailable
putt.co,unavailable
putts.co,85.91
quack.co,unavailable
quacks.co,unavailable
quaff.co,unavailable
quaffs.co,16.99
quail.co,unavailable
quails.co,unavailable
quake.co,unavailable
quakes.co,158.63
quash.co,171.83
queer.co,5286.19
queers.co,unavailable
quell.co,unavailable
quells.co,16.99
quench.co,unavailable
quest.co,unavailable
quests.co,9766.3
queue.co,unavailable
queues.co,unavailable
quilt.co,1573.69
quilts.co,9914.8
quip.co,unavailable
quips.co,unavailable
quirk.co,unavailable
quirks.co,unavailable
quirt.co,85.91
quirts.co,16.99
quit.co,unavailable
quits.co,856.49
quiz.co,46264.38
quote.co,unavailable
quotes.co,unavailable
quoth.co,85.91
raft.co,unavailable
rafts.co,171.83
rag.co,unavailable
rage.co,unavailable
rags.co,unavailable
raid.co,unavailable
raids.co,unavailable
rail.co,unavailable
rails.co,unavailable
raise.co,unavailable
raised.co,856.49
rake.co,unavailable
raked.co,unavailable
rakes.co,856.49
ramp.co,unavailable
ramps.co,unavailable
ranch.co,unavailable
rang.co,23793.79
range.co,unavailable
ranged.co,unavailable
rant.co,unavailable
rants.co,3965.63
rap.co,39654.99
rape.co,unavailable
rapes.co,unavailable
raps.co,unavailable
rase.co,unavailable
rasp.co,unavailable
rasps.co,16.99
rave.co,3345.6
raves.co,unavailable
raze.co,6477.2
razz.co,unavailable
reach.co,unavailable
ream.co,unavailable
reams.co,unavailable
reap.co,24967.61
reaps.co,85.91
reast.co,16.99
reasts.co,16.99
reave.co,165.23
reaves.co,unavailable
reck.co,unavailable
recks.co,unavailable
redd.co,unavailable
redds.co,unavailable
rede.co,unavailable
redes.co,unavailable
reek.co,171.83
reeks.co,171.83
reel.co,unavailable
reels.co,19828.16
reest.co,unavailable
reests.co,16.99
reeve.co,171.83
reeves.co,unavailable
refer.co,64771.98
refers.co,unavailable
reft.co,171.83
rein.co,unavailable
reins.co,unavailable
reist.co,unavailable
reists.co,16.99
reive.co,16.99
reives.co,16.99
rend.co,unavailable
rends.co,85.91
rent.co,unavailable
rents.co,19828.16
rest.co,unavailable
rests.co,unavailable
ret.co,unavailable
retch.co,171.83
rets.co,171.83
rib.co,unavailable
ribs.co,unavailable
rid.co,unavailable
ride.co,unavailable
rides.co,unavailable
ridge.co,unavailable
rids.co,unavailable
rig.co,unavailable
rigs.co,333.37
rile.co,unavailable
riles.co,unavailable
rime.co,unavailable
rimes.co,171.83
rinse.co,unavailable
rive.co,unavailable
rives.co,unavailable
roam.co,unavailable
roams.co,1712.99
roar.co,unavailable
roars.co,171.83
roast.co,unavailable
roasts.co,unavailable
robe.co,unavailable
robes.co,unavailable
rode.co,unavailable
rodes.co,333.37
rogue.co,unavailable
rogues.co,unavailable
roil.co,unavailable
roils.co,16.99
romp.co,unavailable
romps.co,85.91
rook.co,unavailable
rooks.co,unavailable
roose.co,unavailable
rot.co,unavailable
rots.co,171.83
roup.co,171.83
roups.co,16.99
rouse.co,unavailable
roust.co,85.91
rousts.co,16.99
rout.co,unavailable
route.co,38186.38
routes.co,unavailable
routs.co,85.91
ruck.co,unavailable
rucks.co,171.83
ruff.co,unavailable
ruffs.co,171.83
ruin.co,1968.11
ruins.co,171.83
rule.co,132187.71
rules.co,unavailable
rung.co,6556.51
rungs.co,unavailable
rush.co,unavailable
rut.co,3958.26
ruts.co,171.83
sack.co,unavailable
sacks.co,856.49
sad.co,unavailable
sag.co,3958.26
sags.co,unavailable
said.co,unavailable
sail.co,unavailable
sails.co,unavailable
sain.co,unavailable
sains.co,unavailable
saith.co,85.91
saiths.co,16.99
salve.co,6477.2
salves.co,unavailable
sang.co,unavailable
sangs.co,16.99
sank.co,unavailable
sap.co,unavailable
saps.co,171.83
sass.co,unavailable
sate.co,unavailable
sates.co,85.91
sauce.co,unavailable
sawn.co,171.83
scab.co,668.6
scabs.co,856.49
scag.co,unavailable
scald.co,unavailable
scalds.co,16.99
scaled.co,unavailable
scalp.co,unavailable
scalps.co,unavailable
scamp.co,unavailable
scamps.co,unavailable
scant.co,171.83
scants.co,16.99
scape.co,unavailable
scapes.co,37.13
scar.co,unavailable
scare.co,unavailable
scares.co,unavailable
scarf.co,unavailable
scarfs.co,unavailable
scarp.co,unavailable
scarph.co,16.99
scarphs.co,16.99
scarps.co,16.99
scars.co,unavailable
scart.co,171.83
scarts.co,16.99
scat.co,13217.45
scathe.co,unavailable
scathes.co,16.99
scats.co,171.83
scend.co,unavailable
scends.co,unavailable
scent.co,unavailable
scents.co,662.78
scheme.co,unavailable
schemes.co,461.71
schlep.co,unavailable
schlepp.co,unavailable
schlepps.co,16.99
schleps.co,16.99
schuss.co,unavailable
sclaff.co,16.99
sclaffs.co,16.99
scoff.co,unavailable
scoffs.co,16.99
scold.co,171.83
scolds.co,16.99
sconce.co,unavailable
scoop.co,unavailable
scoops.co,3965.63
scoot.co,unavailable
scoots.co,3959.2
scorch.co,unavailable
score.co,unavailable
scores.co,unavailable
scorn.co,1712.99
scorns.co,16.99
scour.co,unavailable
scourge.co,13.87
scours.co,16.99
scowl.co,171.83
scowls.co,16.99
scrag.co,unavailable
scrags.co,16.99
scraich.co,16.99
scraichs.co,16.99
scram.co,unavailable
scrams.co,16.99
scrap.co,unavailable
scraps.co,5139.46
scrawl.co,unavailable
scrawls.co,16.99
screak.co,16.99
screaks.co,16.99
scream.co,unavailable
screams.co,unavailable
screech.co,unavailable
scries.co,16.99
scrimp.co,unavailable
scrimps.co,unavailable
scroll.co,unavailable
scrolls.co,unavailable
scroop.co,16.99
scroops.co,16.99
scrouge.co,16.99
scrum.co,unavailable
scrump.co,unavailable
scrumps.co,16.99
scrums.co,16.99
scrunch.co,unavailable
scry.co,unavailable
scud.co,unavailable
scuds.co,85.91
scuff.co,unavailable
scuffs.co,6477.2
sculk.co,16.99
sculks.co,16.99
scull.co,171.83
sculls.co,unavailable
sculp.co,unavailable
sculps.co,16.99
sculpt.co,unavailable
sculpts.co,16.99
scum.co,unavailable
scums.co,16.99
scunge.co,16.99
scutch.co,16.99
scythe.co,unavailable
scythes.co,16.99
seal.co,39654.99
seals.co,unavailable
seam.co,unavailable
seams.co,unavailable
sear.co,unavailable
sears.co,unavailable
seat.co,unavailable
seats.co,1712.99
seek.co,unavailable
seeks.co,856.49
seel.co,unavailable
seels.co,6477.2
seem.co,5139.46
seems.co,669.39
seen.co,unavailable
seep.co,unavailable
seeps.co,85.91
seethe.co,1982.82
seethes.co,16.99
seise.co,16.99
seize.co,unavailable
sell.co,unavailable
sells.co,26437.54
send.co,unavailable
sends.co,856.49
sent.co,6693.85
sere.co,593.52
seres.co,unavailable
serve.co,unavailable
serves.co,unavailable
sew.co,15862.52
sewn.co,unavailable
sews.co,171.83
shack.co,unavailable
shacks.co,unavailable
shade.co,unavailable
shades.co,unavailable
shag.co,22984.8
shags.co,85.91
shake.co,unavailable
shakes.co,6477.2
shall.co,669.39
shalt.co,171.83
sham.co,unavailable
shame.co,unavailable
shames.co,unavailable
shams.co,1712.99
shank.co,unavailable
shanks.co,unavailable
shaped.co,unavailable
shave.co,unavailable
shaves.co,unavailable
sheaf.co,unavailable
sheafs.co,16.99
shear.co,unavailable
sheared.co,16.99
shears.co,unavailable
sheath.co,unavailable
sheathe.co,16.99
sheathes.co,16.99
sheaths.co,16.99
sheave.co,16.99
sheaves.co,16.99
shed.co,12392.6
sheds.co,unavailable
sheer.co,unavailable
sheers.co,6477.2
shelve.co,unavailable
shelves.co,unavailable
shend.co,16.99
shends.co,16.99
shew.co,unavailable
shews.co,16.99
shied.co,85.91
shies.co,171.83
shift.co,unavailable
shifts.co,unavailable
shill.co,171.83
shim.co,unavailable
shims.co,unavailable
shine.co,unavailable
shines.co,unavailable
shire.co,unavailable
shires.co,unavailable
shirk.co,171.83
shirks.co,16.99
shirr.co,165.23
shirrs.co,16.99
shirt.co,26436.22
shirts.co,332.49
shoal.co,unavailable
shoals.co,unavailable
shod.co,171.83
shog.co,171.83
shogs.co,16.99
shone.co,171.83
shoo.co,unavailable
shook.co,unavailable
shooks.co,16.99
shoos.co,171.83
shoot.co,unavailable
shoots.co,unavailable
shorn.co,85.91
should.co,unavailable
shout.co,unavailable
shouts.co,2643.75
shove.co,unavailable
shoves.co,16.99
shown.co,669.39
shrank.co,429.61
shred.co,unavailable
shreds.co,6477.2
shriek.co,9766.3
shrieks.co,171.83
shrill.co,unavailable
shrills.co,16.99
shrimp.co,unavailable
shrimps.co,171.83
shrine.co,unavailable
shrines.co,unavailable
shrink.co,1294.12
shrinks.co,171.83
shrive.co,unavailable
shrives.co,16.99
shroff.co,unavailable
shroffs.co,unavailable
shroud.co,1968.11
shrouds.co,171.83
shrug.co,unavailable
shrugs.co,66.94
shrunk.co,3156.64
shuck.co,unavailable
shucks.co,1982.82
shun.co,unavailable
shuns.co,171.83
shunt.co,unavailable
shunts.co,3949.77
shush.co,unavailable
shut.co,1968.11
shuts.co,171.83
shy.co,16523.46
sieve.co,unavailable
sieves.co,16.99
sift.co,unavailable
sifts.co,unavailable
sigh.co,unavailable
sighs.co,171.83
sight.co,26436.22
sights.co,unavailable
sile.co,171.83
siles.co,1976.21
silt.co,unavailable
silts.co,16.99
sing.co,unavailable
singe.co,unavailable
sings.co,856.49
sink.co,unavailable
sinks.co,unavailable
sip.co,unavailable
sipe.co,unavailable
sipes.co,unavailable
sips.co,unavailable
sire.co,unavailable
sires.co,unavailable
site.co,unavailable
sites.co,unavailable
size.co,unavailable
skelp.co,6477.2
skelps.co,16.99
sketch.co,unavailable
skew.co,unavailable
skews.co,3899.54
ski.co,unavailable
skid.co,unavailable
skids.co,unavailable
skied.co,unavailable
skim.co,662.78
skimp.co,unavailable
skimps.co,unavailable
skims.co,unavailable
skirl.co,unavailable
skirls.co,16.99
skirr.co,unavailable
skirrs.co,16.99
skirt.co,26436.22
skirts.co,64771.98
skis.co,unavailable
skite.co,85.91
skites.co,16.99
skive.co,unavailable
skives.co,16.99
skulk.co,171.83
skulks.co,16.99
slab.co,unavailable
slabs.co,unavailable
slag.co,unavailable
slags.co,unavailable
slain.co,unavailable
slake.co,unavailable
slakes.co,16.99
slam.co,unavailable
slams.co,85.91
slang.co,unavailable
slangs.co,unavailable
slant.co,unavailable
slants.co,172.58
slap.co,unavailable
slaps.co,unavailable
slat.co,unavailable
slate.co,unavailable
slates.co,662.78
slats.co,171.83
slay.co,unavailable
slays.co,171.83
sleave.co,16.99
sleaves.co,16.99
sled.co,unavailable
sledge.co,8444.15
sleds.co,2148.5
sleek.co,unavailable
sleeks.co,unavailable
sleeps.co,unavailable
sleet.co,unavailable
sleets.co,unavailable
sleeve.co,unavailable
sleeves.co,unavailable
sleigh.co,34897.55
sleighs.co,16.99
slept.co,856.49
sleuth.co,unavailable
sleuths.co,unavailable
slew.co,unavailable
slews.co,165.23
sley.co,unavailable
sleys.co,16.99
slice.co,unavailable
slick.co,unavailable
slicks.co,unavailable
slight.co,7797.75
slights.co,16.99
slime.co,unavailable
slimes.co,unavailable
sling.co,unavailable
slings.co,unavailable
slink.co,unavailable
slinks.co,unavailable
slip.co,unavailable
slips.co,unavailable
slog.co,unavailable
slogs.co,16.99
slope.co,unavailable
slopes.co,unavailable
slosh.co,171.83
slouch.co,461.71
slub.co,unavailable
slubs.co,16.99
slue.co,171.83
slues.co,16.99
slug.co,unavailable
slugs.co,429.6
sluice.co,9766.3
slum.co,unavailable
slums.co,unavailable
slunk.co,171.83
slur.co,unavailable
slurp.co,unavailable
slurps.co,263.5
slurs.co,85.91
slush.co,unavailable
smack.co,unavailable
smacks.co,527.43
smarm.co,unavailable
smarms.co,16.99
smash.co,unavailable
smear.co,unavailable
smears.co,16.99
smeek.co,16.99
smeeks.co,16.99
smell.co,unavailable
smells.co,5271.65
smelt.co,171.83
smelts.co,16.99
smile.co,unavailable
smiles.co,unavailable
smirch.co,16.99
smirk.co,461.71
smirks.co,unavailable
smite.co,1712.99
smites.co,16.99
smock.co,unavailable
smocks.co,16.99
smoked.co,3959.2
smooch.co,unavailable
smoodge.co,16.99
smote.co,85.91
smudge.co,8444.15
smut.co,13217.45
smutch.co,16.99
smuts.co,unavailable
snack.co,unavailable
snacks.co,unavailable
snag.co,unavailable
snags.co,unavailable
snail.co,unavailable
snails.co,unavailable
snare.co,unavailable
snares.co,16.99
snarl.co,unavailable
snarls.co,16.99
snash.co,unavailable
snatch.co,unavailable
sneck.co,6477.2
snecks.co,16.99
sned.co,unavailable
sneds.co,16.99
sneer.co,171.83
sneers.co,16.99
sneeze.co,unavailable
snib.co,171.83
snibs.co,unavailable
snick.co,unavailable
snicks.co,16.99
sniff.co,unavailable
sniffs.co,2627.89
snig.co,171.83
snigs.co,16.99
snip.co,unavailable
snipe.co,unavailable
snipes.co,unavailable
snips.co,unavailable
snitch.co,461.71
snog.co,unavailable
snogs.co,16.99
snood.co,429.6
snoods.co,16.99
snool.co,16.99
snools.co,16.99
snoop.co,26436.22
snoops.co,4626.57
snooze.co,unavailable
snore.co,unavailable
snores.co,16.99
snort.co,1712.99
snorts.co,16.99
snowk.co,16.99
snowks.co,16.99
snub.co,unavailable
snubs.co,85.91
snuck.co,171.83
snuff.co,unavailable
snuffs.co,16.99
snug.co,unavailable
snugs.co,unavailable
sny.co,unavailable
soak.co,unavailable
soaks.co,unavailable
soar.co,unavailable
soars.co,85.91
sod.co,unavailable
sods.co,171.83
sold.co,unavailable
sole.co,unavailable
soles.co,1712.99
solve.co,unavailable
solves.co,unavailable
sool.co,171.83
sools.co,16.99
soot.co,171.83
soothe.co,unavailable
soothes.co,16.99
soots.co,85.91
sorn.co,unavailable
sorns.co,16.99
sort.co,unavailable
sorts.co,unavailable
sough.co,unavailable
soughs.co,16.99
sought.co,5271.65
souse.co,85.91
sown.co,unavailable
spae.co,unavailable
spaes.co,16.99
spake.co,unavailable
spall.co,unavailable
spalls.co,16.99
spang.co,unavailable
spangs.co,16.99
spank.co,unavailable
spanks.co,unavailable
spare.co,unavailable
spares.co,unavailable
sparge.co,unavailable
spat.co,unavailable
spats.co,171.83
spawn.co,11566.42
spawns.co,16.99
spay.co,unavailable
spays.co,unavailable
speak.co,unavailable
speaks.co,unavailable
spean.co,16.99
speans.co,16.99
spear.co,unavailable
spears.co,unavailable
speck.co,unavailable
specks.co,125.58
sped.co,unavailable
spell.co,unavailable
spells.co,5723.73
spelt.co,unavailable
spend.co,unavailable
spends.co,unavailable
spent.co,unavailable
spew.co,unavailable
spews.co,85.91
spiel.co,unavailable
spiels.co,16.99
spies.co,11235.96
spile.co,unavailable
spiles.co,16.99
spilt.co,171.83
spire.co,unavailable
spired.co,unavailable
spires.co,unavailable
spirt.co,unavailable
spirts.co,16.99
spite.co,unavailable
spites.co,16.99
splash.co,unavailable
splat.co,unavailable
splats.co,unavailable
splay.co,unavailable
splays.co,unavailable
splice.co,unavailable
spline.co,unavailable
splines.co,unavailable
splint.co,19828.16
splints.co,16.99
splodge.co,unavailable
splosh.co,66.94
splotch.co,unavailable
splurge.co,3288.83
spoil.co,unavailable
spoils.co,unavailable
spoilt.co,58.4
spoke.co,unavailable
spokes.co,unavailable
sponge.co,unavailable
spoof.co,unavailable
spoofs.co,unavailable
spook.co,unavailable
spooks.co,3817.58
spool.co,unavailable
spools.co,unavailable
spoom.co,unavailable
spooms.co,16.99
spoon.co,unavailable
spoons.co,unavailable
spoor.co,171.83
spoors.co,16.99
spore.co,unavailable
spores.co,unavailable
sport.co,unavailable
sports.co,unavailable
spot.co,unavailable
spots.co,unavailable
spouse.co,unavailable
spout.co,unavailable
spouts.co,16.99
sprain.co,461.71
sprains.co,16.99
sprang.co,unavailable
sprawl.co,unavailable
sprawls.co,unavailable
spray.co,unavailable
sprays.co,unavailable
sprig.co,unavailable
sprigs.co,unavailable
springe.co,99.45
sprint.co,unavailable
sprints.co,unavailable
spritz.co,unavailable
sprout.co,unavailable
sprouts.co,unavailable
spruce.co,unavailable
spruik.co,unavailable
spruiks.co,16.99
sprung.co,unavailable
spue.co,171.83
spues.co,16.99
spume.co,unavailable
spumes.co,16.99
spur.co,unavailable
spurn.co,171.83
spurns.co,16.99
spurred.co,16.99
spurs.co,unavailable
spurt.co,unavailable
spurts.co,16.99
spy.co,unavailable
squall.co,461.71
squalls.co,16.99
squash.co,unavailable
squat.co,unavailable
squats.co,unavailable
squawk.co,unavailable
squawks.co,171.83
squeak.co,461.71
squeaks.co,171.83
squeal.co,unavailable
squeals.co,171.83
squeeze.co,unavailable
squeg.co,16.99
squegs.co,16.99
squelch.co,unavailable
squib.co,unavailable
squibs.co,16.99
squid.co,1444.94
squids.co,unavailable
squinch.co,16.99
squint.co,4626.57
squints.co,unavailable
squirm.co,8444.15
squirms.co,16.99
squirt.co,19826.83
squirts.co,unavailable
squish.co,4626.57
stab.co,171.83
stabs.co,unavailable
staged.co,unavailable
stain.co,unavailable
stains.co,unavailable
stake.co,unavailable
stakes.co,132.56
stale.co,171.83
stales.co,unavailable
stalk.co,unavailable
stalks.co,unavailable
stall.co,unavailable
stalls.co,unavailable
stanch.co,unavailable
stang.co,unavailable
stangs.co,16.99
stank.co,unavailable
stanks.co,16.99
starch.co,unavailable
stare.co,unavailable
stares.co,unavailable
start.co,unavailable
starts.co,461.71
starve.co,unavailable
starves.co,16.99
stash.co,unavailable
staunch.co,unavailable
stave.co,unavailable
staves.co,13.87
staw.co,171.83
staws.co,16.99
stead.co,unavailable
steads.co,16.99
steal.co,unavailable
steals.co,unavailable
steek.co,unavailable
steeks.co,16.99
steep.co,unavailable
steeps.co,16.99
steer.co,unavailable
steers.co,unavailable
steeve.co,unavailable
steeves.co,unavailable
stem.co,unavailable
stems.co,unavailable
step.co,unavailable
steps.co,unavailable
stet.co,unavailable
stets.co,171.83
stew.co,unavailable
stews.co,171.83
sties.co,16.99
stilt.co,unavailable
stilts.co,unavailable
sting.co,unavailable
stings.co,5139.46
stink.co,unavailable
stinks.co,unavailable
stint.co,unavailable
stints.co,unavailable
stitch.co,unavailable
stodge.co,16.99
stoit.co,16.99
stoits.co,16.99
stoke.co,unavailable
stokes.co,1712.99
stole.co,856.49
stoles.co,unavailable
stomp.co,unavailable
stomps.co,4626.57
stonk.co,unavailable
stonks.co,unavailable
stood.co,171.83
stooge.co,6477.2
stook.co,unavailable
stooks.co,16.99
stoop.co,unavailable
stoops.co,unavailable
stope.co,unavailable
stopes.co,16.99
store.co,unavailable
stores.co,unavailable
stot.co,unavailable
stots.co,16.99
stoush.co,16.99
strafe.co,unavailable
strafes.co,16.99
strap.co,unavailable
straps.co,unavailable
straw.co,unavailable
straws.co,unavailable
stray.co,unavailable
strays.co,unavailable
streak.co,unavailable
streaks.co,unavailable
streek.co,645.8
streeks.co,16.99
stress.co,3345.6
stretch.co,unavailable
strew.co,unavailable
strewn.co,unavailable
strews.co,16.99
stride.co,unavailable
strides.co,unavailable
strike.co,unavailable
strikes.co,171.83
stripe.co,unavailable
stripes.co,unavailable
strive.co,unavailable
strives.co,unavailable
strode.co,unavailable
stroke.co,unavailable
strokes.co,171.83
stroll.co,461.71
strolls.co,16.99
strook.co,16.99
strop.co,unavailable
strops.co,unavailable
strove.co,unavailable
strow.co,16.99
strows.co,16.99
stroy.co,3171.18
strum.co,unavailable
strums.co,16.99
strung.co,unavailable
strunt.co,6477.2
strunts.co,16.99
strut.co,unavailable
struts.co,unavailable
stuck.co,unavailable
stuff.co,unavailable
stuffs.co,2627.89
stum.co,unavailable
stump.co,unavailable
stumps.co,13.87
stums.co,16.99
stun.co,unavailable
stung.co,unavailable
stunk.co,171.83
stuns.co,85.91
stunt.co,unavailable
stunts.co,unavailable
sty.co,unavailable
style.co,unavailable
styles.co,unavailable
suck.co,unavailable
sucks.co,unavailable
suds.co,unavailable
suit.co,unavailable
suits.co,unavailable
sulk.co,unavailable
sulks.co,16.99
sum.co,unavailable
sums.co,unavailable
sunk.co,unavailable
sunks.co,16.99
sup.co,unavailable
sups.co,unavailable
surge.co,unavailable
suss.co,unavailable
swab.co,unavailable
swabs.co,171.83
swag.co,unavailable
swage.co,2627.89
swags.co,2642.43
swam.co,unavailable
swang.co,171.83
swank.co,unavailable
swanks.co,unavailable
swap.co,unavailable
swaps.co,unavailable
sward.co,171.83
swards.co,16.99
swarm.co,unavailable
swarms.co,unavailable
swathe.co,unavailable
swathes.co,16.99
sway.co,unavailable
sways.co,unavailable
sweal.co,16.99
sweals.co,16.99
swear.co,unavailable
swears.co,unavailable
sweat.co,unavailable
sweats.co,unavailable
sweep.co,unavailable
sweeps.co,19828.16
swell.co,unavailable
swells.co,38.7
swept.co,unavailable
swerve.co,unavailable
swerves.co,16.99
swig.co,unavailable
swigs.co,unavailable
swill.co,unavailable
swills.co,16.99
swing.co,unavailable
swinge.co,unavailable
swings.co,1982.82
swink.co,642.43
swinks.co,16.99
swipe.co,unavailable
swipes.co,unavailable
swirl.co,26436.22
swirls.co,132.19
swish.co,unavailable
switch.co,unavailable
swith.co,unavailable
swive.co,16.99
swives.co,16.99
swob.co,unavailable
swobs.co,16.99
swoon.co,unavailable
swoons.co,unavailable
swoop.co,12958.35
swoops.co,unavailable
swoosh.co,unavailable
swop.co,unavailable
swops.co,unavailable
swore.co,unavailable
sworn.co,unavailable
swot.co,unavailable
swots.co,16.99
swound.co,16.99
swounds.co,16.99
swum.co,171.83
swung.co,unavailable
sync.co,unavailable
syncs.co,unavailable
ta'en.co,unavailable
tag.co,unavailable
tags.co,16523.46
taint.co,unavailable
taints.co,16.99
talc.co,unavailable
talcs.co,16.99
tallies.co,unavailable
tally.co,unavailable
tame.co,unavailable
tames.co,85.91
tamp.co,unavailable
tamps.co,unavailable
tan.co,unavailable
tans.co,unavailable
tar.co,unavailable
tare.co,unavailable
tares.co,unavailable
tars.co,unavailable
tart.co,26289.49
tarts.co,171.83
task.co,2282.38
tasks.co,unavailable
taste.co,26436.22
tastes.co,unavailable
tat.co,9914.8
tats.co,334.69
taught.co,unavailable
taunt.co,171.83
taunts.co,2245.87
taw.co,3958.26
taws.co,unavailable
tawse.co,165.23
teach.co,unavailable
tease.co,unavailable
tee.co,unavailable
teem.co,unavailable
teems.co,85.91
tees.co,3345.6
teeth.co,unavailable
teethe.co,16.99
teethes.co,16.99
temp.co,unavailable
temps.co,13214.81
tempt.co,unavailable
tempts.co,16.99
tend.co,unavailable
tends.co,171.83
tew.co,unavailable
tews.co,unavailable
thack.co,unavailable
thacks.co,16.99
thank.co,1718.43
thanks.co,26437.54
thaw.co,unavailable
thaws.co,16.99
thieve.co,unavailable
thieves.co,1968.11
thig.co,unavailable
thigs.co,unavailable
thin.co,19826.83
thins.co,85.91
thirl.co,16.99
thirls.co,16.99
thirst.co,unavailable
thirsts.co,16.99
thole.co,165.23
tholes.co,16.99
thrall.co,unavailable
thralls.co,16.99
thrash.co,unavailable
thraw.co,16.99
thraws.co,16.99
thread.co,unavailable
threads.co,13218.77
threap.co,16.99
threaps.co,16.99
threat.co,unavailable
threats.co,171.83
thresh.co,unavailable
threw.co,171.83
thrill.co,unavailable
thrills.co,unavailable
thrive.co,unavailable
thrives.co,unavailable
throb.co,unavailable
throbs.co,16.99
throne.co,unavailable
thrones.co,unavailable
throng.co,8444.15
throngs.co,16.99
throve.co,16.99
thrown.co,unavailable
thrum.co,171.83
thrums.co,16.99
thrust.co,unavailable
thrusts.co,16.99
thud.co,unavailable
thuds.co,171.83
thumb.co,unavailable
thumbs.co,unavailable
thump.co,unavailable
thumps.co,16.99
thwack.co,2627.89
thwacks.co,16.99
thwart.co,unavailable
thwarts.co,16.99
tie.co,39654.99
tier.co,unavailable
tiers.co,unavailable
ties.co,unavailable
tiff.co,unavailable
tiffs.co,85.91
tile.co,39654.99
tiled.co,unavailable
tiles.co,unavailable
till.co,unavailable
tills.co,unavailable
tinct.co,unavailable
tincts.co,16.99
ting.co,unavailable
tinge.co,unavailable
tings.co,unavailable
tint.co,unavailable
tints.co,unavailable
tip.co,unavailable
tips.co,3346.93
tire.co,unavailable
tired.co,unavailable
tires.co,unavailable
tithe.co,unavailable
tithes.co,12557.83
toast.co,unavailable
toasts.co,unavailable
toe.co,3345.6
toes.co,unavailable
tog.co,unavailable
togs.co,unavailable
toil.co,15714.47
toils.co,unavailable
told.co,unavailable
toll.co,unavailable
tolls.co,unavailable
tomb.co,unavailable
tombs.co,unavailable
tong.co,unavailable
tongs.co,1718.43
took.co,26289.49
tool.co,3345.6
tools.co,unavailable
toom.co,171.83
tooms.co,99.45
toot.co,unavailable
toots.co,unavailable
tope.co,unavailable
topes.co,16.99
torch.co,unavailable
tore.co,26289.49
tores.co,unavailable
torn.co,26289.49
toss.co,unavailable
tost.co,unavailable
tot.co,unavailable
tote.co,unavailable
totes.co,unavailable
tots.co,unavailable
tour.co,unavailable
tours.co,unavailable
touse.co,6477.2
tow.co,3346.93
tows.co,unavailable
traipse.co,unavailable
tramp.co,unavailable
tramps.co,3899.54
trance.co,26436.22
trap.co,unavailable
trapes.co,16.99
traps.co,unavailable
trawl.co,6593.52
trawls.co,16.99
tread.co,unavailable
treads.co,unavailable
treat.co,unavailable
treats.co,unavailable
treed.co,unavailable
trek.co,unavailable
treks.co,unavailable
trend.co,unavailable
trends.co,unavailable
tress.co,unavailable
trice.co,unavailable
trick.co,unavailable
tricks.co,unavailable
tried.co,669.39
tries.co,19828.16
trig.co,unavailable
trigs.co,unavailable
trill.co,unavailable
trills.co,unavailable
trim.co,unavailable
trims.co,unavailable
trip.co,unavailable
trips.co,unavailable
troat.co,165.23
troats.co,16.99
trod.co,unavailable
trode.co,16.99
trodes.co,unavailable
trog.co,171.83
trogs.co,16.99
troke.co,16.99
trokes.co,16.99
troll.co,unavailable
trolls.co,5723.73
trounce.co,unavailable
troupe.co,unavailable
troupes.co,unavailable
trow.co,171.83
trows.co,16.99
trudge.co,unavailable
trump.co,unavailable
trumps.co,unavailable
truss.co,unavailable
try.co,unavailable
tryst.co,unavailable
trysts.co,unavailable
tub.co,29742.23
tube.co,unavailable
tubes.co,unavailable
tubs.co,unavailable
tuft.co,unavailable
tufts.co,unavailable
tug.co,unavailable
tugs.co,unavailable
tun.co,3958.26
tune.co,unavailable
tunes.co,unavailable
tuns.co,171.83
tusk.co,92383.34
tusks.co,unavailable
tut.co,26436.22
tuts.co,unavailable
twang.co,unavailable
twangs.co,16.99
tweak.co,unavailable
tweaks.co,unavailable
tweet.co,unavailable
tweets.co,unavailable
tweeze.co,unavailable
twig.co,19762.6
twigs.co,unavailable
twill.co,unavailable
twills.co,unavailable
twin.co,unavailable
twine.co,unavailable
twines.co,2642.43
twinge.co,unavailable
twink.co,unavailable
twinks.co,5723.73
twinned.co,16.99
twins.co,unavailable
twirl.co,unavailable
twirls.co,unavailable
twirp.co,85.91
twirps.co,16.99
twist.co,3255.12
twists.co,unavailable
twit.co,unavailable
twitch.co,unavailable
twits.co,unavailable
urge.co,unavailable
use.co,unavailable
vail.co,unavailable
vails.co,85.91
vamp.co,unavailable
vamps.co,429.6
vault.co,unavailable
vaults.co,unavailable
vaunt.co,unavailable
vaunts.co,16.99
veep.co,unavailable
veeps.co,unavailable
veer.co,unavailable
veers.co,85.91
veil.co,unavailable
veils.co,unavailable
vein.co,unavailable
veins.co,unavailable
vend.co,unavailable
vends.co,unavailable
venge.co,171.83
vent.co,unavailable
vents.co,unavailable
verge.co,unavailable
verse.co,unavailable
vest.co,unavailable
vests.co,1718.43
vet.co,11896.88
vets.co,unavailable
vex.co,unavailable
vie.co,unavailable
vies.co,unavailable
vise.co,unavailable
voice.co,unavailable
void.co,unavailable
voids.co,1966.95
vote.co,unavailable
votes.co,unavailable
vouch.co,unavailable
vow.co,92383.34
vows.co,unavailable
waff.co,unavailable
waffs.co,16.99
waft.co,5155.32
wafts.co,16.99
wail.co,unavailable
wails.co,171.83
wait.co,unavailable
waits.co,unavailable
waive.co,6461.34
waives.co,unavailable
wale.co,unavailable
wales.co,unavailable
wane.co,unavailable
wanes.co,85.91
want.co,unavailable
wants.co,unavailable
wap.co,39654.99
waps.co,171.83
wark.co,171.83
warks.co,16.99
warn.co,unavailable
warns.co,171.83
warp.co,unavailable
warps.co,171.83
was.co,unavailable
waste.co,unavailable
wastes.co,unavailable
waught.co,16.99
waughts.co,16.99
wauk.co,171.83
wauks.co,16.99
waul.co,171.83
wauls.co,16.99
waved.co,171.83
wawl.co,171.83
wawls.co,16.99
wean.co,unavailable
weans.co,16.99
wear.co,unavailable
wears.co,5723.73
weave.co,unavailable
weaves.co,unavailable
wed.co,12424.32
wedge.co,unavailable
wedged.co,16.99
weds.co,unavailable
wee.co,unavailable
ween.co,unavailable
weens.co,6477.2
weep.co,659.62
weeps.co,85.91
wees.co,171.83
weigh.co,unavailable
weighs.co,unavailable
well.co,unavailable
wells.co,unavailable
welt.co,unavailable
welts.co,85.91
wench.co,171.83
went.co,3817.58
wept.co,171.83
were.co,unavailable
wert.co,unavailable
whack.co,unavailable
whacks.co,16.99
wham.co,unavailable
whams.co,16.99
whang.co,85.91
whangs.co,16.99
whap.co,unavailable
whaps.co,16.99
wharf.co,unavailable
wharfs.co,16.99
wheeze.co,2627.89
whelk.co,85.91
whelks.co,16.99
whelm.co,unavailable
whelms.co,16.99
whelp.co,171.83
whelps.co,16.99
whet.co,unavailable
whets.co,16.99
whiff.co,32898.88
whiffs.co,unavailable
whine.co,171.83
whines.co,16.99
whinge.co,unavailable
whir.co,unavailable
whirl.co,unavailable
whirls.co,unavailable
whirr.co,85.91
whirrs.co,16.99
whirs.co,16.99
whish.co,171.83
whisk.co,unavailable
whisks.co,unavailable
whist.co,171.83
whists.co,16.99
whiz.co,3817.58
whizz.co,unavailable
whoop.co,unavailable
whoops.co,6582.95
whoosh.co,unavailable
whop.co,unavailable
whops.co,16.99
whore.co,unavailable
whores.co,unavailable
wield.co,unavailable
wields.co,16.99
wile.co,unavailable
wiles.co,unavailable
will.co,3345.6
wills.co,unavailable
wilt.co,unavailable
wilts.co,85.91
wince.co,1718.43
winch.co,unavailable
wink.co,unavailable
winks.co,unavailable
wipe.co,unavailable
wipes.co,unavailable
wisp.co,unavailable
wisps.co,85.91
wist.co,4889.62
wit.co,unavailable
withe.co,165.23
withes.co,16.99
wits.co,unavailable
wive.co,171.83
wives.co,unavailable
woke.co,unavailable
won.co,unavailable
wons.co,171.83
wont.co,6593.52
wonts.co,16.99
woo.co,unavailable
woof.co,unavailable
woofs.co,171.83
woos.co,unavailable
woosh.co,unavailable
wore.co,8444.15
worn.co,1968.11
worst.co,unavailable
worsts.co,16.99
wot.co,137.72
wots.co,unavailable
would.co,unavailable
wound.co,668.6
wounds.co,unavailable
wow.co,unavailable
wows.co,unavailable
wrack.co,171.83
wracks.co,16.99
wrap.co,unavailable
wrapped.co,4626.57
wraps.co,unavailable
wreak.co,171.83
wreaks.co,16.99
wreath.co,unavailable
wreathe.co,16.99
wreathes.co,16.99
wreaths.co,unavailable
wreck.co,unavailable
wrecks.co,unavailable
wrench.co,unavailable
wrest.co,unavailable
wrests.co,16.99
wrick.co,165.23
wricks.co,16.99
wring.co,171.83
wrings.co,16.99
write.co,unavailable
writes.co,unavailable
writhe.co,unavailable
writhes.co,16.99
wrote.co,669.39
wrung.co,171.83
wyte.co,unavailable
wytes.co,16.99
yacht.co,unavailable
yachts.co,unavailable
yack.co,unavailable
yacks.co,16.99
yaff.co,171.83
yaffs.co,unavailable
yarn.co,unavailable
yarns.co,unavailable
yaup.co,171.83
yaw.co,unavailable
yawl.co,unavailable
yawls.co,16.99
yawn.co,unavailable
yawns.co,171.83
yawp.co,unavailable
yawps.co,16.99
yaws.co,171.83
yean.co,unavailable
yeans.co,16.99
yearn.co,unavailable
yearns.co,unavailable
yeast.co,unavailable
yeasts.co,16.99
yell.co,19826.83
yells.co,171.83
yelp.co,unavailable
yelps.co,171.83
yen.co,unavailable
yens.co,171.83
yeuk.co,171.83
yeuks.co,16.99
yield.co,unavailable
yields.co,unavailable
yike.co,unavailable
yikes.co,unavailable
yip.co,unavailable
yips.co,unavailable
yoke.co,unavailable
yokes.co,85.91
yowl.co,171.83
yowls.co,16.99
zap.co,unavailable
zaps.co,unavailable
zest.co,unavailable
zests.co,unavailable
zing.co,unavailable
zings.co,85.91
zip.co,unavailable
zips.co,unavailable
zoom.co,unavailable
zooms.co,unavailable
.co,unavailable
